k1,n_shared,shared_jaccard,rho,tau,semis_a,semis_b
A,5,0.10638297872340426,0.4,0.4,3,13
ABA,4,0.21052631578947367,0.0,0.0,0,18
ABAsa,5,0.21739130434782608,0.4,0.4,1,5
ABIra,3,0.15,1.0,1.0,0,2
ABoga,3,0.11538461538461539,1.0,1.0,0,3
ADAna,4,0.16,0.6,0.3333,2,6
ADAra,7,0.22580645161290322,0.6786,0.5238,1,5
ADeya,3,0.25,1.0,1.0,2,1
ADi,3,0.12,1.0,1.0,0,4
ADipatya,5,0.21739130434782608,1.0,1.0,0,8
AGAta,5,0.2777777777777778,0.9,0.8,0,1
AKewaka,3,0.5,1.0,1.0,0,2
AKyA,5,0.2,0.7,0.6,1,11
AKyAna,3,0.17647058823529413,-0.5,-0.3333,0,4
ANgirasa,3,0.13043478260869565,1.0,1.0,0,3
ASA,9,0.21951219512195122,0.0833,0.1111,4,12
ASaMsA,3,0.375,1.0,1.0,0,3
ASaNkin,4,0.5,0.8,0.6667,0,2
ASaya,8,0.23529411764705882,0.8571,0.7857,4,8
AScarya,4,0.19047619047619047,1.0,1.0,0,5
ASis,5,0.16129032258064516,0.9,0.8,0,7
ASleza,3,0.15789473684210525,1.0,1.0,0,3
ASrama,5,0.19230769230769232,0.9,0.8,0,11
ASraya,6,0.15,0.9429,0.8667,3,9
ASrayin,4,0.4,1.0,1.0,0,4
ASu,5,0.1724137931034483,0.9,0.8,1,8
ASuga,4,0.3333333333333333,-0.2,0.0,1,3
ASvAsa,3,0.3333333333333333,1.0,1.0,0,0
ASvAsana,4,0.5714285714285714,0.2,0.0,0,4
ASvina,3,0.14285714285714285,-0.5,-0.3333,0,4
AYjana,3,0.23076923076923078,1.0,1.0,0,2
AcAra,3,0.12,1.0,1.0,2,1
Acita,3,0.15789473684210525,1.0,1.0,0,1
AdAna,4,0.16666666666666666,0.6,0.3333,0,0
AdarSa,3,0.1,1.0,1.0,2,3
Adara,3,0.15789473684210525,1.0,1.0,0,3
AdeSa,5,0.1388888888888889,0.4,0.4,0,12
Aditya,4,0.0851063829787234,0.4,0.3333,7,14
Adya,5,0.17857142857142858,0.7,0.6,1,4
AgAmin,3,0.3,0.5,0.3333,0,1
Agama,7,0.1206896551724138,0.75,0.619,3,7
Agamana,4,0.2857142857142857,0.4,0.3333,1,1
Agantu,3,0.17647058823529413,0.5,0.3333,1,4
Agantuka,4,0.36363636363636365,-1.0,-1.0,0,1
Agneya,4,0.12903225806451613,0.8,0.6667,0,2
AgrayaRa,3,0.13043478260869565,1.0,1.0,0,2
AhAra,5,0.18518518518518517,0.7,0.6,2,5
Ahava,3,0.15789473684210525,-1.0,-1.0,1,4
Ahuka,3,0.6,1.0,1.0,0,2
Ahuti,4,0.21052631578947367,1.0,1.0,0,7
AhvAna,5,0.29411764705882354,1.0,1.0,0,3
Ahvaya,3,0.3,0.5,0.3333,2,3
Aji,4,0.13793103448275862,1.0,1.0,0,8
AkANkzin,3,0.75,-0.5,-0.3333,1,2
AkAra,3,0.15,0.5,0.3333,0,2
Akara,5,0.20833333333333334,0.9,0.8,0,4
AkarzaRa,3,0.16666666666666666,1.0,1.0,0,3
AkrIqa,3,0.5,1.0,1.0,0,1
AkramaRa,4,0.4,1.0,1.0,0,1
Akranda,5,0.2631578947368421,0.9,0.8,2,4
AkroSa,3,0.25,1.0,1.0,0,3
Akulatva,3,0.75,-1.0,-1.0,0,1
Akzepa,5,0.19230769230769232,0.9,0.8,0,5
AlApa,4,0.21052631578947367,0.8,0.6667,0,3
Ala,3,0.6,1.0,1.0,0,1
Alakzya,3,0.42857142857142855,1.0,1.0,0,4
AlamBa,3,0.21428571428571427,1.0,1.0,0,6
Alamba,3,0.23076923076923078,1.0,1.0,0,2
Alambana,4,0.26666666666666666,1.0,1.0,1,2
Alambin,4,0.4,0.8,0.6667,0,2
Alasya,3,0.17647058823529413,0.5,0.3333,0,3
Alaya,3,0.15789473684210525,1.0,1.0,0,2
AliNg,4,0.2,-0.4,-0.3333,0,5
AliNgana,3,0.3,0.5,0.3333,0,2
Aloka,6,0.25,0.8286,0.7333,0,5
Alokana,4,0.36363636363636365,1.0,1.0,1,4
Alola,4,0.5714285714285714,0.8,0.6667,0,4
AmASaya,3,0.75,0.5,0.3333,1,2
Ama,4,0.13793103448275862,0.8,0.6667,3,9
AmantraRa,4,0.2222222222222222,1.0,1.0,0,3
AmikzA,3,0.25,0.5,0.3333,0,3
Amiza,5,0.21739130434782608,1.0,1.0,0,7
Amoda,4,0.19047619047619047,1.0,1.0,0,4
AmrAtaka,3,0.42857142857142855,1.0,1.0,0,2
Amra,3,0.15789473684210525,-0.5,-0.3333,0,5
Ananda,6,0.13636363636363635,0.9429,0.8667,1,4
AnfRya,4,0.4444444444444444,1.0,1.0,1,4
Antarikza,4,0.4444444444444444,1.0,1.0,0,4
AnukUlya,3,0.2727272727272727,-1.0,-1.0,0,2
Ap,4,0.044444444444444446,0.8,0.6667,20,20
ApAta,3,0.1111111111111111,1.0,1.0,1,3
ApIqa,4,0.4,1.0,1.0,0,2
ApaRa,3,0.3333333333333333,1.0,1.0,1,2
Apad,4,0.16666666666666666,-0.2,0.0,0,23
ApagA,3,0.2727272727272727,1.0,1.0,1,3
Apti,4,0.23529411764705882,0.8,0.6667,0,4
Aqambara,4,0.125,0.6,0.3333,1,5
ArADana,3,0.1875,1.0,1.0,1,4
ArADya,3,0.3,1.0,1.0,0,3
ArAma,7,0.28,1.0,1.0,0,8
ArAt,5,0.22727272727272727,1.0,1.0,3,8
Ara,3,0.14285714285714285,-0.5,-0.3333,1,0
AramBa,3,0.09090909090909091,1.0,1.0,1,4
Ardra,11,0.2391304347826087,0.9909,0.9636,3,13
ArdradAnu,3,1.0,-0.5,-0.3333,0,2
Arjava,5,0.2777777777777778,-0.5,-0.2,0,5
AroQavya,3,1.0,1.0,1.0,0,2
Arogya,3,0.1875,1.0,1.0,0,5
Aroha,3,0.125,1.0,1.0,1,5
AropaRa,4,0.5714285714285714,0.8,0.6667,1,2
Arta,3,0.13636363636363635,1.0,1.0,0,6
Artava,7,0.28,0.9643,0.9048,1,8
Arti,4,0.19047619047619047,0.8,0.6667,1,6
Arurukzu,3,0.75,1.0,1.0,0,3
Arya,7,0.17073170731707318,0.8571,0.7143,10,10
Aryaka,3,0.2727272727272727,1.0,1.0,0,0
AryamiSra,3,0.6,0.5,0.3333,0,2
Arza,5,0.2777777777777778,0.9,0.8,1,6
As,8,0.10126582278481013,0.2381,0.2143,26,40
AsAra,5,0.29411764705882354,0.9,0.8,0,4
AsPAlana,3,0.25,0.5,0.3333,0,4
AsPowana,3,0.3,0.5,0.3333,0,2
AsTA,3,0.0967741935483871,-0.5,-0.3333,0,33
AsTAna,3,0.21428571428571427,1.0,1.0,0,3
Asava,7,0.3181818181818182,0.1071,0.1429,4,4
Askanda,4,0.5,1.0,1.0,0,1
Aspada,3,0.10714285714285714,1.0,1.0,1,4
AstaraRa,3,0.2,1.0,1.0,0,4
Astika,3,0.23076923076923078,1.0,1.0,0,2
Asura,5,0.13157894736842105,1.0,1.0,1,10
AsvAda,6,0.375,0.9429,0.8667,1,5
Asya,5,0.19230769230769232,0.9,0.8,1,4
AtaNka,4,0.23529411764705882,0.8,0.6667,0,1
Atmaja,3,0.14285714285714285,-1.0,-1.0,0,1
Atman,5,0.1,0.9,0.8,4,18
Atura,3,0.13636363636363635,1.0,1.0,0,3
AvAsa,4,0.36363636363636365,1.0,1.0,0,3
Avaha,4,0.19047619047619047,1.0,1.0,1,3
Avali,3,0.1875,1.0,1.0,0,3
Avantya,3,0.375,1.0,1.0,0,1
AvaraRa,4,0.14285714285714285,1.0,1.0,0,10
Avarta,6,0.21428571428571427,0.8286,0.7333,2,7
AvasaTa,5,0.23809523809523808,1.0,1.0,0,6
Avft,3,0.1111111111111111,1.0,1.0,3,33
Avftti,4,0.18181818181818182,1.0,1.0,3,4
Avika,3,0.2,1.0,1.0,0,7
Avila,3,0.23076923076923078,1.0,1.0,0,3
Awavika,3,0.42857142857142855,1.0,1.0,0,1
Awopa,4,0.3333333333333333,1.0,1.0,1,1
AyAma,5,0.22727272727272727,1.0,1.0,0,6
AyAsa,6,0.2727272727272727,0.6571,0.6,0,7
AyAti,3,0.6,1.0,1.0,0,2
Aya,3,0.12,1.0,1.0,1,5
Ayana,3,0.6,0.5,0.3333,0,2
Ayasa,3,0.14285714285714285,0.5,0.3333,0,5
Ayatana,5,0.11627906976744186,0.7,0.6,0,10
Ayati,5,0.21739130434782608,0.4,0.4,0,4
AyoDana,3,0.42857142857142855,1.0,1.0,0,2
Ayoga,3,0.375,0.5,0.3333,1,2
Ayu,4,0.16666666666666666,1.0,1.0,5,12
AyuDa,6,0.24,0.9429,0.8667,1,8
AyuDin,3,0.75,1.0,1.0,1,2
Ayurveda,3,0.2727272727272727,1.0,1.0,8,10
Ayus,7,0.18421052631578946,-0.3929,-0.2381,1,10
Ayuzya,5,0.3125,1.0,1.0,1,7
AzAQa,4,0.14814814814814814,1.0,1.0,1,4
BA,8,0.08888888888888889,0.0952,0.1429,19,21
BARqAgAra,3,0.3,1.0,1.0,0,1
BARqIra,3,0.42857142857142855,1.0,1.0,1,1
BARqa,4,0.1111111111111111,0.4,0.3333,1,4
BAga,4,0.0784313725490196,-0.4,-0.3333,1,7
BAgavata,3,0.1875,1.0,1.0,0,2
BAgya,4,0.12903225806451613,1.0,1.0,4,2
BAj,5,0.14285714285714285,1.0,1.0,1,5
BAnu,3,0.07142857142857142,1.0,1.0,1,3
BAra,4,0.09523809523809523,-0.2,0.0,2,4
BAradvAja,3,0.10344827586206896,0.5,0.3333,1,4
BArga,3,0.3,1.0,1.0,0,0
BArgava,3,0.0625,0.5,0.3333,0,9
BArin,3,0.3,1.0,1.0,0,3
BAs,5,0.07142857142857142,0.6,0.4,1,9
BAsa,4,0.0975609756097561,0.4,0.3333,0,7
BAva,7,0.08641975308641975,0.75,0.619,9,28
BAvana,8,0.15384615384615385,0.2619,0.3571,7,11
BAvin,6,0.16216216216216217,0.8286,0.7333,0,3
BAvya,4,0.12121212121212122,0.8,0.6667,1,3
BAz,8,0.1095890410958904,0.4524,0.3571,3,16
BAzA,4,0.12903225806451613,0.6,0.3333,0,5
BAzaRa,3,0.15789473684210525,0.5,0.3333,0,2
BAzya,3,0.10344827586206896,1.0,1.0,0,3
BErava,4,0.1,0.8,0.6667,1,4
BEzajya,3,0.15789473684210525,1.0,1.0,0,1
BI,6,0.10526315789473684,0.9429,0.8667,11,30
BIma,3,0.05357142857142857,1.0,1.0,0,7
BImasena,3,0.15789473684210525,1.0,1.0,0,4
BIzaRaka,3,1.0,1.0,1.0,0,2
BOma,4,0.08163265306122448,0.8,0.6667,3,6
BU,20,0.12738853503184713,0.3368,0.2526,30,92
BUBuj,3,0.375,1.0,1.0,0,2
BUDara,4,0.17391304347826086,1.0,1.0,0,2
BUcara,3,0.5,1.0,1.0,1,2
BUmi,5,0.078125,-0.1,0.0,2,5
BUmiBAga,3,0.3,-0.5,-0.3333,0,2
BUmiDara,3,0.42857142857142855,1.0,1.0,0,1
BUmicala,4,0.6666666666666666,1.0,1.0,0,5
BUmikA,7,0.2413793103448276,0.9286,0.8095,1,5
BUmikampana,3,1.0,0.5,0.3333,0,2
BUmipAla,3,0.5,1.0,1.0,0,2
BUmizWa,3,0.25,1.0,1.0,0,3
BUpati,5,0.18518518518518517,0.9,0.8,1,5
BUridyumna,3,0.42857142857142855,1.0,1.0,1,3
BUstfRa,3,0.5,1.0,1.0,0,4
BUtAtman,4,0.21052631578947367,0.8,0.6667,0,2
BUta,7,0.08433734939759036,0.0357,0.0476,8,11
BUti,6,0.1111111111111111,-0.3143,-0.2,6,2
BUzaRa,3,0.10714285714285714,1.0,1.0,0,4
BaNga,9,0.15789473684210525,0.7167,0.5556,3,6
BaNgi,3,0.08333333333333333,1.0,1.0,0,16
BaR,6,0.3333333333333333,0.9429,0.8667,1,10
BaYj,7,0.14893617021276595,0.4286,0.3333,3,17
BaYjana,6,0.46153846153846156,0.8286,0.7333,0,3
Badra,6,0.07228915662650602,0.6571,0.4667,8,9
Badraka,3,0.12,0.5,0.3333,0,2
BagIraTa,3,0.1875,1.0,1.0,0,5
Baga,3,0.05357142857142857,1.0,1.0,6,20
Baj,8,0.08888888888888889,0.4524,0.4286,21,41
Bakti,8,0.13114754098360656,-0.119,-0.1429,6,8
Bakz,6,0.11538461538461539,0.3714,0.3333,5,15
BakzaRa,3,0.13636363636363635,0.5,0.3333,1,3
Bakzin,3,0.5,-0.5,-0.3333,0,3
Bandana,3,0.6,1.0,1.0,1,1
Bara,4,0.125,0.8,0.6667,6,4
BaraRIya,3,0.375,1.0,1.0,0,2
Barata,8,0.15384615384615385,0.7381,0.6429,5,7
Barga,4,0.13793103448275862,1.0,1.0,0,3
Barts,3,0.125,0.5,0.3333,6,5
Basad,3,0.125,1.0,1.0,3,11
Bava,6,0.0821917808219178,1.0,1.0,6,9
Bavya,8,0.16326530612244897,0.2143,0.2143,9,6
BayaMkara,3,0.16666666666666666,1.0,1.0,0,3
Beda,7,0.10144927536231885,0.9643,0.9048,8,18
Bedaka,5,0.3125,0.7,0.6,0,3
Bedana,6,0.20689655172413793,1.0,1.0,1,6
Bedin,7,0.3181818181818182,0.75,0.619,0,3
Bedya,3,0.15,1.0,1.0,2,2
BfNgAra,3,0.15789473684210525,1.0,1.0,0,2
BfNgarAja,3,0.1875,1.0,1.0,1,4
Bfgu,6,0.09836065573770492,1.0,1.0,6,20
BfgutuNga,3,0.75,-0.5,-0.3333,0,3
Bid,10,0.09615384615384616,0.4667,0.3333,15,58
Bikz,3,0.11538461538461539,0.5,0.3333,0,6
Boga,7,0.10294117647058823,0.3214,0.3333,8,8
Bogin,3,0.08333333333333333,1.0,1.0,0,5
Bogya,3,0.09375,1.0,1.0,2,1
Boja,4,0.12121212121212122,0.8,0.6667,3,5
Bojana,4,0.09523809523809523,1.0,1.0,1,5
BojyA,3,0.375,1.0,1.0,0,3
Bojya,5,0.1388888888888889,0.7,0.6,4,9
Boktavya,3,0.25,1.0,1.0,0,2
BrAj,5,0.18518518518518517,0.3,0.2,6,19
BrAja,4,0.21052631578947367,0.8,0.6667,0,2
BrAjizRu,3,0.2727272727272727,0.5,0.3333,0,3
BrAnti,3,0.08823529411764706,1.0,1.0,1,3
BrAtfvya,3,0.14285714285714285,1.0,1.0,0,5
BraMS,5,0.0847457627118644,0.7,0.6,6,28
BraMSa,3,0.125,1.0,1.0,2,2
Brajj,4,0.14814814814814814,0.8,0.6667,2,17
Bram,10,0.125,0.7091,0.6444,8,42
Brama,7,0.16666666666666666,0.9643,0.9048,1,4
BramaRa,6,0.21428571428571427,1.0,1.0,1,4
Brez,4,0.5,0.4,0.3333,1,4
Buj,9,0.08823529411764706,0.2167,0.1667,15,49
BujaMga,4,0.16,0.8,0.6667,0,2
Bukta,5,0.35714285714285715,0.4,0.4,0,2
Bukti,3,0.16666666666666666,1.0,1.0,1,4
Burij,3,0.21428571428571427,-0.5,-0.3333,2,3
Buvana,6,0.14285714285714285,0.9429,0.8667,2,2
Buvas,3,0.11538461538461539,0.5,0.3333,1,2
CAdana,5,0.35714285714285715,0.9,0.8,0,4
CAga,3,0.13043478260869565,1.0,1.0,0,5
CAgala,5,0.35714285714285715,0.4,0.4,1,4
CAndasa,4,0.2,0.8,0.6667,0,4
CAttra,3,0.2727272727272727,1.0,1.0,2,3
CAya,3,0.05660377358490566,1.0,1.0,1,4
Cad,8,0.10666666666666667,0.7143,0.5,11,39
Cada,4,0.26666666666666666,0.8,0.6667,0,4
Cadana,4,0.4,1.0,1.0,0,1
Cadis,6,0.3,1.0,1.0,2,9
Cadman,6,0.25,0.8857,0.7333,1,5
Cala,5,0.13157894736842105,0.6,0.4,2,7
Calana,3,0.75,0.5,0.3333,0,1
Canda,4,0.1111111111111111,1.0,1.0,3,3
Candas,9,0.18,0.9333,0.8333,2,19
Cattra,3,0.06976744186046512,1.0,1.0,1,10
Cattrin,3,0.42857142857142855,1.0,1.0,1,2
Cavi,8,0.26666666666666666,0.9048,0.7857,0,7
CawA,6,0.5,0.4857,0.3333,0,8
Ceda,6,0.15384615384615385,0.8286,0.7333,3,8
Cedya,4,0.5,0.4,0.3333,1,5
Cid,9,0.09473684210526316,0.5833,0.4444,13,41
Cidra,8,0.22857142857142856,0.8571,0.7857,2,10
CowikA,3,0.6,-0.5,-0.3333,0,3
Cur,3,0.12,0.5,0.3333,0,5
DA,9,0.05625,0.0,0.0556,117,100
DAman,5,0.09803921568627451,0.8,0.6,9,14
DArA,5,0.08196721311475409,0.7,0.6,2,10
DAraRa,6,0.09090909090909091,0.7143,0.6,4,8
DArya,3,0.1875,1.0,1.0,0,2
DAtrI,4,0.16,0.4,0.3333,1,4
DAtu,8,0.13333333333333333,1.0,1.0,12,14
DAv,9,0.1232876712328767,0.55,0.4444,10,26
DAvana,4,0.2857142857142857,1.0,1.0,0,2
DErya,3,0.10344827586206896,-0.5,-0.3333,2,2
DI,3,0.06382978723404255,-0.5,-0.3333,13,9
DIra,4,0.06557377049180328,-0.4,-0.3333,4,4
DOmya,3,0.25,1.0,1.0,0,2
DU,6,0.06315789473684211,0.5429,0.3333,21,34
DUmaketu,3,0.13636363636363635,1.0,1.0,2,3
DUmra,5,0.17857142857142858,0.1,0.0,1,1
DUmravarRa,3,0.3333333333333333,1.0,1.0,0,1
DUpa,3,0.16666666666666666,1.0,1.0,0,4
DUrjawi,3,0.2727272727272727,1.0,1.0,0,2
DUrv,3,0.21428571428571427,1.0,1.0,1,5
Damani,3,0.12,1.0,1.0,2,3
Dammilla,3,0.2727272727272727,1.0,1.0,0,1
DanADyakza,3,0.3,1.0,1.0,0,1
Dana,3,0.08333333333333333,1.0,1.0,3,4
DanaMjaya,8,0.23529411764705882,0.9286,0.8571,2,5
Danada,3,0.1111111111111111,1.0,1.0,0,1
Danadatta,3,0.75,1.0,1.0,0,2
Danus,3,0.07894736842105263,-0.5,-0.3333,1,3
Danvantari,5,0.20833333333333334,0.9,0.8,1,6
DaraRIDara,3,0.11538461538461539,1.0,1.0,1,1
DaraRa,4,0.0975609756097561,1.0,1.0,2,5
DaritrI,3,0.16666666666666666,1.0,1.0,0,4
Darma,6,0.07407407407407407,0.6,0.4667,6,13
DarmacArin,3,0.3,1.0,1.0,0,1
Darmacakra,3,0.2727272727272727,1.0,1.0,0,3
Darman,5,0.23809523809523808,1.0,1.0,4,7
Darmanetra,3,0.3333333333333333,1.0,1.0,0,2
DarmarAja,3,0.21428571428571427,0.5,0.3333,0,3
Darmasetu,3,0.42857142857142855,-0.5,-0.3333,0,2
Darmin,6,0.1875,0.8286,0.7333,3,6
DarzaRIya,3,0.5,1.0,1.0,0,2
Dava,6,0.2857142857142857,1.0,1.0,0,4
Denuka,3,0.14285714285714285,-0.5,-0.3333,2,2
DftarAzwra,5,0.18518518518518517,0.9,0.8,2,3
Dftavrata,3,0.23076923076923078,1.0,1.0,0,4
Dfti,3,0.046875,1.0,1.0,7,9
DfzRu,4,0.2857142857142857,0.4,0.3333,1,4
Dfzwaketu,4,0.4444444444444444,1.0,1.0,0,2
Dfzwi,3,0.25,0.5,0.3333,2,1
Diz,3,0.6,0.5,0.3333,0,2
DizRya,4,0.10256410256410256,0.4,0.3333,7,9
Dru,3,0.6,1.0,1.0,1,3
Druva,5,0.05319148936170213,0.6,0.4,10,14
DunDu,4,0.6666666666666666,0.8,0.6667,0,3
DunDumAra,4,0.3076923076923077,1.0,1.0,0,1
DuraMDara,4,0.21052631578947367,0.8,0.6667,1,3
Durya,4,0.16,-0.4,-0.3333,2,2
DvaMs,8,0.16666666666666666,0.9762,0.9286,8,18
DvaMsana,3,0.42857142857142855,1.0,1.0,0,1
Dvaja,3,0.0967741935483871,1.0,1.0,4,4
Dvajin,3,0.2,0.5,0.3333,1,1
ESvara,3,0.42857142857142855,1.0,1.0,1,3
Ekamatya,3,0.5,0.5,0.3333,0,2
Ekya,3,0.21428571428571427,1.0,1.0,1,2
EndrAgna,4,0.36363636363636365,1.0,1.0,0,4
Endra,4,0.1111111111111111,0.8,0.6667,1,4
EndrajAlika,3,0.5,1.0,1.0,0,1
Endri,3,0.42857142857142855,1.0,1.0,0,0
ErAvaRa,3,0.42857142857142855,-0.5,-0.3333,0,2
ErAvata,8,0.25,0.9048,0.7857,1,8
EzIka,3,0.42857142857142855,1.0,1.0,1,1
GAsa,5,0.4166666666666667,0.7,0.6,0,4
GAta,3,0.11538461538461539,0.5,0.3333,1,5
GAtana,3,0.2727272727272727,1.0,1.0,0,2
GAtin,3,0.2,0.5,0.3333,1,3
GUrR,5,0.2,0.7,0.6,0,5
GaRwa,3,0.15789473684210525,1.0,1.0,2,2
GanAGana,4,0.19047619047619047,0.8,0.6667,0,4
GanIBUta,3,1.0,-1.0,-1.0,0,2
Gana,10,0.1694915254237288,0.6364,0.5111,4,17
GarmAnta,3,0.6,1.0,1.0,0,2
Garma,6,0.17142857142857143,0.6571,0.6,4,18
Gas,5,0.2777777777777778,0.9,0.8,9,22
Gasmara,3,0.17647058823529413,0.5,0.3333,0,4
Gaw,14,0.2916666666666667,0.3187,0.2747,5,37
Gawa,3,0.06521739130434782,1.0,1.0,3,4
Gawaka,3,0.2727272727272727,1.0,1.0,2,0
Gawana,3,0.2,1.0,1.0,1,2
Gawodara,4,0.8,-0.2,0.0,0,0
Gaww,4,0.12903225806451613,0.6,0.3333,2,7
Gawwana,3,0.3333333333333333,1.0,1.0,1,2
GfRi,3,0.125,0.5,0.3333,3,1
GfRin,3,0.25,1.0,1.0,1,5
GftAcI,5,0.23809523809523808,0.9,0.8,2,7
Gfta,5,0.16666666666666666,0.2,0.2,2,3
Gna,6,0.4,0.6,0.4667,1,10
GoRA,4,0.4444444444444444,-0.8,-0.6667,0,4
Gora,6,0.13043478260869565,0.2571,0.2,3,14
Goza,10,0.18518518518518517,0.6121,0.5111,0,12
Gozin,3,0.3,1.0,1.0,1,3
GrA,5,0.10869565217391304,0.6,0.4,2,14
IS,6,0.24,1.0,1.0,16,20
ISAna,3,0.11538461538461539,1.0,1.0,1,7
ISa,3,0.10714285714285714,0.5,0.3333,3,6
ISvara,7,0.13725490196078433,0.9643,0.9048,2,10
IdfS,4,0.25,1.0,1.0,1,5
Ih,4,0.14285714285714285,0.0,0.0,8,8
IhA,3,0.2,0.5,0.3333,0,4
IhAmfga,3,0.3,1.0,1.0,0,1
Ikz,4,0.043478260869565216,1.0,1.0,17,13
IkzaRa,4,0.16,1.0,1.0,0,7
Ipsu,3,0.3333333333333333,0.5,0.3333,1,3
Iq,3,0.2,-1.0,-1.0,6,6
Ir,7,0.14893617021276595,0.2143,0.3333,28,19
Irzy,3,0.5,-0.5,-0.3333,0,3
IrzyA,3,0.2,1.0,1.0,0,3
Iti,3,0.23076923076923078,0.5,0.3333,0,2
JarJara,3,0.1875,1.0,1.0,1,3
KARqava,4,0.3333333333333333,1.0,1.0,0,5
KAd,5,0.13157894736842105,-0.1,0.0,2,10
KAdya,3,0.75,0.5,0.3333,1,2
Ka,3,0.075,0.5,0.3333,1,10
KaRqa,7,0.11290322580645161,0.3214,0.2381,3,10
KaRqaSas,3,0.5,-0.5,-0.3333,0,2
KaRqaka,4,0.2857142857142857,-0.4,-0.3333,0,1
KaRqana,8,0.5714285714285714,0.5476,0.5,0,6
KaYj,3,0.75,1.0,1.0,0,3
KaYjarIwa,3,0.6,1.0,1.0,1,2
Kacara,4,0.26666666666666666,1.0,1.0,0,3
Kaja,3,0.3,0.5,0.3333,1,1
Kala,7,0.1891891891891892,0.9286,0.8095,2,6
Kalati,4,0.2222222222222222,1.0,1.0,0,5
Kalu,3,0.07692307692307693,-1.0,-1.0,2,13
Kalva,3,0.375,1.0,1.0,0,4
Kan,8,0.1951219512195122,0.0714,0.0714,6,20
Kani,4,0.3076923076923077,1.0,1.0,0,3
Kaqgin,3,0.2727272727272727,1.0,1.0,0,4
Kara,6,0.14285714285714285,0.4286,0.2,5,12
KarjUra,4,0.21052631578947367,0.8,0.6667,0,2
KawvA,3,0.2,-0.5,-0.3333,1,1
KawvANga,5,0.20833333333333334,-0.9,-0.8,1,4
Kecara,3,0.15,0.5,0.3333,2,3
Keda,3,0.17647058823529413,1.0,1.0,1,0
Kel,5,0.625,0.6,0.4,0,4
Kid,8,0.17777777777777778,0.9048,0.7857,6,12
Kila,3,0.0967741935483871,1.0,1.0,1,6
KyA,7,0.0958904109589041,0.8571,0.7143,12,11
KyAti,6,0.3333333333333333,-0.0286,-0.0667,0,9
Ocitya,3,0.3333333333333333,0.5,0.3333,0,3
OdArya,3,0.2,-0.5,-0.3333,0,2
OdBida,3,0.6,-0.5,-0.3333,1,1
Odaka,3,0.3333333333333333,-0.5,-0.3333,0,3
Odumbara,5,0.1388888888888889,1.0,1.0,1,5
Ojjvalya,3,0.5,0.5,0.3333,0,2
OrDvadehika,3,0.21428571428571427,1.0,1.0,2,3
Orasa,4,0.18181818181818182,0.8,0.6667,1,3
Orva,4,0.15384615384615385,1.0,1.0,0,10
Otsukya,7,0.4375,0.75,0.619,1,4
Ozwrika,3,0.75,1.0,1.0,0,0
PARita,3,0.1875,-0.5,-0.3333,2,5
PARwa,3,0.16666666666666666,1.0,1.0,0,2
PAla,5,0.20833333333333334,1.0,1.0,0,4
PAlakfzwa,3,0.3333333333333333,1.0,1.0,0,3
PAlguna,3,0.08333333333333333,1.0,1.0,1,5
PaR,4,0.25,0.6,0.3333,1,4
PaRa,3,0.11538461538461539,1.0,1.0,0,1
Pal,6,0.15789473684210525,0.8286,0.7333,1,23
Pala,6,0.10714285714285714,-0.3143,-0.2,2,8
Palaka,6,0.12,0.7714,0.6,3,7
Palgu,3,0.1,1.0,1.0,1,2
Palin,3,0.15,-0.5,-0.3333,0,0
Perava,3,0.2727272727272727,-0.5,-0.3333,0,2
Pulla,3,0.11538461538461539,1.0,1.0,0,2
SAKin,4,0.16,0.8,0.6667,1,6
SASvata,3,0.07894736842105263,0.5,0.3333,1,0
SAkala,5,0.16129032258064516,1.0,1.0,2,4
SAkvara,5,0.25,1.0,1.0,1,3
SAlakawaNkawa,3,0.6,0.5,0.3333,0,0
SAlivAha,3,0.75,0.5,0.3333,0,2
SAnta,7,0.11290322580645161,0.5714,0.4286,1,8
SAnti,7,0.1320754716981132,0.6429,0.5238,3,6
SArNga,5,0.22727272727272727,1.0,1.0,0,2
SArdUla,3,0.1111111111111111,1.0,1.0,0,2
SAri,3,0.09375,-1.0,-1.0,1,2
SAs,4,0.0547945205479452,0.8,0.6667,9,27
SAsana,4,0.09302325581395349,-0.8,-0.6667,1,9
SAstratas,3,0.5,1.0,1.0,0,3
SAtakumBamaya,3,0.75,1.0,1.0,0,2
SAtana,3,0.17647058823529413,1.0,1.0,0,3
SAtrava,3,0.25,1.0,1.0,0,2
SEGra,3,0.6,-0.5,-0.3333,0,1
SETilya,4,0.17391304347826086,0.2,0.0,0,2
SElUza,3,0.14285714285714285,0.5,0.3333,0,1
SEla,3,0.0967741935483871,1.0,1.0,1,2
SElaputrI,3,0.75,1.0,1.0,0,2
SEvAla,3,0.1875,1.0,1.0,0,2
SEvala,3,0.15789473684210525,1.0,1.0,1,2
SI,7,0.0958904109589041,-0.4643,-0.3333,8,27
SIBam,3,0.6,1.0,1.0,0,3
SIGra,3,0.08108108108108109,0.5,0.3333,1,3
SIGraga,4,0.6666666666666666,1.0,1.0,0,2
SIkarin,3,0.75,0.5,0.3333,0,1
SIrza,4,0.14814814814814814,0.8,0.6667,0,4
SIrzacCedya,3,0.5,1.0,1.0,0,1
SItakara,3,0.5,0.5,0.3333,0,1
SItala,3,0.08333333333333333,1.0,1.0,2,2
SORqIrya,3,0.5,-0.5,-0.3333,0,2
SORqika,3,0.15,1.0,1.0,0,4
SOwIrya,3,0.375,0.5,0.3333,1,2
SUdraka,3,0.21428571428571427,1.0,1.0,0,2
SUla,3,0.06382978723404255,0.5,0.3333,2,6
SUnya,5,0.06666666666666667,0.9,0.8,1,17
SUnyatA,3,0.15,0.5,0.3333,0,4
SUrasena,5,0.3125,0.3,0.2,0,2
SUrpAraka,4,0.4,0.0,0.0,0,4
SUza,3,0.25,1.0,1.0,0,5
SaMkara,4,0.0975609756097561,1.0,1.0,0,5
SaMs,5,0.07575757575757576,0.9,0.8,22,33
SaMsana,3,0.375,-1.0,-1.0,0,0
SaMyu,3,0.23076923076923078,1.0,1.0,0,3
SaNKa,6,0.11764705882352941,0.8286,0.7333,4,11
SaNKaka,3,0.2727272727272727,1.0,1.0,0,1
SaNKapAla,3,0.3,1.0,1.0,0,1
SaNKapada,3,1.0,1.0,1.0,0,1
SaNKin,3,0.14285714285714285,1.0,1.0,1,1
SaNk,3,0.05555555555555555,1.0,1.0,5,9
SaNkA,3,0.08823529411764706,1.0,1.0,0,3
SaNkin,3,0.2727272727272727,0.5,0.3333,1,3
SaNku,5,0.07692307692307693,0.5,0.4,3,18
SaNkukarRa,4,0.4,1.0,1.0,0,2
SaPa,3,0.13636363636363635,0.5,0.3333,0,8
SaSikalA,3,0.42857142857142855,-0.5,-0.3333,0,3
Sabda,3,0.038461538461538464,0.5,0.3333,0,4
SacI,4,0.13793103448275862,0.4,0.3333,2,4
Sagma,3,0.3333333333333333,1.0,1.0,3,4
Sak,3,0.07317073170731707,0.5,0.3333,5,26
Saka,5,0.14285714285714285,0.7,0.6,2,4
Sakala,4,0.0975609756097561,0.4,0.3333,3,1
Sakft,3,0.13043478260869565,1.0,1.0,0,5
Sakra,5,0.16666666666666666,0.9,0.8,0,5
Sakti,8,0.11428571428571428,0.1429,0.2143,3,20
Sakula,3,0.17647058823529413,1.0,1.0,1,2
Sakuna,3,0.07894736842105263,1.0,1.0,0,4
Sal,3,0.21428571428571427,1.0,1.0,0,4
Sala,5,0.20833333333333334,0.9,0.8,0,0
Salka,3,0.15,1.0,1.0,1,3
Salya,5,0.125,0.7,0.6,3,4
Sam,8,0.0975609756097561,0.3333,0.2857,15,28
SamI,3,0.08333333333333333,0.5,0.3333,0,3
Samala,4,0.3333333333333333,1.0,1.0,1,4
SambUka,4,0.26666666666666666,0.8,0.6667,0,3
Sambara,4,0.10810810810810811,-0.2,0.0,2,3
Sambuka,3,0.375,1.0,1.0,1,0
Sap,9,0.20930232558139536,0.7667,0.6111,8,24
SarAvara,3,0.75,1.0,1.0,0,0
SarAvatI,3,0.2727272727272727,1.0,1.0,0,1
SarIra,3,0.06382978723404255,1.0,1.0,2,5
SarIrin,4,0.14814814814814814,0.8,0.6667,0,4
SaraBa,3,0.07692307692307693,1.0,1.0,1,3
SaraRa,4,0.08333333333333333,-0.2,0.0,4,4
Saras,3,0.3333333333333333,0.5,0.3333,0,2
SaravaRa,4,0.6666666666666666,1.0,1.0,0,3
Sarman,3,0.07894736842105263,0.5,0.3333,2,3
Sasta,4,0.16,0.4,0.3333,0,2
Sastrin,3,0.42857142857142855,-0.5,-0.3333,0,2
SatAnIka,3,0.15789473684210525,0.5,0.3333,0,2
SatAnanda,3,0.3,1.0,1.0,0,2
SatAyus,5,0.35714285714285715,1.0,1.0,0,5
SataBizaj,3,0.3333333333333333,1.0,1.0,0,3
SataSfNga,3,0.375,1.0,1.0,0,2
Satadru,3,0.2,1.0,1.0,0,4
Satadyumna,3,0.42857142857142855,1.0,1.0,0,3
SataguRa,3,0.5,-0.5,-0.3333,0,3
Sataka,3,0.3333333333333333,1.0,1.0,0,2
Satakratu,3,0.14285714285714285,1.0,1.0,0,5
SatamAna,4,0.26666666666666666,1.0,1.0,0,5
Satapattra,3,0.12,1.0,1.0,0,5
SatarudrIya,3,0.5,1.0,1.0,0,2
SatasAhasra,3,0.375,1.0,1.0,0,4
SatavIrya,3,0.25,1.0,1.0,0,3
Satodara,3,1.0,0.5,0.3333,0,1
SatruGna,4,0.26666666666666666,1.0,1.0,0,2
SatruMjaya,5,0.4166666666666667,0.9,0.8,0,1
Saya,3,0.13043478260869565,-0.5,-0.3333,3,3
Scut,3,0.125,1.0,1.0,0,9
SeKara,5,0.16666666666666666,0.7,0.6,0,5
Sepa,3,0.3,1.0,1.0,0,3
Seza,5,0.06666666666666667,0.9,0.8,4,19
SfNgAra,6,0.16216216216216217,-0.9429,-0.8667,1,9
SfNgAwaka,3,0.10714285714285714,-0.5,-0.3333,2,3
SfNga,9,0.13432835820895522,0.4667,0.3333,4,10
SfNgin,3,0.12,1.0,1.0,8,1
Sftatva,3,1.0,1.0,1.0,0,2
SiKA,3,0.05660377358490566,-0.5,-0.3333,1,5
SiKaRqin,5,0.13513513513513514,1.0,1.0,3,7
SiKara,4,0.13333333333333333,0.8,0.6667,1,2
SiKarin,3,0.10344827586206896,0.5,0.3333,0,2
SiKin,5,0.08771929824561403,1.0,1.0,1,8
SiSirAMSu,3,0.6,0.5,0.3333,0,1
SiSira,4,0.1,0.2,0.0,1,7
SiSu,3,0.1,1.0,1.0,0,3
SiSumAra,3,0.13636363636363635,1.0,1.0,1,2
SiTila,4,0.1111111111111111,0.8,0.6667,0,1
Sigru,3,0.21428571428571427,1.0,1.0,0,3
Sikz,7,0.14893617021276595,-0.1429,-0.0476,3,19
SilA,3,0.1,0.5,0.3333,2,0
SilImuKa,4,0.19047619047619047,0.8,0.6667,0,3
Silpa,6,0.13953488372093023,0.0857,0.0667,3,10
SiraHkapAla,3,0.75,1.0,1.0,0,2
Siras,3,0.05263157894736842,0.5,0.3333,3,14
SiroDara,3,0.23076923076923078,1.0,1.0,0,4
SitAman,3,0.75,1.0,1.0,0,3
SitikaRWa,4,0.18181818181818182,1.0,1.0,1,2
Siva,5,0.0641025641025641,0.9,0.8,5,23
Siz,5,0.06944444444444445,0.9,0.8,12,14
SlAG,5,0.20833333333333334,0.7,0.6,1,14
SlAGin,3,0.375,1.0,1.0,1,2
Sleza,3,0.125,1.0,1.0,1,3
Slezman,4,0.13793103448275862,0.2,0.0,0,5
Sliz,6,0.08823529411764706,0.9429,0.8667,7,18
Sloka,4,0.0975609756097561,-0.4,-0.3333,1,9
Snaptra,3,1.0,-0.5,-0.3333,0,0
SoBana,3,0.0625,-0.5,-0.3333,0,5
SoDanIya,3,0.5,1.0,1.0,0,0
SoDana,6,0.2222222222222222,0.6,0.4667,0,8
Socitavya,3,0.75,1.0,1.0,0,2
Soza,4,0.15384615384615385,0.8,0.6667,2,4
SozaRa,7,0.2413793103448276,0.9643,0.9048,0,6
Sozin,3,0.375,1.0,1.0,0,3
SrA,3,0.10714285714285714,1.0,1.0,3,9
SrAvaRa,4,0.125,0.8,0.6667,1,3
SrAvya,4,0.5,0.8,0.6667,0,2
SrI,6,0.08823529411764706,0.9429,0.8667,7,21
SrIgarBa,3,0.25,1.0,1.0,0,0
SrIkaRWa,3,0.1111111111111111,1.0,1.0,1,1
SrOta,3,0.10714285714285714,1.0,1.0,2,2
SraR,3,0.25,1.0,1.0,0,1
SraT,3,0.16666666666666666,0.5,0.3333,2,20
SradDA,4,0.06451612903225806,0.4,0.3333,2,14
Sram,6,0.12244897959183673,0.4857,0.3333,4,17
Srava,5,0.4166666666666667,0.1,0.0,0,2
SravaRa,6,0.0967741935483871,0.4286,0.4667,0,11
Sravas,4,0.23529411764705882,0.4,0.3333,1,5
SrezWa,3,0.07894736842105263,1.0,1.0,1,3
Sri,7,0.07216494845360824,0.3214,0.2381,26,33
Sru,6,0.07142857142857142,0.9429,0.8667,12,43
Sruta,6,0.13333333333333333,0.5429,0.4667,2,8
Srutasena,4,0.36363636363636365,1.0,1.0,0,1
Sruti,9,0.11538461538461539,0.9167,0.8333,2,21
SrutiDara,3,0.42857142857142855,1.0,1.0,0,2
SrutipaTa,3,0.42857142857142855,1.0,1.0,0,1
SuB,7,0.1794871794871795,-0.1786,-0.1429,11,30
SuBa,4,0.07142857142857142,0.8,0.6667,4,7
SuD,15,0.22058823529411764,0.9393,0.8476,1,26
Suc,7,0.14285714285714285,0.6071,0.4286,11,36
Suci,5,0.07575757575757576,0.7,0.6,4,5
SudDa,4,0.0625,0.8,0.6667,0,4
SudDi,6,0.16666666666666666,0.9429,0.8667,0,8
Suka,3,0.06521739130434782,0.5,0.3333,3,1
Sukla,5,0.0847457627118644,-0.4,-0.4,0,11
Sukra,7,0.1111111111111111,0.9643,0.9048,3,20
Sukriya,4,0.23529411764705882,1.0,1.0,0,3
Sukti,4,0.12903225806451613,0.2,0.0,0,1
Sulka,3,0.09090909090909091,1.0,1.0,1,5
Sunaka,3,0.15,1.0,1.0,0,0
Suz,3,0.06818181818181818,1.0,1.0,1,10
Suzma,4,0.18181818181818182,1.0,1.0,3,5
SvAsa,5,0.15625,1.0,1.0,0,4
SvEtya,3,0.42857142857142855,1.0,1.0,0,2
SvaSura,3,0.11538461538461539,-1.0,-1.0,0,10
Svas,5,0.07352941176470588,0.4,0.4,3,15
Svasana,4,0.15384615384615385,1.0,1.0,0,6
Sveta,5,0.08333333333333333,-0.1,0.0,1,6
Svetaparvata,3,0.75,1.0,1.0,0,2
Svitra,5,0.23809523809523808,0.6,0.4,1,2
SyAmAka,3,0.1111111111111111,1.0,1.0,0,3
SyAma,8,0.13114754098360656,0.5714,0.5,7,7
SyAmalita,3,1.0,1.0,1.0,0,2
SyAva,3,0.14285714285714285,0.5,0.3333,0,2
Syena,4,0.08,1.0,1.0,4,3
Uh,3,0.04918032786885246,0.5,0.3333,16,8
Una,5,0.1724137931034483,1.0,1.0,0,10
UrDvagati,4,0.8,0.4,0.3333,0,1
UrDvaretas,3,0.42857142857142855,0.5,0.3333,0,5
UrRAyu,3,0.2727272727272727,1.0,1.0,0,1
UrRu,4,0.25,0.4,0.3333,7,5
Urja,4,0.14285714285714285,-0.2,0.0,0,7
Urmi,10,0.30303030303030304,0.9636,0.8667,11,13
UrmimAlin,3,0.75,1.0,1.0,0,1
Uru,5,0.14285714285714285,0.6,0.4,0,6
Urva,3,0.21428571428571427,0.5,0.3333,2,4
Uzman,3,0.13043478260869565,1.0,1.0,0,6
Uzmapa,3,0.5,1.0,1.0,0,2
aBiBu,4,0.36363636363636365,1.0,1.0,0,7
aBigama,3,0.42857142857142855,0.5,0.3333,0,1
aBijit,5,0.21739130434782608,1.0,1.0,0,1
aBisAra,4,0.2,0.8,0.6667,0,1
aBra,3,0.0967741935483871,1.0,1.0,1,2
aByantara,6,0.24,0.0286,0.0667,0,5
aByavahArya,3,0.5,1.0,1.0,0,1
aByutTAna,5,0.7142857142857143,0.9,0.8,0,1
aNgAra,3,0.15,1.0,1.0,3,4
aS,7,0.14,0.6071,0.5238,23,26
aSlIla,3,0.13043478260869565,1.0,1.0,0,5
aSmaka,3,0.2727272727272727,0.5,0.3333,0,2
aSoka,5,0.16129032258064516,0.8,0.6,0,3
aSva,3,0.08333333333333333,0.5,0.3333,2,2
aSvagrIva,3,0.75,1.0,1.0,0,1
aSvapati,4,0.3333333333333333,1.0,1.0,0,2
aSvatTAman,3,0.3,-0.5,-0.3333,0,1
aSvatara,4,0.14285714285714285,0.4,0.3333,0,2
abrahmaRya,4,0.5,-0.2,0.0,0,2
agni,3,0.08823529411764706,0.5,0.3333,5,2
ah,5,0.10204081632653061,0.9,0.8,2,15
ahaMkfta,3,0.375,1.0,1.0,0,1
ahita,3,0.13636363636363635,-0.5,-0.3333,1,4
ahnAya,3,0.3333333333333333,1.0,1.0,0,2
ahorAtra,3,0.11538461538461539,-0.5,-0.3333,2,8
akfzwapacya,3,0.75,0.5,0.3333,0,2
akzi,3,0.15789473684210525,1.0,1.0,9,13
alAbu,3,0.21428571428571427,1.0,1.0,0,1
alIka,3,0.15,0.5,0.3333,0,1
alaMkfti,3,0.75,0.5,0.3333,0,1
alam,3,0.07317073170731707,1.0,1.0,2,4
alarka,4,0.26666666666666666,0.8,0.6667,0,2
alinda,3,0.3,1.0,1.0,1,1
am,3,0.1875,-0.5,-0.3333,3,10
amAvasu,3,1.0,-0.5,-0.3333,0,2
amBas,5,0.17857142857142858,0.6,0.4,0,0
amBfRa,3,0.2727272727272727,1.0,1.0,1,0
amUrtarajas,3,0.6,0.5,0.3333,0,1
amara,4,0.13793103448275862,0.4,0.3333,1,1
amareSvara,3,0.6,-0.5,-0.3333,0,1
amati,3,0.2727272727272727,-0.5,-0.3333,1,3
ambA,5,0.15151515151515152,1.0,1.0,0,3
ambarIza,5,0.2,0.1,0.0,0,0
ambikA,6,0.17647058823529413,0.6,0.4667,0,2
ameni,3,1.0,1.0,1.0,0,2
amfta,9,0.16363636363636364,0.65,0.4444,1,4
amutra,3,0.16666666666666666,1.0,1.0,0,2
apada,3,0.75,1.0,1.0,0,0
aparAjita,4,0.12121212121212122,1.0,1.0,1,0
arBaka,3,0.16666666666666666,1.0,1.0,0,3
arDacandra,4,0.16666666666666666,1.0,1.0,1,5
arRava,4,0.16,1.0,1.0,1,4
arTamAtra,3,1.0,1.0,1.0,0,1
arTin,3,0.09090909090909091,1.0,1.0,0,3
arTitva,3,1.0,1.0,1.0,0,1
arTya,4,0.3333333333333333,1.0,1.0,0,3
araRya,4,0.13793103448275862,1.0,1.0,2,2
arbuda,4,0.11764705882352941,0.8,0.6667,3,5
arc,4,0.1,-0.8,-0.6667,5,14
ard,5,0.16666666666666666,0.9,0.8,0,6
ardana,4,0.4444444444444444,0.8,0.6667,0,1
arh,3,0.09090909090909091,0.5,0.3333,0,9
arizwa,6,0.17647058823529413,0.6,0.4667,0,2
arizwanemi,3,0.25,0.5,0.3333,1,1
arj,3,0.12,1.0,1.0,3,2
arjuna,6,0.14285714285714285,0.2571,0.2,2,5
arka,5,0.10416666666666667,-0.4,-0.4,2,4
arpaRa,5,0.3333333333333333,0.0,0.2,0,0
aruRa,7,0.14285714285714285,0.8571,0.7143,3,2
aruja,3,0.5,0.5,0.3333,0,0
arunDatI,3,0.13043478260869565,1.0,1.0,2,1
aruza,3,0.42857142857142855,0.5,0.3333,1,2
aryaman,3,0.08823529411764706,0.5,0.3333,3,6
as,6,0.06060606060606061,0.6571,0.4667,20,34
asaMKyAta,3,0.6,-0.5,-0.3333,0,3
asaNga,3,0.1875,1.0,1.0,0,3
asahana,3,0.3333333333333333,1.0,1.0,0,1
asfj,4,0.2,-0.2,0.0,0,3
asita,6,0.13043478260869565,0.2571,0.2,0,7
asta,6,0.13333333333333333,-0.3143,-0.2,3,6
astra,3,0.13043478260869565,-0.5,-0.3333,1,1
asu,3,0.12,0.5,0.3333,1,2
asura,4,0.11428571428571428,1.0,1.0,3,5
av,3,0.13636363636363635,-1.0,-1.0,9,16
avaSyAya,3,0.2727272727272727,0.5,0.3333,0,2
avadAraRa,4,0.6666666666666666,-0.6,-0.3333,0,1
avagAQa,3,0.375,1.0,1.0,0,7
avahAsa,4,0.6666666666666666,1.0,1.0,0,3
avalamba,4,0.3076923076923077,-0.6,-0.3333,0,0
avaloka,3,0.42857142857142855,0.5,0.3333,0,2
avamAnana,3,0.5,0.5,0.3333,0,2
avamarda,3,0.3333333333333333,0.5,0.3333,0,1
avamardana,3,1.0,1.0,1.0,0,1
avani,5,0.45454545454545453,1.0,1.0,0,2
avapAta,3,0.2727272727272727,1.0,1.0,0,0
avaroDa,5,0.25,0.7,0.6,1,2
avasAna,4,0.13793103448275862,0.4,0.3333,2,8
avasTAna,5,0.45454545454545453,0.9,0.8,1,2
avaskanda,3,0.375,0.5,0.3333,0,2
avatAna,3,0.3,0.5,0.3333,1,2
avawa,3,0.17647058823529413,0.5,0.3333,1,1
avekzya,3,1.0,-1.0,-1.0,0,2
aviza,4,0.4,-0.4,-0.3333,0,3
ayana,4,0.11428571428571428,0.6,0.3333,1,2
ayomuKa,6,0.75,1.0,1.0,0,0
azwApada,3,0.17647058823529413,0.5,0.3333,1,2
bAD,7,0.11290322580645161,0.3571,0.2381,8,18
bADa,8,0.23529411764705882,0.9762,0.9286,4,6
bADaka,3,0.14285714285714285,1.0,1.0,0,3
bARa,7,0.1320754716981132,0.6786,0.5238,0,5
bAhu,6,0.13636363636363635,0.8286,0.7333,3,9
bAhuSAlin,3,0.6,1.0,1.0,0,2
bAhudA,3,0.3,0.5,0.3333,0,2
bAhya,3,0.06,1.0,1.0,2,4
bAla,4,0.07142857142857142,0.8,0.6667,3,8
bAleya,3,0.14285714285714285,1.0,1.0,0,0
bAlhIka,3,0.11538461538461539,0.5,0.3333,1,12
bAlhika,3,0.15,1.0,1.0,0,9
bArhaspatya,6,0.21428571428571427,0.9429,0.8667,0,4
bAzpa,5,0.2,0.7,0.6,0,3
bIBatsa,4,0.13333333333333333,1.0,1.0,0,3
bIBatsu,3,0.375,1.0,1.0,0,2
bIja,4,0.07142857142857142,0.8,0.6667,1,6
bIjaka,3,0.2727272727272727,0.5,0.3333,0,2
bIjamAtra,3,0.42857142857142855,0.5,0.3333,0,3
baBru,4,0.0784313725490196,1.0,1.0,0,7
bahala,3,0.21428571428571427,0.5,0.3333,0,3
bahiScara,3,0.3,1.0,1.0,1,2
bahu,3,0.05454545454545454,1.0,1.0,4,5
bahula,3,0.05454545454545454,0.5,0.3333,3,5
balAka,3,0.08823529411764706,0.5,0.3333,2,1
balAsa,3,0.375,1.0,1.0,1,1
bala,5,0.078125,-0.1,0.0,5,11
bali,4,0.07142857142857142,0.4,0.3333,6,11
banD,11,0.08870967741935484,0.8,0.6364,18,45
banDana,6,0.10909090909090909,0.8286,0.7333,2,7
banDura,3,0.08571428571428572,0.5,0.3333,0,6
baqiSa,3,0.2,1.0,1.0,0,4
barbara,4,0.13333333333333333,1.0,1.0,2,1
bekuri,4,0.6666666666666666,0.4,0.3333,0,3
bfhadaSva,3,0.3333333333333333,1.0,1.0,0,3
bfhadukTa,3,0.25,0.5,0.3333,0,1
bilva,4,0.125,0.8,0.6667,1,5
bimba,3,0.058823529411764705,1.0,1.0,1,8
bindu,7,0.1794871794871795,0.4286,0.3333,3,4
bis,4,1.0,1.0,1.0,0,3
boDa,3,0.09375,1.0,1.0,1,5
boDana,7,0.22580645161290322,0.9643,0.9048,2,6
boDi,4,0.15384615384615385,-0.2,0.0,4,3
boDya,4,0.36363636363636365,1.0,1.0,1,2
bodDavya,4,0.3333333333333333,0.4,0.3333,0,3
brAhmaRa,4,0.07407407407407407,1.0,1.0,1,12
brAhmaRasAt,3,1.0,1.0,1.0,1,3
brU,4,0.05555555555555555,1.0,1.0,15,25
braDna,4,0.15384615384615385,0.4,0.3333,3,3
brahmAstra,3,0.5,1.0,1.0,0,2
brahmaSiras,3,0.6,0.5,0.3333,0,2
brahmabanDu,3,0.14285714285714285,-1.0,-1.0,0,5
brahmadaRqa,3,0.21428571428571427,1.0,1.0,0,3
brahmadatta,5,0.20833333333333334,0.9,0.8,0,3
brahmajyezWa,3,1.0,1.0,1.0,0,1
brahman,12,0.14814814814814814,0.6713,0.5758,9,28
brahmatejas,4,0.4444444444444444,1.0,1.0,0,2
brahmatva,3,0.16666666666666666,1.0,1.0,0,4
brahmavarcasin,3,0.3333333333333333,1.0,1.0,0,3
brahmaveda,3,0.3333333333333333,0.5,0.3333,0,2
buD,6,0.06060606060606061,0.7714,0.6,9,42
budDi,7,0.1346153846153846,-0.6071,-0.3333,2,12
budbuda,3,0.14285714285714285,-0.5,-0.3333,1,3
busa,4,0.2222222222222222,-0.6,-0.3333,4,2
cARUra,3,0.375,1.0,1.0,1,3
cARakya,3,0.2,-0.5,-0.3333,0,3
cARqAla,3,0.10714285714285714,1.0,1.0,0,5
cAkrika,3,0.2,-0.5,-0.3333,3,1
cAkzuza,7,0.23333333333333334,1.0,1.0,0,11
cAlana,4,0.25,0.2,0.0,0,6
cAmIkara,3,0.2,1.0,1.0,1,5
cAndra,3,0.125,-1.0,-1.0,1,5
cApa,3,0.13636363636363635,0.5,0.3333,1,1
cApalya,5,0.7142857142857143,0.2,0.2,0,4
cAra,4,0.16,1.0,1.0,0,6
cAraRa,4,0.15384615384615385,1.0,1.0,1,8
cAraka,4,0.21052631578947367,1.0,1.0,2,1
cArin,4,0.2,0.4,0.3333,2,3
cAritra,3,0.16666666666666666,1.0,1.0,2,4
cAru,7,0.21212121212121213,0.4643,0.5238,2,9
cArvAka,4,0.26666666666666666,0.4,0.3333,0,6
cAturhotra,3,0.3333333333333333,1.0,1.0,0,9
cAturmAsya,3,0.15789473684210525,-1.0,-1.0,2,7
cAturvidya,3,0.3333333333333333,1.0,1.0,0,3
cAturya,6,0.6,1.0,1.0,0,5
cAtvAla,4,0.26666666666666666,-0.2,0.0,0,5
cAwa,3,0.25,1.0,1.0,1,2
cAza,3,0.1875,1.0,1.0,0,4
cEdya,3,0.3333333333333333,-0.5,-0.3333,1,4
cEla,5,0.2777777777777778,-0.1,0.0,2,5
cEtanya,3,0.15,1.0,1.0,2,2
cEtra,5,0.1388888888888889,0.9,0.8,1,6
cEtraraTa,6,0.3333333333333333,0.8857,0.7333,0,7
cIcIkUcI,3,0.6,1.0,1.0,0,2
cIna,4,0.2222222222222222,1.0,1.0,0,6
cIra,3,0.11538461538461539,1.0,1.0,2,3
cItkAra,3,0.75,0.5,0.3333,0,2
cIvara,3,0.15789473684210525,1.0,1.0,1,3
cOrya,4,0.36363636363636365,0.8,0.6667,0,2
cUcuka,4,0.36363636363636365,0.2,0.0,1,3
cUqAmaRi,6,0.25,-0.0857,-0.0667,0,5
cUrRa,3,0.1,1.0,1.0,1,5
ca,8,0.21621621621621623,0.4524,0.2857,2,37
caNkramaRa,3,0.23076923076923078,-0.5,-0.3333,0,6
caRaka,3,0.23076923076923078,0.5,0.3333,0,3
caRqa,6,0.15789473684210525,0.1429,0.0667,4,6
caYc,5,0.4166666666666667,-0.6,-0.4,0,3
caYcu,4,0.21052631578947367,1.0,1.0,0,4
cakAs,5,0.29411764705882354,0.9,0.8,1,11
cakora,9,0.32142857142857145,-0.1667,-0.1667,1,8
cakrAhva,3,0.2727272727272727,1.0,1.0,0,4
cakrAyuDa,4,1.0,1.0,1.0,0,3
cakra,11,0.15714285714285714,0.7364,0.6,6,36
cakraDara,6,0.3,0.8286,0.7333,1,3
cakraka,3,0.375,1.0,1.0,0,0
cakravAka,3,0.2,1.0,1.0,1,4
cakravartin,3,0.125,0.5,0.3333,0,6
cakrin,3,0.125,-0.5,-0.3333,5,5
cakz,3,0.061224489795918366,1.0,1.0,11,12
cakzuHSravas,4,0.6666666666666666,0.8,0.6667,0,2
cakzus,4,0.11428571428571428,1.0,1.0,2,9
cakzuzya,3,0.15,1.0,1.0,0,4
cal,10,0.17857142857142858,0.3697,0.2444,4,25
calAcala,3,0.1875,1.0,1.0,0,4
calana,6,0.24,0.9429,0.8667,1,5
cam,4,0.19047619047619047,-0.2,0.0,3,5
camU,4,0.23529411764705882,1.0,1.0,5,9
camara,4,0.18181818181818182,1.0,1.0,0,5
camasa,3,0.1,0.5,0.3333,1,4
campU,3,0.42857142857142855,1.0,1.0,1,2
campaka,3,0.13043478260869565,1.0,1.0,0,2
candana,6,0.2,0.9429,0.8667,0,3
candrArDa,3,0.42857142857142855,1.0,1.0,0,2
candra,10,0.16666666666666666,0.6848,0.5111,3,13
candraSeKara,3,0.23076923076923078,1.0,1.0,1,1
candrakAnta,5,0.29411764705882354,0.6,0.4,0,2
candraka,6,0.21428571428571427,0.4286,0.4667,0,3
candraketu,5,0.7142857142857143,0.3,0.2,0,2
candramOli,3,0.3,-0.5,-0.3333,0,3
candramas,4,0.17391304347826086,-0.8,-0.6667,1,7
capala,3,0.07317073170731707,0.5,0.3333,3,3
car,12,0.1111111111111111,0.4266,0.3333,41,71
carAcara,5,0.20833333333333334,-0.5,-0.2,0,10
cara,4,0.10526315789473684,0.2,0.0,1,10
caraRAyuDa,3,0.5,1.0,1.0,0,2
caraRa,12,0.2222222222222222,0.958,0.9091,2,22
caraka,3,0.09375,1.0,1.0,0,8
caritArTa,3,0.23076923076923078,1.0,1.0,0,4
carita,5,0.2,0.4,0.4,0,6
caritra,5,0.20833333333333334,0.7,0.6,0,7
carizRu,3,0.15,1.0,1.0,0,5
carman,4,0.14814814814814814,1.0,1.0,1,8
caru,6,0.2,1.0,1.0,1,10
carusTAlI,3,1.0,1.0,1.0,1,2
carv,4,0.25,0.8,0.6667,0,5
carzaRi,4,0.3076923076923077,-0.8,-0.6667,2,4
cat,3,0.2727272727272727,-0.5,-0.3333,1,5
catuHSAla,4,0.26666666666666666,1.0,1.0,1,5
catuHzazwi,3,0.3333333333333333,1.0,1.0,0,3
catuScatvAriMSa,5,0.7142857142857143,1.0,1.0,0,0
caturBuja,6,0.4,1.0,1.0,0,5
caturDA,3,0.3,1.0,1.0,0,6
caturTa,4,0.18181818181818182,1.0,1.0,0,8
caturTaka,3,0.3,1.0,1.0,0,3
catura,6,0.2608695652173913,0.4857,0.3333,0,6
caturaNga,3,0.1111111111111111,1.0,1.0,3,4
caturdaSa,3,0.21428571428571427,1.0,1.0,0,4
caturmuKa,5,0.3333333333333333,0.4,0.4,0,4
caturveda,3,0.42857142857142855,0.5,0.3333,0,2
caturviMSa,6,0.3157894736842105,0.6571,0.6,0,12
catustriMSa,3,0.42857142857142855,1.0,1.0,0,2
catuzka,7,0.25,1.0,1.0,1,12
catuzpAda,4,0.3076923076923077,0.2,0.0,0,6
catuzpada,4,0.14285714285714285,0.4,0.3333,2,7
catuzwaya,3,0.10344827586206896,-0.5,-0.3333,2,7
catuzwoma,4,0.2857142857142857,1.0,1.0,0,7
catvara,3,0.23076923076923078,-1.0,-1.0,0,1
cawaka,4,0.19047619047619047,1.0,1.0,1,4
cawula,4,0.26666666666666666,1.0,1.0,0,4
caya,5,0.21739130434782608,0.9,0.8,2,5
cazaka,3,0.16666666666666666,0.5,0.3333,0,2
ced,13,0.26,0.7088,0.5385,3,41
cekitAna,3,1.0,1.0,1.0,0,2
cela,3,0.15789473684210525,1.0,1.0,0,5
cetana,4,0.0975609756097561,0.8,0.6667,4,7
cetas,5,0.17857142857142858,1.0,1.0,1,5
cetavya,3,0.6,1.0,1.0,0,3
cewa,3,0.3,0.5,0.3333,0,1
cewaka,3,0.375,0.5,0.3333,0,1
cezw,8,0.21621621621621623,0.9524,0.8571,2,20
cezwita,3,0.15,-0.5,-0.3333,0,6
ci,17,0.18085106382978725,0.2157,0.2059,29,59
cid,3,0.3333333333333333,-0.5,-0.3333,3,5
cihna,4,0.2222222222222222,0.4,0.3333,0,2
cikIrzA,3,0.375,0.5,0.3333,1,3
cikIrzu,3,0.3333333333333333,0.5,0.3333,0,4
cikitsA,4,0.4,-0.4,-0.3333,3,5
cikitsaka,3,0.2727272727272727,-0.5,-0.3333,0,3
cint,8,0.20512820512820512,0.7381,0.6429,7,13
cintAmaRi,3,0.21428571428571427,1.0,1.0,1,2
cintaka,4,0.4,0.8,0.6667,1,5
cintana,3,0.2727272727272727,0.5,0.3333,1,5
cintya,6,0.375,1.0,1.0,0,4
cira,5,0.10869565217391304,-0.5,-0.2,2,6
cirajIvin,3,0.25,0.5,0.3333,0,2
cit,16,0.3333333333333333,0.9,0.8167,29,72
citi,5,0.1724137931034483,1.0,1.0,1,6
citrANga,3,0.2727272727272727,0.5,0.3333,0,3
citrANgada,3,0.2727272727272727,1.0,1.0,0,2
citrAvasu,3,0.5,0.5,0.3333,1,2
citra,13,0.1625,0.9451,0.8462,10,25
citraBAnu,7,0.3181818181818182,0.8929,0.8095,0,10
citraPalaka,3,0.375,-0.5,-0.3333,1,2
citragrIva,3,1.0,0.5,0.3333,0,2
citrakAra,3,0.42857142857142855,1.0,1.0,0,2
citrakUwa,4,0.4444444444444444,1.0,1.0,0,5
citraka,5,0.4166666666666667,0.4,0.4,1,2
citraraTa,8,0.34782608695652173,0.9762,0.9286,1,14
citrasena,3,0.16666666666666666,1.0,1.0,0,7
citta,9,0.21428571428571427,0.75,0.6667,1,10
cittavftti,4,0.25,0.2,0.0,0,7
citti,5,0.3333333333333333,1.0,1.0,3,7
citya,3,0.15,1.0,1.0,1,4
codana,3,0.15789473684210525,1.0,1.0,2,5
cola,4,0.19047619047619047,-0.2,0.0,0,6
cozya,3,0.6,1.0,1.0,0,2
cud,5,0.13157894736842105,0.6,0.4,9,33
cumb,5,0.21739130434782608,0.4,0.4,0,6
cumbana,3,0.375,1.0,1.0,0,3
cur,4,0.26666666666666666,0.4,0.3333,0,6
cyavana,5,0.16129032258064516,0.4,0.4,0,8
cyu,7,0.1076923076923077,0.9286,0.8095,15,47
cyuti,4,0.21052631578947367,0.2,0.0,2,6
dA,32,0.2318840579710145,0.4916,0.3992,65,204
dASa,3,0.14285714285714285,1.0,1.0,0,3
dASaraTi,4,0.5714285714285714,0.8,0.6667,0,3
dAha,5,0.2,-0.5,-0.2,0,7
dAman,4,0.10810810810810811,0.8,0.6667,4,6
dAna,4,0.10256410256410256,0.2,0.0,3,8
dAnaSIla,3,0.6,1.0,1.0,1,1
dAnapati,3,0.375,1.0,1.0,0,2
dAnava,3,0.125,1.0,1.0,0,6
dAnta,5,0.23809523809523808,0.2,0.2,0,5
dAqima,3,0.21428571428571427,1.0,1.0,0,3
dAraka,3,0.13043478260869565,0.5,0.3333,0,3
dAru,6,0.1935483870967742,1.0,1.0,2,11
dAruRa,3,0.08333333333333333,1.0,1.0,1,6
dAtavya,3,0.15,1.0,1.0,0,5
dAyAda,3,0.13043478260869565,1.0,1.0,0,4
dAya,4,0.12903225806451613,1.0,1.0,3,4
dESika,5,0.5,1.0,1.0,1,2
dEteya,3,0.3333333333333333,1.0,1.0,0,3
dEva,4,0.08888888888888889,0.8,0.6667,0,10
dEvata,3,0.08823529411764706,1.0,1.0,1,5
dI,5,0.23809523809523808,0.7,0.6,20,21
dIDiti,3,0.15789473684210525,1.0,1.0,2,2
dIkz,4,0.16,1.0,1.0,7,11
dIkzA,4,0.125,0.8,0.6667,2,6
dIkzita,5,0.16129032258064516,1.0,1.0,2,7
dIp,7,0.11290322580645161,0.75,0.619,6,15
dIpaka,5,0.13513513513513514,1.0,1.0,1,3
dIpana,4,0.15384615384615385,0.8,0.6667,4,4
dIrGa,3,0.05555555555555555,-0.5,-0.3333,2,7
dIrGabAhu,3,0.3333333333333333,1.0,1.0,0,1
dIrGadarSin,3,0.3333333333333333,1.0,1.0,0,1
dOrBAgya,3,0.42857142857142855,1.0,1.0,0,1
dUzaRa,8,0.2222222222222222,0.7619,0.5714,1,9
dUzaka,4,0.21052631578947367,0.4,0.3333,0,4
dUzya,4,0.3333333333333333,1.0,1.0,2,2
daB,8,0.47058823529411764,-0.0238,0.0,9,27
daDIca,3,0.375,1.0,1.0,0,1
daDimuKa,4,0.5714285714285714,1.0,1.0,0,3
daG,4,0.36363636363636365,-0.6,-0.3333,6,10
daMS,9,0.1956521739130435,0.7,0.6111,9,24
daMSa,6,0.25,0.7714,0.6,0,6
daMSita,3,0.21428571428571427,1.0,1.0,2,4
daMSuka,3,1.0,-1.0,-1.0,0,2
daMzwrin,3,0.15,1.0,1.0,1,2
daRqa,7,0.08974358974358974,0.3571,0.2381,6,22
daRqaDAra,3,0.42857142857142855,0.5,0.3333,0,1
daRqaDara,3,0.15,0.5,0.3333,0,3
daRqakAzWa,5,0.7142857142857143,0.4,0.4,0,5
daRqaka,7,0.15555555555555556,0.5357,0.4286,1,14
daRqanIti,3,0.21428571428571427,1.0,1.0,0,2
daRqana,4,0.5,0.2,0.0,0,2
daRqin,3,0.08333333333333333,0.5,0.3333,1,5
daSA,8,0.2,0.9048,0.7857,4,9
daSArRa,5,0.29411764705882354,0.0,0.2,0,3
daSArha,3,0.21428571428571427,0.5,0.3333,0,8
daSAsya,3,0.42857142857142855,1.0,1.0,0,1
daSaSata,3,0.3333333333333333,-1.0,-1.0,0,2
daSagrIva,3,0.2727272727272727,0.5,0.3333,1,4
daSaka,3,0.1875,1.0,1.0,0,5
daSama,4,0.19047619047619047,1.0,1.0,1,7
daSamuKa,4,0.4,1.0,1.0,1,3
daSanacCada,3,0.6,1.0,1.0,0,3
daSarAtra,3,0.2,0.5,0.3333,0,10
daSaraTa,3,0.17647058823529413,1.0,1.0,1,7
daSasAhasra,3,1.0,-0.5,-0.3333,0,1
dah,12,0.14634146341463414,0.6853,0.5152,12,39
dahana,9,0.2727272727272727,0.95,0.8889,1,7
dakz,3,0.3,1.0,1.0,3,8
dakza,10,0.13157894736842105,0.2364,0.1556,13,45
dakziRA,5,0.1724137931034483,0.7,0.6,0,21
dakziRAgra,3,0.3333333333333333,1.0,1.0,0,5
dakziRApaTa,7,0.35,0.8571,0.7143,0,9
dakziRArDa,4,0.5,1.0,1.0,0,5
dakziRIya,3,0.23076923076923078,1.0,1.0,0,5
dakziRa,11,0.15492957746478872,0.8091,0.6364,11,20
dal,8,0.25806451612903225,0.6667,0.5,0,11
dala,6,0.18181818181818182,1.0,1.0,3,6
dalana,3,0.23076923076923078,-0.5,-0.3333,0,7
dam,3,0.08571428571428572,0.5,0.3333,4,15
dama,4,0.1111111111111111,0.4,0.3333,5,7
damana,4,0.12121212121212122,1.0,1.0,1,6
damya,5,0.35714285714285715,1.0,1.0,0,5
dandaSUka,4,0.26666666666666666,1.0,1.0,0,6
danta,7,0.18421052631578946,1.0,1.0,0,8
dantaBaNga,3,0.75,1.0,1.0,0,3
dantaDAvana,5,0.19230769230769232,0.3,0.2,0,7
dantavezwa,3,1.0,-1.0,-1.0,0,2
danu,4,0.4,1.0,1.0,2,4
darBa,4,0.14285714285714285,-0.4,-0.3333,2,6
darImuKa,3,0.42857142857142855,1.0,1.0,1,1
darSa,5,0.16129032258064516,-0.1,0.0,2,5
darSaka,3,0.14285714285714285,0.5,0.3333,2,5
darSanIya,5,0.20833333333333334,0.9,0.8,0,8
darSana,15,0.22727272727272727,0.4857,0.3524,4,34
darSin,7,0.2916666666666667,0.7143,0.5238,1,8
darada,3,0.17647058823529413,1.0,1.0,0,8
dardura,6,0.20689655172413793,1.0,1.0,0,7
daridra,5,0.22727272727272727,-0.3,-0.2,1,5
daridratA,4,0.8,0.4,0.3333,0,3
darpa,3,0.1111111111111111,0.5,0.3333,0,3
darpaRa,3,0.08823529411764706,1.0,1.0,1,2
das,3,0.15789473684210525,-0.5,-0.3333,4,7
dasra,3,0.15789473684210525,-0.5,-0.3333,1,2
dattAtreya,3,0.25,1.0,1.0,0,7
datta,4,0.14814814814814814,0.8,0.6667,1,11
davAgni,3,0.375,1.0,1.0,0,3
day,6,0.15789473684210525,-0.1429,-0.0667,4,17
dayA,7,0.3684210526315789,0.7143,0.5238,1,10
deSa,7,0.22580645161290322,0.8929,0.8095,2,11
deSaja,3,1.0,0.5,0.3333,2,2
deSya,4,0.19047619047619047,-0.2,0.0,1,1
devAnIka,3,0.42857142857142855,1.0,1.0,0,2
deva,7,0.09722222222222222,0.8214,0.619,13,20
devadarSin,3,0.75,1.0,1.0,1,1
devadatta,3,0.0967741935483871,1.0,1.0,0,1
devadeva,3,0.2727272727272727,1.0,1.0,1,0
devaganDarva,3,0.42857142857142855,1.0,1.0,0,2
devagfha,4,0.26666666666666666,1.0,1.0,0,3
devaguhya,3,1.0,1.0,1.0,0,2
devaheqana,3,0.6,0.5,0.3333,0,3
devaka,4,0.12903225806451613,1.0,1.0,1,5
devala,4,0.11428571428571428,0.0,0.0,1,7
devana,3,0.16666666666666666,1.0,1.0,0,2
devarAja,3,0.2,1.0,1.0,0,1
devarAjya,3,1.0,1.0,1.0,0,2
devarakzita,3,0.75,1.0,1.0,0,0
devatA,3,0.0967741935483871,1.0,1.0,1,5
devavrata,4,0.3076923076923077,1.0,1.0,1,3
devayAna,3,0.125,1.0,1.0,2,6
deya,5,0.25,0.9,0.8,2,5
dfQamuzwi,3,0.375,-1.0,-1.0,2,1
dfS,3,0.061224489795918366,-0.5,-0.3333,0,68
dfSya,3,0.10714285714285714,1.0,1.0,1,4
dfzwi,3,0.07317073170731707,-0.5,-0.3333,0,7
diS,13,0.11926605504587157,0.8736,0.7436,26,49
digambara,3,0.13636363636363635,1.0,1.0,0,2
dih,4,0.07017543859649122,0.4,0.3333,6,17
dina,3,0.125,1.0,1.0,0,6
dineSvara,3,1.0,1.0,1.0,0,2
diti,5,0.2631578947368421,1.0,1.0,3,4
div,5,0.08333333333333333,0.0,-0.2,26,52
divAkara,4,0.16666666666666666,0.8,0.6667,0,2
divicArin,3,1.0,1.0,1.0,1,2
divizad,5,0.625,1.0,1.0,0,3
divodAsa,4,0.25,1.0,1.0,1,6
divya,8,0.1951219512195122,0.9762,0.9286,0,10
dohada,5,0.3125,0.8,0.6,2,5
dohana,3,0.15789473684210525,1.0,1.0,0,4
dos,5,0.23809523809523808,0.7,0.6,2,6
doza,3,0.05660377358490566,0.5,0.3333,6,10
drA,4,0.1111111111111111,0.8,0.6667,6,9
drApi,3,0.6,0.5,0.3333,0,2
drAviqa,3,0.15789473684210525,1.0,1.0,0,3
drORi,3,0.25,1.0,1.0,0,2
dram,3,0.6,1.0,1.0,0,2
dravIBU,3,0.6,-0.5,-0.3333,1,2
drava,6,0.18181818181818182,0.9429,0.8667,3,4
draviRa,5,0.16129032258064516,0.9,0.8,3,8
dravya,4,0.09302325581395349,0.8,0.6667,2,6
drazwavya,3,0.15789473684210525,0.5,0.3333,1,3
droRa,5,0.09090909090909091,1.0,1.0,2,8
dru,10,0.125,0.7333,0.6,11,27
druh,5,0.15151515151515152,-0.3,-0.2,5,24
drupada,4,0.2222222222222222,1.0,1.0,0,4
du,6,0.17142857142857143,0.4286,0.4667,6,20
duHKa,6,0.14634146341463414,-0.3143,-0.2,6,7
duHSIla,3,0.3333333333333333,1.0,1.0,0,1
duScara,3,0.2,-0.5,-0.3333,0,3
duScarita,3,0.1875,1.0,1.0,0,3
duScarman,3,0.42857142857142855,1.0,1.0,0,2
duh,5,0.1,0.9,0.8,15,41
dukUla,4,0.14814814814814814,1.0,1.0,0,3
dunduBi,6,0.14634146341463414,-0.0286,0.0667,0,6
durBaga,4,0.21052631578947367,1.0,1.0,1,5
duranvaya,3,0.42857142857142855,0.5,0.3333,0,1
durdama,3,0.3333333333333333,1.0,1.0,0,1
durdarSa,3,0.3,1.0,1.0,0,4
durdina,4,0.21052631578947367,0.8,0.6667,0,4
durgama,3,0.17647058823529413,1.0,1.0,0,2
durganDa,3,0.2727272727272727,0.5,0.3333,0,1
durgraha,4,0.4,1.0,1.0,0,4
durjAta,3,0.25,1.0,1.0,0,1
durmati,5,0.20833333333333334,0.9,0.8,4,4
durmuKa,5,0.2,0.6,0.4,0,4
durnIta,3,1.0,-0.5,-0.3333,1,2
duz,3,0.046153846153846156,0.5,0.3333,12,7
duzkara,3,0.125,1.0,1.0,0,5
duzkula,5,0.4166666666666667,1.0,1.0,0,3
duzpraveSa,3,0.5,1.0,1.0,0,1
dvApara,4,0.19047619047619047,1.0,1.0,0,8
dvAra,3,0.061224489795918366,0.5,0.3333,1,6
dvEDIBAva,3,0.2727272727272727,1.0,1.0,0,2
dvEraTa,3,0.6,1.0,1.0,0,3
dvIpa,4,0.12121212121212122,0.8,0.6667,2,11
dvIpin,3,0.23076923076923078,0.5,0.3333,0,2
dvaMdva,4,0.08888888888888889,1.0,1.0,3,10
dvaya,5,0.18518518518518517,1.0,1.0,0,6
dvezin,3,0.1875,-1.0,-1.0,2,3
dvija,4,0.16666666666666666,0.8,0.6667,1,5
dvijihva,4,0.2,1.0,1.0,1,2
dvimUrDan,3,0.42857142857142855,-0.5,-0.3333,1,2
dvipada,3,0.13636363636363635,-1.0,-1.0,3,2
dviz,3,0.06818181818181818,1.0,1.0,12,23
dyotana,3,0.15,1.0,1.0,3,2
dyumna,4,0.19047619047619047,1.0,1.0,1,4
dyut,6,0.13636363636363635,0.9429,0.8667,9,18
dyuti,3,0.13636363636363635,-0.5,-0.3333,2,4
eD,4,0.13793103448275862,0.8,0.6667,3,10
eRa,3,0.21428571428571427,-1.0,-1.0,0,3
ekAdaSa,3,0.16666666666666666,1.0,1.0,0,5
ekAdaSaka,3,0.6,0.5,0.3333,0,1
ekAkzara,3,0.23076923076923078,-0.5,-0.3333,2,3
ekAnaMSA,3,0.375,1.0,1.0,1,1
ekAnta,4,0.1111111111111111,0.4,0.3333,0,5
ekArTa,3,0.21428571428571427,1.0,1.0,0,4
eka,7,0.12727272727272726,0.6071,0.5238,4,22
ekaDA,3,0.375,1.0,1.0,3,1
ekaSaPa,3,0.1875,1.0,1.0,0,3
ekacakra,3,0.2727272727272727,1.0,1.0,0,3
ekacitta,6,0.75,0.7714,0.6,1,3
ekadA,4,0.4,1.0,1.0,0,2
ekadeSa,4,0.2222222222222222,1.0,1.0,0,3
ekamati,3,0.6,1.0,1.0,0,2
ekata,3,0.3,0.5,0.3333,0,2
ekatra,6,0.375,0.9429,0.8667,1,5
ekaviMSa,3,0.2,1.0,1.0,0,6
elA,3,0.25,0.5,0.3333,2,1
eta,4,0.17391304347826086,0.4,0.3333,1,4
etad,3,0.07692307692307693,1.0,1.0,5,11
eva,5,0.1724137931034483,0.3,0.2,6,24
ezaRa,3,0.2,1.0,1.0,0,0
ezya,3,0.75,1.0,1.0,2,2
fRa,5,0.13513513513513514,0.7,0.6,4,15
fRin,4,1.0,1.0,1.0,0,2
fceyu,3,1.0,1.0,1.0,0,1
fdDi,5,0.15625,0.9,0.8,0,7
fjIza,5,0.2631578947368421,0.4,0.4,1,4
fju,5,0.17857142857142858,0.4,0.4,2,14
fkza,8,0.21052631578947367,0.7381,0.6429,3,15
ftAvan,3,0.5,0.5,0.3333,3,3
fta,9,0.2727272727272727,0.45,0.4444,6,14
ftaDAman,3,0.5,1.0,1.0,0,1
fte,3,0.1111111111111111,1.0,1.0,0,2
ftu,6,0.13953488372093023,0.9429,0.8667,2,16
ftviya,3,0.3333333333333333,0.5,0.3333,2,4
fzaBa,6,0.13636363636363635,0.9429,0.8667,5,8
fzi,7,0.13725490196078433,0.9643,0.9048,4,22
gA,8,0.0963855421686747,0.3333,0.5,28,29
gADa,4,0.17391304347826086,0.4,0.3333,0,5
gADi,3,0.375,1.0,1.0,0,5
gANga,4,0.3076923076923077,0.8,0.6667,1,1
gANgeya,3,0.15789473684210525,0.5,0.3333,1,3
gAQa,3,0.13636363636363635,0.5,0.3333,0,1
gARapatya,3,0.3,-0.5,-0.3333,1,3
gARqIva,3,0.2,1.0,1.0,0,3
gARqIvaDanvan,3,1.0,1.0,1.0,0,2
gAh,4,0.0851063829787234,1.0,1.0,15,10
gAlava,3,0.12,-0.5,-0.3333,0,3
gAmBIrya,6,0.46153846153846156,0.7714,0.6,0,2
gAmin,7,0.25925925925925924,0.4286,0.3333,0,7
gAnDAra,3,0.10344827586206896,1.0,1.0,4,9
gAnDarva,5,0.14285714285714285,0.5,0.4,3,9
gAna,3,0.2727272727272727,1.0,1.0,0,3
gArdaBa,3,0.75,1.0,1.0,0,2
gArgya,5,0.1724137931034483,0.6,0.4,0,7
gArhapatya,3,0.15,1.0,1.0,1,5
gAruqa,3,0.16666666666666666,1.0,1.0,0,1
gAtra,6,0.14634146341463414,0.0857,0.0667,0,7
gAtu,4,0.36363636363636365,0.8,0.6667,3,6
gAyaka,3,0.3333333333333333,1.0,1.0,0,3
gAyatra,3,0.09375,1.0,1.0,2,4
gErika,3,0.25,1.0,1.0,1,3
gItaka,4,0.4,1.0,1.0,0,2
gORa,3,0.21428571428571427,1.0,1.0,0,2
gOpatya,3,1.0,1.0,1.0,0,2
gOqa,7,0.22580645161290322,0.5,0.3333,2,10
gOra,5,0.08620689655172414,1.0,1.0,3,2
gOrava,4,0.125,0.8,0.6667,1,5
gOtama,6,0.16216216216216217,0.6571,0.6,1,15
ga,5,0.20833333333333334,1.0,1.0,1,7
gaBIra,6,0.17647058823529413,0.6571,0.6,2,5
gaBasti,5,0.2631578947368421,0.0,0.2,1,4
gaNgA,4,0.14814814814814814,0.8,0.6667,0,9
gaRa,7,0.15555555555555556,-0.2143,-0.1429,6,10
gaRaka,4,0.2857142857142857,1.0,1.0,0,3
gaReSvara,3,0.75,1.0,1.0,0,1
gaRikA,3,0.13636363636363635,-0.5,-0.3333,0,3
gaRqUza,4,0.14814814814814814,0.8,0.6667,0,4
gaRqa,8,0.16,0.8333,0.7143,3,11
gaRqaBitti,3,1.0,-0.5,-0.3333,0,2
gaRqaSEla,3,0.3,1.0,1.0,0,3
gaRqasTala,3,0.3333333333333333,-1.0,-1.0,0,1
gad,4,0.11428571428571428,-0.4,-0.3333,1,5
gadA,3,0.17647058823529413,1.0,1.0,0,2
gada,4,0.23529411764705882,1.0,1.0,0,3
gadya,4,0.3333333333333333,0.8,0.6667,0,2
gahana,4,0.13333333333333333,1.0,1.0,2,4
gahvara,8,0.3333333333333333,-0.2143,-0.0714,3,5
gaja,4,0.13333333333333333,0.4,0.3333,1,1
gal,9,0.20454545454545456,0.5167,0.5556,5,13
galagaRqa,3,0.6,1.0,1.0,0,1
gam,14,0.1111111111111111,0.4769,0.3846,79,87
gamana,4,0.17391304347826086,0.8,0.6667,3,6
gamya,4,0.11764705882352941,0.4,0.3333,3,4
ganDa,8,0.16326530612244897,0.5476,0.3571,1,10
ganDadvipa,3,1.0,1.0,1.0,0,2
ganDamAdana,3,0.15789473684210525,1.0,1.0,0,3
ganDarva,13,0.19696969696969696,0.6374,0.5897,11,70
ganDarvanagara,3,0.23076923076923078,1.0,1.0,0,6
ganDatEla,3,1.0,-0.5,-0.3333,0,2
ganDi,3,0.23076923076923078,1.0,1.0,0,2
ganDin,4,0.4444444444444444,1.0,1.0,0,3
gantavya,5,0.23809523809523808,1.0,1.0,1,5
garBADAna,3,0.2,-0.5,-0.3333,0,5
garBa,6,0.10526315789473684,0.9429,0.8667,4,14
garBagfha,3,0.23076923076923078,1.0,1.0,0,3
garBasTa,4,1.0,-0.2,0.0,0,3
garBavAsa,3,0.6,1.0,1.0,0,3
garBin,3,0.125,1.0,1.0,1,7
garDin,3,0.5,1.0,1.0,1,3
garIyastva,3,0.6,-0.5,-0.3333,0,2
gara,3,0.11538461538461539,1.0,1.0,2,7
garala,3,0.3333333333333333,1.0,1.0,0,2
garga,4,0.11764705882352941,0.8,0.6667,1,6
gargara,3,0.16666666666666666,1.0,1.0,0,2
garhA,3,0.375,1.0,1.0,0,2
garhaRa,4,0.4444444444444444,-0.2,0.0,0,2
gariman,5,0.4166666666666667,0.9,0.8,0,4
garj,4,0.14814814814814814,-0.2,0.0,5,6
garmut,3,0.3333333333333333,1.0,1.0,1,1
garta,4,0.11764705882352941,0.8,0.6667,2,5
garuqa,4,0.18181818181818182,0.8,0.6667,3,10
garva,3,0.2,-0.5,-0.3333,0,2
gatAgata,3,0.21428571428571427,1.0,1.0,0,1
gatAyus,4,1.0,1.0,1.0,0,3
gati,14,0.2,0.7758,0.7363,4,23
gavAkza,5,0.19230769230769232,0.4,0.4,1,7
gavAkzaka,3,0.6,1.0,1.0,0,3
gavaya,3,0.125,1.0,1.0,1,6
gavezaRa,5,0.5555555555555556,1.0,1.0,0,3
gavezin,3,0.75,0.5,0.3333,0,2
gavyUti,4,0.2,1.0,1.0,1,8
gavya,3,0.1,-0.5,-0.3333,2,9
gaya,5,0.15625,1.0,1.0,2,17
geya,6,0.2727272727272727,1.0,1.0,0,5
gfDnu,3,0.21428571428571427,1.0,1.0,0,2
gfDra,4,0.12121212121212122,0.8,0.6667,1,7
gfDrakUwa,3,0.375,0.5,0.3333,0,1
gfha,4,0.10810810810810811,1.0,1.0,2,7
gfhameDin,5,0.22727272727272727,1.0,1.0,1,7
gfhapati,4,0.13333333333333333,1.0,1.0,0,11
gfhya,7,0.16666666666666666,0.1786,0.1429,4,11
gftsa,3,0.6,1.0,1.0,2,1
gftsamada,3,0.2,1.0,1.0,1,10
gfzwi,3,0.15,1.0,1.0,0,4
gir,4,0.13333333333333333,0.2,0.0,2,8
giri,6,0.1935483870967742,0.1429,0.0667,2,8
giriSa,3,0.2,1.0,1.0,2,2
girivraja,3,0.5,1.0,1.0,0,3
glAni,3,0.15,1.0,1.0,1,2
glO,3,0.16666666666666666,1.0,1.0,2,1
glaha,4,0.2857142857142857,-0.6,-0.3333,0,6
go,12,0.16901408450704225,0.9161,0.8182,9,31
goDA,5,0.21739130434782608,1.0,1.0,1,4
goDUma,3,0.14285714285714285,1.0,1.0,0,4
goDana,3,0.3333333333333333,1.0,1.0,1,3
goGna,3,0.2727272727272727,1.0,1.0,0,4
goSfNga,4,0.4444444444444444,0.4,0.3333,0,3
gocara,5,0.1111111111111111,1.0,1.0,4,6
godAna,5,0.23809523809523808,0.9,0.8,1,9
godAvarI,4,0.2857142857142857,1.0,1.0,0,3
gokarRa,5,0.20833333333333334,0.4,0.4,0,5
gola,3,0.11538461538461539,-0.5,-0.3333,1,4
golaka,5,0.14285714285714285,-0.6,-0.4,1,3
goloka,3,0.2727272727272727,0.5,0.3333,1,3
gomAyu,4,0.16,1.0,1.0,0,2
gomaya,3,0.13043478260869565,1.0,1.0,1,4
gomuKa,5,0.22727272727272727,0.7,0.6,0,3
gopA,3,0.23076923076923078,0.5,0.3333,2,6
gopAla,7,0.21212121212121213,0.6786,0.5238,0,3
gopAyana,3,0.375,1.0,1.0,0,2
gopITa,4,0.3076923076923077,-0.4,-0.3333,0,6
gopa,3,0.075,1.0,1.0,0,4
gopana,3,0.23076923076923078,1.0,1.0,0,3
gopati,5,0.23809523809523808,0.2,0.2,1,9
gopratAra,3,0.75,0.5,0.3333,0,2
gopucCa,3,0.2,-0.5,-0.3333,0,4
gopura,3,0.2,1.0,1.0,0,4
gopya,5,0.35714285714285715,0.6,0.4,0,2
gorasa,4,0.3333333333333333,1.0,1.0,0,4
gotama,3,0.10714285714285714,0.5,0.3333,0,5
gotra,4,0.09302325581395349,-0.2,0.0,2,7
gotraBid,3,0.2727272727272727,1.0,1.0,0,4
govarDana,4,0.15384615384615385,1.0,1.0,0,5
govinda,3,0.13636363636363635,0.5,0.3333,2,3
govraja,3,0.6,1.0,1.0,0,3
gozWa,4,0.09523809523809523,1.0,1.0,2,3
grAha,6,0.23076923076923078,0.9429,0.8667,2,4
grAhaka,9,0.3103448275862069,0.2833,0.3333,1,6
grAhin,6,0.24,0.9429,0.8667,1,4
grAhya,8,0.21052631578947367,0.8333,0.6429,2,12
grAma,4,0.09302325581395349,0.8,0.6667,2,11
grAmaRI,6,0.24,0.8286,0.7333,3,8
grAmavAsin,3,0.42857142857142855,0.5,0.3333,0,2
grAmya,7,0.15555555555555556,0.6071,0.5238,4,12
grAmyaDarma,4,0.4,-0.2,0.0,0,4
grAsa,4,0.14814814814814814,0.8,0.6667,1,4
grAvan,7,0.2692307692307692,1.0,1.0,1,7
grEveya,3,0.375,-0.5,-0.3333,0,3
grEzma,3,0.3,1.0,1.0,0,3
grIvA,3,0.12,1.0,1.0,1,3
grIzma,5,0.20833333333333334,1.0,1.0,0,5
graT,8,0.21621621621621623,-0.0952,0.0,3,10
graTana,4,0.6666666666666666,1.0,1.0,0,2
graha,15,0.2112676056338028,0.9429,0.8476,8,37
grahaRa,17,0.30357142857142855,0.8309,0.75,3,22
granTa,3,0.1,-0.5,-0.3333,1,5
granTi,11,0.2894736842105263,0.5455,0.4545,7,8
granTika,3,0.2727272727272727,0.5,0.3333,1,2
gras,4,0.0975609756097561,-0.2,0.0,5,14
gu,4,0.25,1.0,1.0,1,3
guRa,16,0.1951219512195122,0.5206,0.45,6,60
guRajYa,3,0.5,-0.5,-0.3333,0,3
guRavattA,3,0.75,1.0,1.0,0,2
guda,4,0.2,1.0,1.0,0,3
guggulu,5,0.20833333333333334,1.0,1.0,0,5
guh,4,0.08163265306122448,-0.8,-0.6667,5,12
guhA,5,0.1724137931034483,1.0,1.0,2,7
guha,4,0.16666666666666666,1.0,1.0,1,5
guhya,6,0.16666666666666666,0.8857,0.7333,1,4
guhyaka,4,0.2,1.0,1.0,0,3
gulPa,5,0.3125,1.0,1.0,0,4
gulma,5,0.1724137931034483,0.7,0.6,0,8
gup,6,0.10344827586206896,0.9429,0.8667,5,18
gupti,6,0.2,0.7714,0.6,2,6
guqa,4,0.14285714285714285,1.0,1.0,1,4
guru,13,0.19402985074626866,0.6923,0.5128,6,18
guruka,3,1.0,1.0,1.0,0,1
gurulAGava,3,0.3333333333333333,-0.5,-0.3333,0,3
gurutA,5,0.7142857142857143,1.0,1.0,0,1
gurutva,4,0.4,0.8,0.6667,0,2
guwikA,3,0.3333333333333333,1.0,1.0,0,0
hA,12,0.10909090909090909,0.6014,0.4242,18,66
hAni,3,0.07894736842105263,1.0,1.0,0,4
hArIta,4,0.15384615384615385,1.0,1.0,0,3
hAraka,3,0.1875,1.0,1.0,2,0
hArda,3,0.2,1.0,1.0,1,3
hArdikya,3,1.0,1.0,1.0,0,1
hArin,3,0.0967741935483871,1.0,1.0,2,5
hArita,3,0.16666666666666666,1.0,1.0,1,4
hArya,6,0.2727272727272727,0.6571,0.6,0,3
hAsa,4,0.13333333333333333,1.0,1.0,1,3
hEhaya,3,0.2,0.5,0.3333,0,5
hEmavata,4,0.13793103448275862,1.0,1.0,2,2
hEraRya,3,0.5,1.0,1.0,0,1
hEtuka,3,0.25,0.5,0.3333,1,4
hEyaMgavIna,3,0.3,1.0,1.0,0,2
haMsa,4,0.05063291139240506,1.0,1.0,4,16
haWa,4,0.16,1.0,1.0,0,5
halin,3,0.23076923076923078,1.0,1.0,0,1
hamm,3,0.75,-0.5,-0.3333,0,1
han,9,0.06666666666666667,0.65,0.4444,27,44
hanana,4,0.3076923076923077,1.0,1.0,0,3
hara,3,0.06,-0.5,-0.3333,2,4
haraRa,3,0.07894736842105263,-0.5,-0.3333,0,8
hari,5,0.078125,0.0,0.2,4,20
hariSmaSru,3,0.5,1.0,1.0,0,2
haricandana,5,0.19230769230769232,-0.5,-0.2,1,4
harihara,3,0.15789473684210525,1.0,1.0,0,3
harikeSa,3,0.3,1.0,1.0,1,3
harit,4,0.1111111111111111,-0.2,0.0,3,6
harita,4,0.06666666666666667,-0.2,0.0,2,2
hary,3,0.3,0.5,0.3333,1,3
haryaSva,3,0.21428571428571427,1.0,1.0,0,6
haryakza,3,0.1875,1.0,1.0,0,2
harza,3,0.07894736842105263,1.0,1.0,0,4
harzaRa,4,0.23529411764705882,1.0,1.0,1,5
harzin,3,0.6,0.5,0.3333,0,1
has,5,0.08333333333333333,0.9,0.8,2,14
hasana,4,0.36363636363636365,1.0,1.0,0,1
hasta,5,0.07042253521126761,0.3,0.2,1,7
hastin,4,0.08333333333333333,1.0,1.0,0,5
hastipa,3,0.5,1.0,1.0,0,3
hatOjas,3,1.0,1.0,1.0,0,1
hati,3,0.3,1.0,1.0,1,2
havana,3,0.21428571428571427,1.0,1.0,0,3
havirDAna,4,0.18181818181818182,1.0,1.0,0,5
havya,4,0.17391304347826086,1.0,1.0,0,3
havyavAha,3,0.3333333333333333,-0.5,-0.3333,0,2
havyavAhana,4,0.16666666666666666,1.0,1.0,0,4
haya,4,0.10526315789473684,0.4,0.3333,1,2
hayaSiras,3,0.3333333333333333,0.5,0.3333,1,3
hayagrIva,5,0.25,0.3,0.2,0,2
helA,3,0.0967741935483871,1.0,1.0,2,4
hemakUwa,3,0.25,1.0,1.0,0,2
heman,6,0.18181818181818182,0.5429,0.4667,1,4
heramba,3,0.21428571428571427,1.0,1.0,0,1
hetu,5,0.08771929824561403,0.6,0.4,1,16
hetuka,5,0.22727272727272727,1.0,1.0,0,4
hez,4,0.26666666666666666,0.4,0.3333,0,6
hfdaya,3,0.057692307692307696,1.0,1.0,0,5
hfdayaMgama,3,0.21428571428571427,1.0,1.0,0,1
hi,5,0.078125,0.7,0.6,4,32
hiMs,3,0.08823529411764706,0.5,0.3333,1,12
hiMsra,3,0.10344827586206896,0.5,0.3333,1,0
hiNgu,3,0.17647058823529413,0.5,0.3333,1,3
hikk,3,0.42857142857142855,1.0,1.0,0,4
hikkA,3,0.3,0.5,0.3333,0,2
hiraRya,5,0.1282051282051282,0.7,0.6,4,7
hiraRyagarBa,5,0.15151515151515152,0.5,0.4,0,3
hiraRyajyotis,3,0.5,1.0,1.0,1,2
hiraRyakaSipu,4,0.23529411764705882,1.0,1.0,0,8
hiraRyanABa,3,0.23076923076923078,-0.5,-0.3333,0,2
hiraRyaparRa,3,0.42857142857142855,-1.0,-1.0,0,3
hiraRyapura,3,0.42857142857142855,1.0,1.0,0,2
hiraRyaroman,3,0.5,1.0,1.0,0,2
hiraRyavarRa,3,0.23076923076923078,0.5,0.3333,0,4
hita,3,0.07894736842105263,1.0,1.0,8,6
hlAd,5,0.20833333333333334,0.9,0.8,0,7
hlAdana,4,0.5714285714285714,1.0,1.0,0,3
hnu,3,0.08108108108108109,0.5,0.3333,3,8
hotra,3,0.16666666666666666,-0.5,-0.3333,1,6
hrAda,4,0.25,1.0,1.0,1,3
hrAsa,3,0.1875,1.0,1.0,0,2
hrI,4,0.10526315789473684,0.8,0.6667,0,8
hradin,3,0.3333333333333333,1.0,1.0,0,2
hu,6,0.10714285714285714,0.3714,0.3333,9,23
i,8,0.058394160583941604,0.5952,0.5,122,55
iNg,3,0.25,1.0,1.0,0,5
iNgita,4,0.2857142857142857,0.8,0.6667,1,5
iNguda,4,0.3333333333333333,0.8,0.6667,2,4
icCA,3,0.14285714285714285,1.0,1.0,0,3
icCu,3,0.375,1.0,1.0,0,3
idam,4,0.10810810810810811,1.0,1.0,10,21
ikzu,7,0.3684210526315789,0.6786,0.5238,1,4
ikzumatI,3,0.6,1.0,1.0,0,2
ikzvAku,8,0.3333333333333333,0.9286,0.8571,2,6
il,4,0.3076923076923077,-0.6,-0.3333,8,10
ilvala,3,0.3,1.0,1.0,0,2
inDana,3,0.17647058823529413,-0.5,-0.3333,1,4
ind,3,0.75,0.5,0.3333,0,4
indIvara,5,0.2631578947368421,0.7,0.6,2,3
indrARI,6,0.2727272727272727,0.1429,0.3333,0,4
indra,9,0.1836734693877551,0.7,0.6111,3,18
indrajAla,6,0.5454545454545454,1.0,1.0,0,4
indriyArTa,3,0.3333333333333333,1.0,1.0,0,3
indriya,6,0.13333333333333333,0.7714,0.6,10,22
indu,5,0.16666666666666666,1.0,1.0,5,8
iqA,4,0.11764705882352941,0.4,0.3333,10,12
iriRa,5,0.25,1.0,1.0,1,6
itTam,3,0.15,1.0,1.0,0,6
itara,5,0.11904761904761904,0.9,0.8,2,12
itarajana,3,0.23076923076923078,1.0,1.0,2,4
itas,4,0.10526315789473684,0.6,0.3333,2,8
iz,10,0.14084507042253522,0.9515,0.8667,30,56
izIkA,5,0.25,1.0,1.0,0,6
iza,3,0.25,1.0,1.0,0,3
izu,4,0.13793103448275862,0.8,0.6667,2,7
izuDi,3,0.25,1.0,1.0,0,3
izvAsa,3,0.375,0.5,0.3333,0,2
izwApUrta,3,0.15789473684210525,1.0,1.0,2,5
izwa,5,0.12195121951219512,0.7,0.6,3,14
izwi,3,0.1111111111111111,1.0,1.0,4,8
jANgala,4,0.2222222222222222,0.6,0.3333,0,5
jAWara,3,0.42857142857142855,1.0,1.0,1,3
jAbAli,3,0.21428571428571427,1.0,1.0,0,5
jAgarUka,4,0.25,1.0,1.0,0,6
jAgara,3,0.15789473684210525,1.0,1.0,0,2
jAgaraRa,3,0.3,1.0,1.0,0,3
jAgata,3,0.2,1.0,1.0,1,3
jAgfvi,3,0.25,-0.5,-0.3333,3,3
jAjali,3,0.3,1.0,1.0,0,6
jAla,7,0.12280701754385964,0.6071,0.5238,1,12
jAlaka,8,0.3076923076923077,0.6667,0.5,1,6
jAlapAda,3,0.25,1.0,1.0,0,4
jAlma,4,0.25,-0.2,0.0,0,5
jAmadagnya,4,0.2222222222222222,0.4,0.3333,0,6
jAmbUnada,4,0.2857142857142857,1.0,1.0,1,5
jAmbUnadamaya,4,1.0,1.0,1.0,1,3
jAmbava,3,0.3333333333333333,-0.5,-0.3333,1,1
jAmi,8,0.2857142857142857,0.0476,0.1429,7,11
jAnapada,4,0.25,-0.2,0.0,0,6
jAnu,3,0.1111111111111111,0.5,0.3333,0,6
jAqya,7,0.5,-0.1071,0.0476,0,4
jArUTI,3,1.0,1.0,1.0,1,0
jArUTya,3,0.42857142857142855,1.0,1.0,1,4
jAra,6,0.24,1.0,1.0,0,9
jAta,6,0.09090909090909091,-0.0857,-0.2,4,20
jAtaka,3,0.1111111111111111,1.0,1.0,2,6
jAtarUpa,4,0.23529411764705882,1.0,1.0,1,1
jAtavedas,4,0.2222222222222222,0.8,0.6667,5,6
jAti,10,0.18867924528301888,0.8424,0.7333,3,14
jAtismara,3,0.3333333333333333,1.0,1.0,0,4
jAtu,3,0.1,1.0,1.0,1,7
jAtuza,4,0.5714285714285714,0.8,0.6667,0,1
jAtya,5,0.21739130434782608,0.9,0.8,0,6
jEmini,4,0.16,-0.4,-0.3333,0,11
jEtra,4,0.18181818181818182,1.0,1.0,0,8
jImUta,6,0.20689655172413793,0.9429,0.8667,0,4
jIv,7,0.12280701754385964,0.8214,0.7143,11,41
jIva,7,0.125,0.4643,0.5238,5,13
jIvaka,4,0.13333333333333333,1.0,1.0,1,4
jIvana,5,0.12195121951219512,0.0,-0.2,2,11
jIvaputra,4,0.36363636363636365,-0.8,-0.6667,0,5
jIvin,4,0.26666666666666666,-0.6,-0.3333,0,4
jIvita,8,0.2857142857142857,0.7143,0.5714,0,5
jIvitavya,3,0.75,1.0,1.0,0,2
jU,4,0.14814814814814814,0.8,0.6667,8,13
jUrv,3,0.6,1.0,1.0,0,2
jYA,9,0.09,0.6333,0.5556,34,39
jYAnin,4,0.25,0.4,0.3333,0,4
jYApaka,5,0.20833333333333334,-0.5,-0.2,3,4
jYAtavya,3,0.375,1.0,1.0,0,2
jYa,4,0.10256410256410256,1.0,1.0,0,12
jYeya,4,0.2,0.0,0.0,0,5
jaB,6,0.3333333333333333,0.7714,0.6,1,6
jaGana,6,0.20689655172413793,0.8857,0.7333,2,6
jaGanya,7,0.25,1.0,1.0,2,8
jaNgama,3,0.14285714285714285,1.0,1.0,1,6
jaWara,8,0.2,0.4762,0.5,6,4
jagadISvara,4,0.5,1.0,1.0,0,2
jagadguru,3,0.42857142857142855,1.0,1.0,0,1
jagannATa,3,0.16666666666666666,1.0,1.0,2,4
jagat,7,0.1320754716981132,0.1429,0.0476,4,6
jagatpati,4,0.3333333333333333,1.0,1.0,0,3
jahnu,3,0.16666666666666666,1.0,1.0,2,10
jahnukanyA,4,0.6666666666666666,0.8,0.6667,0,3
jalAYjali,3,0.42857142857142855,1.0,1.0,0,4
jalOkas,3,0.3333333333333333,1.0,1.0,0,4
jala,3,0.09375,-0.5,-0.3333,0,3
jalacara,3,0.5,1.0,1.0,0,3
jalada,4,0.26666666666666666,1.0,1.0,0,3
jalaja,6,0.2608695652173913,0.9429,0.8667,1,12
jalakrIqA,3,0.5,1.0,1.0,0,3
jalakukkuwa,3,0.75,1.0,1.0,0,2
jalaniDi,4,0.36363636363636365,0.8,0.6667,0,4
jalarASi,3,1.0,1.0,1.0,0,1
jaleSaya,4,0.6666666666666666,0.8,0.6667,0,1
jaleSvara,3,0.375,1.0,1.0,0,1
jaleyu,3,0.6,1.0,1.0,0,3
jalp,4,0.13793103448275862,0.6,0.3333,0,7
jalpa,3,0.15,0.5,0.3333,0,8
jam,4,0.8,1.0,1.0,1,2
jamBa,6,0.2727272727272727,1.0,1.0,1,10
jamBaka,5,0.2777777777777778,0.9,0.8,2,3
jamBana,3,0.75,1.0,1.0,1,1
jamadagni,3,0.13043478260869565,-0.5,-0.3333,1,4
jambuka,3,0.2,1.0,1.0,0,2
jan,12,0.14814814814814814,-0.1469,-0.0909,30,67
janArdana,4,0.25,1.0,1.0,0,5
jana,5,0.10204081632653061,1.0,1.0,6,14
janaka,6,0.20689655172413793,0.4286,0.4667,0,12
janamejaya,3,0.14285714285714285,1.0,1.0,0,11
janana,4,0.11764705882352941,1.0,1.0,4,6
janasTAna,3,1.0,1.0,1.0,0,2
janatA,4,0.2222222222222222,1.0,1.0,1,5
janeSvara,3,1.0,1.0,1.0,0,2
janitra,6,0.4,1.0,1.0,3,8
janmAntara,4,0.4,1.0,1.0,0,3
janmaBUmi,4,0.5,0.8,0.6667,0,4
janman,8,0.2,0.9762,0.9286,1,14
jantu,4,0.125,0.2,0.0,0,11
janya,11,0.22,0.8909,0.7818,2,22
jap,5,0.1388888888888889,-0.5,-0.2,1,17
jaqa,6,0.13636363636363635,0.6,0.4667,4,9
jaqatA,3,0.3,1.0,1.0,0,2
jaqiman,3,0.3333333333333333,0.5,0.3333,0,2
jarAyu,3,0.16666666666666666,1.0,1.0,0,2
jarAyuja,3,0.3333333333333333,1.0,1.0,0,4
jaradgava,4,0.4,1.0,1.0,0,2
jaras,4,0.19047619047619047,0.8,0.6667,2,4
jarjara,4,0.16,-0.4,-0.3333,3,7
jatru,7,0.3684210526315789,0.6429,0.619,1,8
jatu,5,0.35714285714285715,1.0,1.0,0,6
javanikA,3,0.3333333333333333,1.0,1.0,0,2
jawADara,3,0.17647058823529413,1.0,1.0,0,2
jawila,7,0.21875,0.8929,0.8095,1,6
jawin,3,0.21428571428571427,1.0,1.0,0,3
jaya,5,0.09433962264150944,0.7,0.6,2,23
jayadraTa,4,0.6666666666666666,1.0,1.0,0,6
jayanta,4,0.10526315789473684,1.0,1.0,0,8
jayasena,3,0.42857142857142855,1.0,1.0,0,3
jayin,8,0.5333333333333333,0.881,0.7143,2,10
jetavya,3,0.6,1.0,1.0,0,1
jfmBa,3,0.15789473684210525,1.0,1.0,0,2
jfmBaRa,5,0.35714285714285715,1.0,1.0,0,6
ji,9,0.10714285714285714,-0.0167,0.0,17,39
jiGAMsu,6,0.5454545454545454,0.9429,0.8667,0,5
jiGfkzu,3,0.42857142857142855,1.0,1.0,0,2
jigIzA,3,0.23076923076923078,0.5,0.3333,1,3
jihma,6,0.17647058823529413,0.9429,0.8667,2,9
jijYAsA,4,0.26666666666666666,0.8,0.6667,0,3
jina,3,0.0967741935483871,-1.0,-1.0,0,5
jinv,3,0.21428571428571427,0.5,0.3333,3,20
jivri,3,0.3,-0.5,-0.3333,0,3
jizRu,6,0.20689655172413793,0.6,0.4667,0,4
jugupsA,3,0.3,1.0,1.0,0,2
juz,10,0.2777777777777778,0.697,0.5111,19,51
juzwi,3,0.42857142857142855,1.0,1.0,2,6
jvAlAjihva,3,0.6,-0.5,-0.3333,0,1
jvAla,3,0.13636363636363635,1.0,1.0,1,1
jval,6,0.1111111111111111,0.6571,0.6,3,11
jvalana,4,0.17391304347826086,0.8,0.6667,2,3
jyA,5,0.13513513513513514,0.9,0.8,4,11
jyApASa,3,1.0,1.0,1.0,0,2
jyezWasAman,3,0.42857142857142855,1.0,1.0,0,1
jyotIrasa,3,0.6,0.5,0.3333,1,2
jyotirvid,3,0.3333333333333333,0.5,0.3333,0,2
jyotis,12,0.2,0.8252,0.6364,4,27
jyotsnA,5,0.19230769230769232,0.8,0.6,0,3
jyut,3,0.2727272727272727,1.0,1.0,0,4
kAMsya,5,0.25,0.3,0.2,1,8
kANkz,6,0.2222222222222222,0.7714,0.6,6,6
kANkzA,3,0.5,0.5,0.3333,0,3
kANkzin,4,0.4444444444444444,0.4,0.3333,0,4
kARa,6,0.23076923076923078,0.8286,0.7333,2,8
kARqa,10,0.20408163265306123,0.6848,0.5556,2,11
kASa,4,0.14814814814814814,-0.6,-0.3333,2,4
kASi,4,0.15384615384615385,0.8,0.6667,0,5
kASipati,3,1.0,1.0,1.0,0,2
kASirAja,4,0.3076923076923077,1.0,1.0,0,2
kASmIra,4,0.14814814814814814,0.4,0.3333,0,3
kASmarI,4,0.6666666666666666,1.0,1.0,0,3
kASya,3,0.1875,1.0,1.0,0,6
kAYcI,4,0.15384615384615385,0.4,0.3333,0,6
kAYcana,7,0.20588235294117646,0.9643,0.9048,0,15
kAca,3,0.15789473684210525,1.0,1.0,2,2
kAdamba,5,0.3125,0.9,0.8,0,3
kAdraveya,4,0.19047619047619047,1.0,1.0,0,8
kAka,7,0.22580645161290322,0.9643,0.9048,0,9
kAkatAlIya,3,0.25,-0.5,-0.3333,2,0
kAkutsTa,3,0.3333333333333333,1.0,1.0,0,2
kAkza,3,0.3333333333333333,-0.5,-0.3333,0,2
kAlAnala,4,0.6666666666666666,0.8,0.6667,0,2
kAlIyaka,3,0.3,1.0,1.0,1,2
kAla,9,0.10588235294117647,0.85,0.7222,20,19
kAlaDarma,3,0.5,0.5,0.3333,0,2
kAlacakra,3,0.3,1.0,1.0,0,2
kAlaka,5,0.21739130434782608,0.0,0.2,0,0
kAlakaYja,4,0.5714285714285714,1.0,1.0,0,1
kAlakeya,3,1.0,1.0,1.0,0,2
kAlanemi,4,0.3333333333333333,0.8,0.6667,0,1
kAlarAtri,3,0.21428571428571427,0.5,0.3333,1,1
kAliNga,4,0.23529411764705882,0.4,0.3333,1,2
kAlika,3,0.07692307692307693,0.5,0.3333,4,1
kAliya,3,0.2727272727272727,-0.5,-0.3333,0,1
kAma,9,0.16071428571428573,0.9667,0.8889,5,20
kAmacAra,4,0.3076923076923077,1.0,1.0,1,4
kAmacArin,4,0.36363636363636365,1.0,1.0,2,2
kAmada,3,0.375,1.0,1.0,0,1
kAmaduGa,4,0.2222222222222222,0.8,0.6667,1,4
kAmaga,3,0.5,0.5,0.3333,1,1
kAmagama,3,0.5,1.0,1.0,0,1
kAmakAra,3,0.6,1.0,1.0,0,3
kAmam,7,0.19444444444444445,1.0,1.0,1,23
kAmarUpa,5,0.2631578947368421,1.0,1.0,0,3
kAmarUpin,3,0.21428571428571427,1.0,1.0,0,4
kAmatas,3,0.375,1.0,1.0,0,3
kAmboja,3,0.11538461538461539,1.0,1.0,0,5
kAmin,3,0.1,0.5,0.3333,3,5
kAmpilya,4,0.26666666666666666,-0.2,0.0,0,4
kAmuka,3,0.13636363636363635,1.0,1.0,2,2
kAmyA,3,0.17647058823529413,1.0,1.0,0,6
kAmya,7,0.1891891891891892,0.7857,0.7143,1,17
kAnIna,4,0.26666666666666666,1.0,1.0,2,6
kAnana,4,0.3333333333333333,-0.4,-0.3333,0,5
kAntAra,6,0.2727272727272727,0.7714,0.6,1,4
kAnti,7,0.2413793103448276,0.75,0.5238,0,7
kApAlika,4,0.21052631578947367,1.0,1.0,2,4
kApaTa,4,0.4,0.4,0.3333,0,4
kApila,4,0.25,1.0,1.0,1,4
kApuruza,5,0.7142857142857143,1.0,1.0,0,4
kArUza,3,0.2727272727272727,1.0,1.0,0,3
kAraRa,6,0.1276595744680851,0.7714,0.6,1,6
kArkaSya,3,0.6,0.5,0.3333,0,0
kArpaRya,3,0.2727272727272727,1.0,1.0,0,0
kArttika,3,0.11538461538461539,1.0,1.0,0,4
kAru,3,0.15,1.0,1.0,1,2
kAruRya,3,0.23076923076923078,-0.5,-0.3333,0,1
kArya,7,0.16279069767441862,0.8571,0.7143,1,7
kArzRa,5,0.38461538461538464,0.9,0.8,0,2
kAs,4,0.5714285714285714,0.4,0.3333,2,2
kAsAra,3,0.23076923076923078,-0.5,-0.3333,0,3
kAtara,6,0.2727272727272727,-0.0286,-0.0667,0,6
kAtarya,3,1.0,1.0,1.0,0,2
kAtyAyana,3,0.11538461538461539,1.0,1.0,0,3
kAvya,8,0.24242424242424243,0.9286,0.7857,2,13
kAya,4,0.09302325581395349,1.0,1.0,0,6
kAzAya,4,0.23529411764705882,1.0,1.0,0,4
kAzWA,6,0.18181818181818182,0.5429,0.4667,0,9
kESika,6,0.2608695652173913,0.1429,0.2,0,3
kEkeya,3,0.17647058823529413,-0.5,-0.3333,1,2
kElAsa,3,0.10714285714285714,1.0,1.0,1,4
kErAta,3,0.25,0.5,0.3333,0,1
kErava,4,0.26666666666666666,1.0,1.0,2,2
kEtava,4,0.21052631578947367,-0.2,0.0,0,3
kEvalya,3,0.14285714285714285,-0.5,-0.3333,1,3
kEwaBa,3,0.13636363636363635,1.0,1.0,0,4
kIcaka,4,0.2,0.8,0.6667,1,3
kIlAla,5,0.45454545454545453,0.9,0.8,1,2
kIlaka,3,0.3,1.0,1.0,1,1
kInASa,5,0.18518518518518517,1.0,1.0,5,4
kIrti,4,0.10810810810810811,1.0,1.0,1,8
kOSala,4,0.25,0.4,0.3333,0,4
kOSika,8,0.13114754098360656,-0.4286,-0.2857,0,14
kOkila,3,0.5,1.0,1.0,0,2
kOlIna,5,0.29411764705882354,0.4,0.4,0,3
kOmAra,5,0.16666666666666666,0.9,0.8,2,10
kOpIna,4,0.2222222222222222,0.4,0.3333,1,5
kOrava,3,0.3,1.0,1.0,0,3
kOstuBa,4,0.2,1.0,1.0,1,3
kOtUhala,3,0.25,0.5,0.3333,1,3
kOtsa,4,0.19047619047619047,-0.2,0.0,1,3
kOtuka,4,0.17391304347826086,1.0,1.0,5,8
kU,4,0.26666666666666666,0.8,0.6667,1,2
kUj,3,0.10344827586206896,1.0,1.0,0,4
kUja,3,0.5,-0.5,-0.3333,0,1
kUrca,3,0.08333333333333333,1.0,1.0,1,4
kUrd,4,0.6666666666666666,0.8,0.6667,0,3
kUrma,5,0.125,1.0,1.0,0,2
kUwa,10,0.2,0.6727,0.5556,1,12
kUwaSAlmali,3,0.42857142857142855,0.5,0.3333,0,0
kUwamudgara,3,0.6,1.0,1.0,0,3
ka,6,0.08,0.4857,0.3333,27,35
kaMDara,3,0.21428571428571427,1.0,1.0,0,2
kaMsa,4,0.12903225806451613,1.0,1.0,1,8
kaNka,5,0.15625,0.7,0.6,1,7
kaNkaRa,3,0.1111111111111111,1.0,1.0,1,2
kaNkata,3,0.21428571428571427,0.5,0.3333,0,1
kaNkawa,3,0.23076923076923078,1.0,1.0,1,2
kaRWa,6,0.15,0.2571,0.2,1,6
kaRWya,3,0.3,1.0,1.0,1,4
kaRa,10,0.2777777777777778,1.0,1.0,1,7
kaRva,5,0.20833333333333334,0.0,0.2,0,11
kaRwaka,8,0.16666666666666666,0.9286,0.7857,1,6
kaSa,3,0.2,1.0,1.0,0,1
kaSeru,3,0.15789473684210525,0.5,0.3333,0,3
kaSyapa,6,0.16216216216216217,1.0,1.0,2,24
kaTA,8,0.2,-0.3571,-0.2143,2,9
kaTaka,3,0.375,1.0,1.0,0,1
kaTana,3,0.5,1.0,1.0,0,2
kaWina,8,0.25806451612903225,0.9524,0.8571,3,4
kaWora,6,0.375,0.6571,0.6,1,3
kaYcuka,3,0.15789473684210525,-0.5,-0.3333,1,1
kabanDa,8,0.2222222222222222,0.9048,0.7857,2,10
kacCa,4,0.2,0.8,0.6667,1,5
kacCapa,3,0.15,1.0,1.0,0,2
kaca,3,0.13636363636363635,-0.5,-0.3333,0,3
kad,3,0.12,0.5,0.3333,2,6
kadA,5,0.15625,-0.1,0.0,1,13
kadala,3,0.125,0.5,0.3333,3,2
kadamba,7,0.21212121212121213,0.8929,0.8095,0,3
kadana,3,0.2727272727272727,0.5,0.3333,0,2
kakuB,4,0.14814814814814814,-0.6,-0.3333,2,6
kakuBa,6,0.25,0.9429,0.8667,1,2
kakud,3,0.17647058823529413,1.0,1.0,2,6
kakuda,4,0.21052631578947367,1.0,1.0,1,2
kakudmin,3,0.3333333333333333,1.0,1.0,0,3
kakutsTa,3,0.375,-0.5,-0.3333,1,3
kakza,8,0.12903225806451613,0.3333,0.2857,8,14
kakzeyu,3,1.0,1.0,1.0,0,2
kakzya,3,0.13636363636363635,1.0,1.0,5,0
kal,9,0.13636363636363635,0.8833,0.7778,12,24
kalA,12,0.1875,0.2308,0.303,0,14
kalApa,4,0.10526315789473684,0.8,0.6667,2,4
kalApaka,3,0.2,1.0,1.0,1,0
kalApin,3,0.14285714285714285,0.5,0.3333,1,2
kalAya,3,0.375,1.0,1.0,0,1
kala,4,0.12903225806451613,1.0,1.0,3,4
kalaBa,4,0.26666666666666666,0.8,0.6667,0,2
kalaDOta,3,0.25,1.0,1.0,0,2
kalahaMsa,3,0.23076923076923078,1.0,1.0,0,2
kalama,3,0.25,1.0,1.0,0,4
kalatra,4,0.16,1.0,1.0,0,2
kalaviNka,3,0.15,1.0,1.0,0,1
kali,5,0.11627906976744186,0.9,0.8,4,12
kaliNga,5,0.16129032258064516,1.0,1.0,4,4
kalila,3,0.2,1.0,1.0,0,2
kalka,4,0.17391304347826086,1.0,1.0,4,2
kalmAza,4,0.17391304347826086,1.0,1.0,1,4
kalmAzapAda,4,0.8,0.4,0.3333,0,3
kalmaza,3,0.11538461538461539,0.5,0.3333,1,4
kalpa,8,0.09195402298850575,0.5,0.3571,6,24
kalpavfkza,3,0.23076923076923078,1.0,1.0,0,4
kaluza,6,0.25,0.8286,0.7333,0,3
kalyARa,9,0.1956521739130435,0.6167,0.3889,1,15
kam,8,0.1509433962264151,0.8333,0.7143,11,32
kamaWa,3,0.16666666666666666,1.0,1.0,0,1
kamala,5,0.09615384615384616,0.4,0.4,2,2
kamalinI,3,0.3,-0.5,-0.3333,1,1
kambala,4,0.125,0.8,0.6667,0,5
kamp,4,0.09302325581395349,0.4,0.3333,3,6
kampana,4,0.19047619047619047,1.0,1.0,0,3
kanaka,3,0.09090909090909091,1.0,1.0,5,2
kandara,3,0.125,1.0,1.0,1,3
kandarpa,4,0.2857142857142857,1.0,1.0,0,3
kandu,3,0.23076923076923078,1.0,1.0,0,1
kanduka,3,0.14285714285714285,1.0,1.0,0,2
kanizWa,3,0.07894736842105263,0.5,0.3333,2,4
kanyA,4,0.1111111111111111,1.0,1.0,3,3
kanyakubja,3,0.375,-0.5,-0.3333,0,7
kapAla,9,0.1956521739130435,0.9,0.8333,3,21
kapAlin,5,0.20833333333333334,0.7,0.6,0,6
kapAwa,3,0.21428571428571427,0.5,0.3333,1,3
kapardin,4,0.26666666666666666,1.0,1.0,2,2
kapawa,3,0.15,1.0,1.0,0,2
kapi,4,0.13793103448275862,1.0,1.0,0,7
kapiYjala,5,0.18518518518518517,1.0,1.0,1,3
kapila,8,0.18604651162790697,0.7381,0.6429,2,6
kapola,4,0.26666666666666666,0.8,0.6667,1,2
kapota,5,0.25,1.0,1.0,0,5
kapotaka,3,0.25,-0.5,-0.3333,1,2
karAla,6,0.17142857142857143,1.0,1.0,1,7
karRa,12,0.24489795918367346,0.972,0.9091,5,16
karRika,3,0.11538461538461539,1.0,1.0,1,0
karRin,5,0.38461538461538464,1.0,1.0,0,3
kara,7,0.18421052631578946,0.5357,0.4286,3,12
karaBa,5,0.1388888888888889,1.0,1.0,0,3
karaRa,9,0.12857142857142856,0.8667,0.7778,12,23
karaYjaka,3,0.5,0.5,0.3333,0,2
karahAwaka,3,0.75,1.0,1.0,0,0
karaka,3,0.17647058823529413,1.0,1.0,2,2
karamBa,5,0.21739130434782608,0.9,0.8,0,2
karavIra,5,0.2777777777777778,0.7,0.6,0,3
karawa,4,0.21052631578947367,1.0,1.0,0,4
kardama,6,0.23076923076923078,0.9429,0.8667,2,2
kareRu,5,0.2777777777777778,0.7,0.6,0,4
karka,3,0.15,0.5,0.3333,1,2
karkaSa,3,0.15,1.0,1.0,1,2
karkanDu,3,0.125,1.0,1.0,0,4
karkara,4,0.3333333333333333,0.4,0.3333,0,6
karkawa,3,0.10714285714285714,1.0,1.0,4,2
karkawaka,3,0.2727272727272727,1.0,1.0,0,1
karkowaka,3,0.2727272727272727,1.0,1.0,0,1
karmAnta,3,0.23076923076923078,1.0,1.0,0,4
karmaRya,3,0.1875,1.0,1.0,2,3
karman,11,0.24444444444444444,0.5545,0.5273,4,21
karpUra,5,0.3125,0.9,0.8,1,2
kartavya,3,0.1875,1.0,1.0,0,5
kartavyatA,3,0.75,0.5,0.3333,0,1
karuRa,7,0.2,0.75,0.619,2,4
karzaRa,4,0.18181818181818182,1.0,1.0,3,5
karzin,3,0.5,1.0,1.0,0,1
kas,5,0.16129032258064516,0.9,0.8,1,3
katT,3,0.3,1.0,1.0,0,7
katTana,3,0.6,1.0,1.0,0,3
kavaca,5,0.1724137931034483,1.0,1.0,2,4
kavacin,4,0.4444444444444444,1.0,1.0,0,4
kavala,5,0.29411764705882354,0.7,0.6,0,4
kavara,5,0.22727272727272727,0.4,0.4,1,5
kavi,12,0.2608695652173913,0.9441,0.8485,4,20
kavya,4,0.18181818181818182,0.8,0.6667,0,3
kavyavAhana,3,0.21428571428571427,0.5,0.3333,0,4
kawAgni,3,0.6,1.0,1.0,0,2
kawAha,5,0.2631578947368421,0.7,0.6,0,2
kawa,6,0.1875,0.2571,0.2,5,3
kawaka,6,0.15384615384615385,0.7714,0.6,6,4
kawu,7,0.30434782608695654,0.8571,0.7143,0,7
kazAya,9,0.16981132075471697,0.9,0.7778,3,11
kazwa,9,0.225,0.4,0.3333,1,11
keSAnta,5,0.22727272727272727,0.9,0.8,0,7
keSa,4,0.09302325581395349,1.0,1.0,1,4
keSahasta,4,0.5714285714285714,0.4,0.3333,0,2
keSava,4,0.17391304347826086,0.4,0.3333,0,4
keSin,3,0.10714285714285714,1.0,1.0,1,3
kekA,3,0.25,1.0,1.0,0,2
kerala,3,0.21428571428571427,1.0,1.0,0,2
kesara,7,0.21875,0.8571,0.7143,1,13
keta,3,0.25,1.0,1.0,2,3
ketaka,3,0.1875,1.0,1.0,0,2
ketana,5,0.23809523809523808,0.7,0.6,2,8
ketu,8,0.19047619047619047,0.9762,0.9286,6,17
ketumAla,4,0.36363636363636365,0.4,0.3333,0,3
kevala,3,0.061224489795918366,1.0,1.0,3,7
keyUra,4,0.23529411764705882,1.0,1.0,0,2
kfSAnu,4,0.2,0.8,0.6667,0,8
kfSa,4,0.11428571428571428,0.8,0.6667,1,6
kfSana,4,0.5,-0.2,0.0,1,1
kfSatA,3,1.0,1.0,1.0,0,2
kfcCra,6,0.15384615384615385,0.9429,0.8667,2,13
kfdara,3,0.6,0.5,0.3333,0,0
kfkavAku,3,0.1875,1.0,1.0,0,2
kfmi,7,0.2692307692307692,0.7857,0.619,4,12
kfmuka,4,0.6666666666666666,-0.2,0.0,0,3
kfpA,3,0.17647058823529413,0.5,0.3333,0,2
kfpa,3,0.2,1.0,1.0,1,6
kfpaRa,5,0.11904761904761904,0.7,0.6,1,8
kfsara,5,0.20833333333333334,0.6,0.4,0,7
kft,3,0.11538461538461539,-0.5,-0.3333,4,25
kftAgas,4,1.0,1.0,1.0,0,2
kftAkfta,3,0.17647058823529413,-0.5,-0.3333,0,4
kftAnta,7,0.35,1.0,1.0,0,4
kfta,9,0.1875,1.0,1.0,4,13
kftabudDi,4,0.2857142857142857,-0.6,-0.3333,0,3
kftakArya,4,0.5714285714285714,0.8,0.6667,0,2
kftaka,6,0.42857142857142855,0.9429,0.8667,0,4
kftalakzaRa,4,0.4,-0.6,-0.3333,0,2
kftapratikfta,3,1.0,1.0,1.0,0,1
kftavIrya,4,0.5,1.0,1.0,0,3
kftavidya,3,1.0,1.0,1.0,0,2
kftayuga,3,0.5,1.0,1.0,0,3
kfti,12,0.2608695652173913,0.4476,0.3939,2,11
kftin,4,0.16,0.2,0.0,0,5
kftrima,5,0.16129032258064516,0.4,0.4,0,5
kftti,4,0.2857142857142857,1.0,1.0,2,5
kfttikA,3,0.10714285714285714,-1.0,-1.0,3,6
kfttivAsas,4,0.4444444444444444,1.0,1.0,0,3
kftya,3,0.06818181818181818,0.5,0.3333,4,3
kfzRa,15,0.24193548387096775,0.6857,0.5429,9,40
kfzRadvEpAyana,3,0.6,1.0,1.0,0,4
kfzRagrIva,4,0.6666666666666666,0.4,0.3333,0,4
kfzRala,5,0.2631578947368421,0.1,0.0,3,6
kfzRasAra,3,0.13043478260869565,0.5,0.3333,0,5
kfzRasarpa,4,0.6666666666666666,0.4,0.3333,0,3
kfzRavartman,3,0.3,1.0,1.0,0,3
kfzi,4,0.15384615384615385,0.4,0.3333,1,3
kiMSila,3,0.42857142857142855,1.0,1.0,0,3
kiMSuka,3,0.21428571428571427,-0.5,-0.3333,0,1
kiMkara,4,0.26666666666666666,0.8,0.6667,0,2
kiSora,3,0.2727272727272727,1.0,1.0,0,2
kilAsa,4,0.2857142857142857,0.4,0.3333,0,4
kila,3,0.07894736842105263,1.0,1.0,2,4
kilbiza,3,0.13043478260869565,1.0,1.0,0,2
kim,9,0.16981132075471697,0.4167,0.3889,1,17
kirIwin,3,0.2727272727272727,0.5,0.3333,0,3
kiraRa,4,0.17391304347826086,1.0,1.0,0,2
kitava,5,0.16666666666666666,0.7,0.6,0,4
klIba,5,0.16129032258064516,1.0,1.0,3,6
kleSa,4,0.14814814814814814,1.0,1.0,0,7
kleda,4,0.5,0.4,0.3333,0,3
kliS,5,0.13157894736842105,0.0,-0.2,9,13
klid,4,0.18181818181818182,0.8,0.6667,1,7
kloman,4,0.19047619047619047,0.8,0.6667,1,5
koRa,4,0.13333333333333333,1.0,1.0,3,5
koSAgAra,3,1.0,1.0,1.0,0,2
koSa,10,0.15151515151515152,0.7091,0.6444,7,29
kodaRqa,4,0.36363636363636365,0.6,0.3333,0,5
kodrava,3,0.375,1.0,1.0,0,3
koka,5,0.22727272727272727,0.9,0.8,0,5
kokanada,3,0.375,0.5,0.3333,0,2
kokila,5,0.22727272727272727,0.7,0.6,0,6
kolAhala,3,0.15,1.0,1.0,1,3
kola,5,0.16129032258064516,0.9,0.8,1,3
komala,4,0.125,0.8,0.6667,1,4
kopa,5,0.19230769230769232,0.5,0.4,0,6
kopana,4,0.25,1.0,1.0,0,1
kopin,3,0.42857142857142855,1.0,1.0,0,1
koraka,4,0.3076923076923077,0.8,0.6667,0,3
kovidAra,5,0.45454545454545453,1.0,1.0,0,5
kowi,3,0.057692307692307696,1.0,1.0,1,4
kozWa,4,0.11764705882352941,0.8,0.6667,1,10
krIq,6,0.15,0.1429,0.2,10,12
krOYca,5,0.09803921568627451,0.3,0.2,2,15
krUra,5,0.1111111111111111,0.5,0.4,3,10
krUrakarman,4,0.2857142857142857,1.0,1.0,1,4
kraTana,5,0.625,1.0,1.0,1,1
kram,9,0.0891089108910891,0.8167,0.6667,34,34
kramAgata,3,0.25,1.0,1.0,0,3
krama,13,0.22033898305084745,0.8407,0.7436,5,14
kramaRa,5,0.2777777777777778,0.9,0.8,0,4
kramaSas,3,0.25,0.5,0.3333,0,5
krand,6,0.15384615384615385,0.8286,0.7333,7,24
kratu,6,0.12,0.8286,0.7333,3,18
kravyAd,5,0.21739130434782608,1.0,1.0,0,7
kravya,3,0.3,-0.5,-0.3333,0,1
krayika,3,0.375,-0.5,-0.3333,0,1
kriyA,6,0.13333333333333333,0.5429,0.4667,2,9
kriyAyoga,3,0.1875,-0.5,-0.3333,1,4
kroDa,6,0.2,0.8286,0.7333,0,5
kroDana,4,0.23529411764705882,0.8,0.6667,0,0
kroSa,4,0.18181818181818182,1.0,1.0,1,5
kroqa,9,0.23076923076923078,1.0,1.0,1,6
kruD,5,0.14705882352941177,0.4,0.4,4,17
kruS,5,0.11363636363636363,0.7,0.6,3,16
kruYc,4,0.3076923076923077,0.8,0.6667,3,4
kuNkuma,3,0.16666666666666666,0.5,0.3333,0,2
kuRapa,5,0.15625,0.7,0.6,0,5
kuRqASin,3,0.2727272727272727,0.5,0.3333,0,3
kuRqaka,3,0.75,1.0,1.0,0,0
kuRqalin,3,0.13636363636363635,1.0,1.0,0,1
kuRqina,4,0.19047619047619047,1.0,1.0,0,3
kuSAmba,3,0.375,0.5,0.3333,1,2
kuSAvatI,3,0.75,-0.5,-0.3333,0,3
kuSIlava,3,0.2727272727272727,-0.5,-0.3333,1,3
kuSa,6,0.11320754716981132,0.5429,0.4667,2,9
kuSala,5,0.08928571428571429,0.7,0.6,1,12
kuSanABa,3,0.42857142857142855,1.0,1.0,0,3
kuSeSaya,4,0.3076923076923077,0.8,0.6667,2,1
kuSika,3,0.13043478260869565,1.0,1.0,0,5
kuWAra,3,0.2,1.0,1.0,0,1
kuYjara,5,0.17857142857142858,0.7,0.6,1,5
kubera,3,0.08823529411764706,1.0,1.0,2,4
kuhU,4,0.16,0.4,0.3333,1,4
kuhaka,5,0.3125,0.7,0.6,0,3
kuhara,5,0.2631578947368421,1.0,1.0,0,3
kukkura,5,0.2777777777777778,1.0,1.0,0,6
kukura,4,0.2857142857142857,1.0,1.0,0,3
kukzi,9,0.32142857142857145,0.6833,0.5556,0,8
kulAla,3,0.17647058823529413,1.0,1.0,0,2
kulAya,3,0.10714285714285714,0.5,0.3333,3,6
kulIna,4,0.16,0.4,0.3333,0,5
kulIra,3,0.3333333333333333,1.0,1.0,1,2
kula,4,0.08888888888888889,0.8,0.6667,4,6
kulapati,3,0.42857142857142855,1.0,1.0,0,2
kuliSa,8,0.2962962962962963,0.9762,0.9286,0,6
kulyA,4,0.21052631578947367,0.6,0.3333,2,2
kulya,3,0.15,1.0,1.0,1,2
kumAra,8,0.1509433962264151,0.7857,0.6429,5,7
kumBIpAka,3,0.3,1.0,1.0,0,2
kumBa,9,0.12857142857142856,0.7333,0.6111,0,15
kumBaka,3,0.16666666666666666,-0.5,-0.3333,0,2
kumBakarRa,4,0.5,0.8,0.6667,0,3
kumuda,7,0.21875,0.6429,0.619,2,5
kumudinI,3,0.3,1.0,1.0,0,1
kunaKin,3,0.25,1.0,1.0,0,2
kuntala,4,0.18181818181818182,0.8,0.6667,1,3
kunti,4,0.19047619047619047,0.8,0.6667,0,3
kup,4,0.12903225806451613,-0.4,-0.3333,2,13
kupaTa,3,0.375,1.0,1.0,0,1
kuqmala,3,0.17647058823529413,1.0,1.0,0,5
kuraNga,4,0.25,1.0,1.0,1,2
kurara,3,0.15789473684210525,1.0,1.0,0,1
kuru,4,0.10810810810810811,0.2,0.0,1,6
kusumBa,3,0.1875,0.5,0.3333,0,2
kusuma,4,0.19047619047619047,1.0,1.0,0,2
kutas,7,0.14583333333333334,0.9286,0.8095,0,11
kutra,4,0.2222222222222222,0.4,0.3333,1,3
kutsa,4,0.2222222222222222,0.4,0.3333,2,12
kuvala,3,0.1875,0.5,0.3333,2,3
kuvalayApIqa,3,0.6,1.0,1.0,1,1
kuvalaya,3,0.15789473684210525,1.0,1.0,0,2
kuwila,4,0.11428571428571428,0.4,0.3333,3,2
kuwumbin,5,0.20833333333333334,0.9,0.8,0,4
kuzWa,7,0.3333333333333333,0.5714,0.4286,2,6
kuzmARqa,5,0.21739130434782608,0.9,0.8,2,3
kva,15,0.30612244897959184,0.5571,0.4286,0,21
kvaR,4,0.25,0.0,0.0,0,7
kvaT,4,0.21052631578947367,-0.8,-0.6667,0,6
kxpti,4,0.23529411764705882,0.8,0.6667,2,5
kzA,3,0.2,1.0,1.0,2,2
kzAlana,3,0.375,0.5,0.3333,0,3
kzAma,6,0.1875,0.4857,0.3333,2,7
kzAnti,3,0.1875,1.0,1.0,0,2
kzAra,6,0.21428571428571427,0.3714,0.3333,2,4
kzAtra,3,0.25,1.0,1.0,1,3
kzIra,9,0.32142857142857145,0.3333,0.3889,2,9
kzIrin,5,0.23809523809523808,1.0,1.0,1,6
kzIroda,4,0.2,1.0,1.0,1,5
kzOma,4,0.125,1.0,1.0,1,6
kzOra,3,0.2,-0.5,-0.3333,0,1
kzRu,3,0.23076923076923078,0.5,0.3333,1,4
kzaRa,6,0.11764705882352941,0.7143,0.6,2,9
kzaRadAcara,3,0.75,1.0,1.0,0,3
kzaRika,4,0.25,-0.2,0.0,0,3
kzal,4,0.16,0.4,0.3333,3,6
kzam,11,0.2894736842105263,0.5364,0.5273,18,39
kzama,6,0.10909090909090909,0.5429,0.4667,3,7
kzamin,4,0.36363636363636365,0.8,0.6667,0,5
kzan,3,0.13636363636363635,1.0,1.0,1,5
kzantavya,3,0.375,1.0,1.0,0,3
kzap,5,0.29411764705882354,1.0,1.0,1,6
kzar,6,0.1935483870967742,0.9429,0.8667,4,21
kzaraRa,3,0.75,0.5,0.3333,0,0
kzata,3,0.11538461538461539,1.0,1.0,3,2
kzataja,4,0.4444444444444444,1.0,1.0,0,4
kzati,4,0.26666666666666666,0.8,0.6667,2,2
kzatra,7,0.25,0.9643,0.9048,2,14
kzatraBft,4,0.5,0.8,0.6667,0,3
kzatraDarman,3,0.5,1.0,1.0,0,2
kzatriya,4,0.13333333333333333,1.0,1.0,4,11
kzaya,11,0.22916666666666666,0.8909,0.7818,2,21
kzayin,4,0.21052631578947367,1.0,1.0,1,6
kzema,8,0.16666666666666666,0.9048,0.7857,0,23
kzemaka,3,0.25,1.0,1.0,0,1
kzemya,6,0.24,1.0,1.0,1,10
kzepa,6,0.25,0.7714,0.6,3,3
kzepaka,3,0.2727272727272727,0.5,0.3333,0,1
kzepya,3,0.3,-0.5,-0.3333,0,1
kzetra,13,0.21666666666666667,0.9286,0.7949,5,24
kzetrajYa,3,0.09375,1.0,1.0,1,9
kzi,10,0.14925373134328357,0.8788,0.6889,20,36
kzip,12,0.14285714285714285,0.6154,0.4545,14,39
kziprakArin,3,0.75,-0.5,-0.3333,0,0
kziti,4,0.14285714285714285,-0.2,0.0,2,3
kzitiBft,3,0.6,1.0,1.0,0,2
kzitiBuj,3,0.6,1.0,1.0,0,3
kzitija,4,0.25,1.0,1.0,0,3
kzitipAla,4,0.5,0.4,0.3333,0,4
kzitipa,3,0.6,1.0,1.0,0,3
kzitipati,3,0.6,1.0,1.0,0,3
kzmA,5,0.3333333333333333,0.9,0.8,0,4
kzoBa,6,0.5,0.4857,0.3333,1,4
kzoBaRa,3,0.42857142857142855,1.0,1.0,1,1
kzu,6,0.1935483870967742,-0.0857,0.0667,3,13
kzuB,5,0.14285714285714285,0.1,0.0,4,9
kzuD,4,0.14285714285714285,0.2,0.0,5,11
kzud,4,0.16,1.0,1.0,2,8
kzudra,7,0.13725490196078433,0.75,0.619,4,10
kzudraka,3,0.23076923076923078,0.5,0.3333,0,3
kzullaka,4,0.2,1.0,1.0,2,3
kzupa,4,0.26666666666666666,1.0,1.0,0,3
kzura,3,0.1,1.0,1.0,3,5
kzurapavi,3,0.2727272727272727,-0.5,-0.3333,0,4
kzurapra,4,0.26666666666666666,1.0,1.0,0,5
kzviq,4,0.23529411764705882,-0.4,-0.3333,0,3
lA,4,0.3333333333333333,0.4,0.3333,1,7
lABa,5,0.14285714285714285,1.0,1.0,2,5
lAGava,6,0.17142857142857143,0.8286,0.7333,1,9
lAji,3,1.0,0.5,0.3333,1,1
lAlanIya,3,1.0,1.0,1.0,0,2
lAwa,3,0.11538461538461539,1.0,1.0,0,2
lI,5,0.054945054945054944,0.4,0.4,7,20
lIlA,4,0.09090909090909091,1.0,1.0,2,8
lOhitya,3,0.16666666666666666,1.0,1.0,0,1
lOkika,4,0.08163265306122448,0.4,0.3333,1,5
lOlya,3,0.17647058823529413,1.0,1.0,1,1
lU,3,0.08333333333333333,0.5,0.3333,2,14
laB,10,0.09615384615384616,0.2485,0.1556,12,39
laBya,3,0.08823529411764706,1.0,1.0,2,6
laGiman,4,0.2,0.8,0.6667,0,4
laGu,7,0.11864406779661017,0.3214,0.3333,3,10
laGutA,4,0.21052631578947367,0.8,0.6667,0,5
laGutva,3,0.1875,1.0,1.0,0,2
laNG,10,0.24390243902439024,0.8667,0.7778,1,30
laNGana,3,0.07894736842105263,0.5,0.3333,0,4
laNGya,4,0.2857142857142857,1.0,1.0,0,4
laNg,3,0.5,-0.5,-0.3333,1,2
lag,6,0.09836065573770492,0.7714,0.6,4,11
lajj,4,0.12121212121212122,0.4,0.3333,1,6
lakzaRa,6,0.07692307692307693,0.7143,0.4667,3,14
lakzmI,5,0.08333333333333333,0.3,0.2,2,16
lakzmaRa,3,0.075,1.0,1.0,2,5
lakzya,10,0.21739130434782608,0.8061,0.7333,0,12
lal,4,0.15384615384615385,0.8,0.6667,3,5
lalAma,3,0.13043478260869565,1.0,1.0,1,2
lalita,6,0.10909090909090909,-0.7714,-0.6,2,6
lamb,5,0.07936507936507936,0.7,0.6,2,19
lamba,3,0.07894736842105263,0.5,0.3333,0,1
lambakarRa,3,0.2727272727272727,1.0,1.0,0,1
lambana,3,0.16666666666666666,0.5,0.3333,0,1
lambodara,3,0.1875,1.0,1.0,0,3
lap,9,0.17647058823529413,1.0,1.0,1,17
las,6,0.16216216216216217,1.0,1.0,3,11
latA,5,0.11904761904761904,0.5,0.2,3,4
lava,5,0.08620689655172414,1.0,1.0,3,7
lavaRa,5,0.1282051282051282,-0.3,-0.2,0,3
laya,7,0.125,0.7143,0.5238,3,7
leKaka,3,0.15789473684210525,1.0,1.0,0,1
leKana,4,0.17391304347826086,1.0,1.0,3,4
leKya,8,0.34782608695652173,0.9762,0.9286,0,5
leSa,3,0.07317073170731707,1.0,1.0,0,4
lepa,4,0.10256410256410256,0.2,0.0,1,5
liK,10,0.12658227848101267,0.8424,0.6444,2,21
liNga,7,0.1,0.7143,0.619,4,18
lih,5,0.11627906976744186,1.0,1.0,3,16
lip,6,0.08695652173913043,0.7714,0.6,8,20
lipi,3,0.15,1.0,1.0,1,3
loha,4,0.10526315789473684,1.0,1.0,1,4
lohita,8,0.12903225806451613,0.3095,0.4286,4,5
lohitoda,3,0.75,1.0,1.0,0,1
lok,6,0.10714285714285714,0.0857,0.0667,2,5
lokAloka,3,0.1875,1.0,1.0,0,5
lokAyatika,3,0.23076923076923078,1.0,1.0,2,1
loka,7,0.10294117647058823,0.8929,0.8095,3,33
lokakft,4,0.36363636363636365,1.0,1.0,0,4
lomaSa,3,0.0967741935483871,0.5,0.3333,0,1
lomaharzaRa,5,0.625,1.0,1.0,0,4
lopa,4,0.12121212121212122,-0.8,-0.6667,1,8
luB,4,0.08333333333333333,0.8,0.6667,2,15
luRW,3,0.23076923076923078,0.5,0.3333,0,7
luW,6,0.16216216216216217,0.5429,0.4667,0,16
luYc,3,0.16666666666666666,1.0,1.0,0,7
lul,4,0.14814814814814814,1.0,1.0,2,3
lup,9,0.10843373493975904,0.5833,0.5,5,34
luq,3,0.13043478260869565,0.5,0.3333,0,5
luw,3,0.42857142857142855,-0.5,-0.3333,0,7
mA,14,0.11764705882352941,0.8066,0.6923,15,67
mADava,8,0.1568627450980392,0.9286,0.8571,1,11
mADvI,3,0.23076923076923078,-0.5,-0.3333,1,8
mAMsa,3,0.07142857142857142,1.0,1.0,1,2
mATura,3,0.21428571428571427,0.5,0.3333,0,1
mAdrI,3,0.375,1.0,1.0,0,2
mAgaDa,5,0.12195121951219512,0.4,0.4,1,8
mAheSvara,3,0.14285714285714285,1.0,1.0,1,4
mAlA,3,0.06976744186046512,1.0,1.0,3,4
mAlava,3,0.08823529411764706,1.0,1.0,1,6
mAlaya,3,0.3333333333333333,1.0,1.0,0,0
mAlyApaRa,3,0.75,0.5,0.3333,0,2
mAna,7,0.09333333333333334,0.7857,0.619,6,9
mAnasa,5,0.07575757575757576,0.8,0.6,1,6
mAnaskfta,3,1.0,1.0,1.0,0,0
mAnda,4,0.8,1.0,1.0,0,3
mAndya,3,0.17647058823529413,1.0,1.0,0,4
mArIca,4,0.18181818181818182,0.8,0.6667,1,3
mAraRa,3,0.2,1.0,1.0,1,3
mArg,6,0.25,0.9429,0.8667,2,20
mArgAra,4,1.0,0.4,0.3333,0,0
mArga,11,0.1896551724137931,-0.0091,0.1273,1,18
mArgaRa,4,0.2222222222222222,1.0,1.0,1,2
mArgitavya,3,1.0,0.5,0.3333,0,1
mArjAlIya,3,0.2,1.0,1.0,1,2
mArjAra,3,0.125,1.0,1.0,0,3
mArkaRqeya,3,0.16666666666666666,1.0,1.0,0,2
mArttikAvata,3,0.375,1.0,1.0,0,2
mAruta,7,0.1590909090909091,0.6429,0.4286,1,7
mAsara,4,0.4444444444444444,1.0,1.0,0,2
mAtAmaha,3,0.13043478260869565,0.5,0.3333,0,2
mAtariSvan,4,0.14285714285714285,-0.2,0.0,0,2
mAtra,4,0.044444444444444446,1.0,1.0,10,11
mAtsya,5,0.2631578947368421,1.0,1.0,1,6
mAyAvin,3,0.14285714285714285,1.0,1.0,2,3
mAyUra,4,0.3076923076923077,1.0,1.0,0,1
mEreya,3,0.17647058823529413,-0.5,-0.3333,0,1
mEtrAvaruRa,3,0.13043478260869565,0.5,0.3333,2,5
mEtra,6,0.10526315789473684,0.9429,0.8667,2,3
mEtreya,3,0.09375,1.0,1.0,1,1
mIl,3,0.05,1.0,1.0,3,10
mIlana,3,0.3333333333333333,1.0,1.0,0,1
mOdgalya,3,0.1875,0.5,0.3333,0,0
mOla,3,0.2727272727272727,1.0,1.0,1,3
mOli,3,0.10344827586206896,1.0,1.0,0,3
mOsala,4,0.3076923076923077,1.0,1.0,0,2
mUQatva,3,0.5,1.0,1.0,0,2
mUla,8,0.11267605633802817,0.1667,0.2143,3,10
mUlaka,4,0.17391304347826086,0.8,0.6667,0,3
mUlaprakfti,4,0.3333333333333333,1.0,1.0,2,4
mUlatas,3,0.375,0.5,0.3333,0,1
mUlya,4,0.14285714285714285,0.4,0.3333,0,6
mUrCana,5,0.18518518518518517,1.0,1.0,2,4
mUrDABizikta,3,0.16666666666666666,0.5,0.3333,0,1
mUrta,3,0.1111111111111111,1.0,1.0,1,0
mUzaka,3,0.10714285714285714,1.0,1.0,1,2
maDUcCizwa,3,0.3333333333333333,-0.5,-0.3333,0,2
maDu,8,0.1111111111111111,0.0952,0.1429,5,22
maDuhan,3,0.2727272727272727,1.0,1.0,0,4
maDuka,3,0.07894736842105263,1.0,1.0,6,1
maDumatta,3,0.6,0.5,0.3333,1,0
maDumiSra,3,0.6,1.0,1.0,0,2
maDura,4,0.07692307692307693,1.0,1.0,9,3
maDya,9,0.1111111111111111,-0.3167,-0.1111,3,16
maDyama,4,0.06060606060606061,0.6,0.3333,0,3
maGavan,5,0.1388888888888889,0.7,0.6,3,10
maNgala,3,0.04477611940298507,1.0,1.0,4,7
maNgalya,4,0.10810810810810811,0.4,0.3333,1,4
maRi,5,0.08333333333333333,0.4,0.4,5,5
maRiBadra,3,0.3333333333333333,1.0,1.0,0,2
maRqa,5,0.19230769230769232,1.0,1.0,6,6
maRqaka,3,0.21428571428571427,1.0,1.0,1,2
maRqala,6,0.07317073170731707,0.9429,0.8667,8,14
maRqalin,5,0.2631578947368421,0.7,0.6,0,2
maSaka,4,0.14285714285714285,0.4,0.3333,0,1
maT,9,0.14516129032258066,0.45,0.3333,9,34
maTita,3,0.23076923076923078,-0.5,-0.3333,0,3
maTurA,3,0.1,-0.5,-0.3333,0,5
mad,6,0.07407407407407407,0.5429,0.4667,11,27
mada,4,0.08333333333333333,0.8,0.6667,4,2
madana,4,0.08695652173913043,-0.4,-0.3333,3,4
madgu,4,0.16666666666666666,1.0,1.0,0,1
madgura,3,0.2727272727272727,1.0,1.0,0,2
madirAkza,3,0.6,1.0,1.0,1,1
madotkawa,3,0.21428571428571427,1.0,1.0,0,0
madraka,3,0.15789473684210525,1.0,1.0,2,2
madyapAna,3,0.42857142857142855,0.5,0.3333,0,2
mah,4,0.07142857142857142,1.0,1.0,14,26
mahABIzaRaka,3,1.0,1.0,1.0,0,2
mahABuja,3,0.3333333333333333,1.0,1.0,0,2
mahADana,7,0.30434782608695654,1.0,1.0,0,8
mahAGora,3,0.42857142857142855,0.5,0.3333,0,2
mahASana,3,0.375,1.0,1.0,0,2
mahAbala,5,0.21739130434782608,0.9,0.8,2,3
mahAbudDi,4,0.4444444444444444,1.0,1.0,0,1
mahAdaMzwra,3,0.75,0.5,0.3333,0,1
mahAdeva,3,0.06666666666666667,1.0,1.0,1,4
mahAgiri,3,0.3333333333333333,1.0,1.0,0,3
mahAguRa,3,0.375,0.5,0.3333,0,1
mahAjana,3,0.1875,1.0,1.0,0,3
mahAkAla,3,0.1,0.5,0.3333,0,3
mahAkAya,3,0.21428571428571427,-0.5,-0.3333,0,2
mahAkratu,3,1.0,1.0,1.0,0,2
mahAkula,3,0.21428571428571427,1.0,1.0,0,2
mahAmAtra,3,0.15789473684210525,1.0,1.0,1,3
mahAmAya,4,0.25,0.4,0.3333,0,1
mahAmUQa,3,1.0,-1.0,-1.0,0,2
mahAmanas,3,0.1875,1.0,1.0,1,5
mahAmati,3,0.1875,1.0,1.0,1,1
mahAnABa,3,1.0,-0.5,-0.3333,0,1
mahAnIla,3,0.12,1.0,1.0,1,3
mahAnuBAva,3,0.25,1.0,1.0,1,3
mahApArSva,3,0.75,1.0,1.0,0,1
mahApaTa,3,0.14285714285714285,1.0,1.0,3,2
mahApadma,6,0.1875,0.1429,0.3333,0,7
mahApura,3,0.5,1.0,1.0,0,2
mahApuruza,3,0.14285714285714285,1.0,1.0,0,5
mahArTa,3,0.25,1.0,1.0,2,1
mahAraTa,5,0.2,1.0,1.0,1,5
mahAsattva,3,0.1875,1.0,1.0,1,3
mahAsena,3,0.15789473684210525,1.0,1.0,0,2
mahAsvana,3,0.42857142857142855,1.0,1.0,0,1
mahAtapas,4,0.36363636363636365,1.0,1.0,0,3
mahAtman,4,0.15384615384615385,0.8,0.6667,0,6
mahAvana,3,0.2727272727272727,1.0,1.0,0,1
mahAvrata,10,0.25,0.6606,0.5556,2,7
mahAyaSas,3,0.42857142857142855,1.0,1.0,0,2
mahIDara,4,0.2222222222222222,1.0,1.0,0,1
mahIpAla,3,0.23076923076923078,0.5,0.3333,0,2
mahOzaDa,3,0.23076923076923078,0.5,0.3333,0,3
maha,3,0.15789473684210525,0.5,0.3333,2,2
mahas,6,0.16216216216216217,0.8286,0.7333,4,9
mahattara,4,0.2,1.0,1.0,2,2
maheSvara,3,0.07692307692307693,1.0,1.0,0,5
mahendra,4,0.0851063829787234,-0.8,-0.6667,0,1
mahiza,5,0.08196721311475409,0.9,0.8,2,1
majj,4,0.05405405405405406,1.0,1.0,4,16
makara,4,0.10526315789473684,0.4,0.3333,0,3
mala,3,0.08108108108108109,1.0,1.0,3,5
malaja,3,0.6,1.0,1.0,0,0
malina,5,0.1388888888888889,0.7,0.6,1,5
mallikAkza,3,0.42857142857142855,1.0,1.0,0,1
man,4,0.042105263157894736,0.2,0.0,25,48
manTAna,3,0.3,1.0,1.0,1,2
manTa,4,0.08888888888888889,0.8,0.6667,4,5
manTana,4,0.21052631578947367,0.8,0.6667,1,3
manaHprasAda,3,0.6,1.0,1.0,1,2
manana,3,0.15789473684210525,1.0,1.0,0,2
manasvin,4,0.19047619047619047,1.0,1.0,2,0
manda,3,0.05555555555555555,-1.0,-1.0,4,3
mandaga,3,0.3333333333333333,0.5,0.3333,0,0
mandatA,3,0.6,1.0,1.0,0,1
manojavas,4,0.5714285714285714,0.8,0.6667,0,2
manoraTa,3,0.10344827586206896,0.5,0.3333,1,1
mantavya,4,0.21052631578947367,-0.6,-0.3333,0,3
mantra,5,0.08620689655172414,-0.1,0.0,4,9
mantraRa,3,0.375,1.0,1.0,0,2
manu,7,0.12280701754385964,0.6786,0.5238,3,31
manyA,3,0.3,1.0,1.0,1,2
marIci,5,0.1,0.7,0.6,3,4
marIcipa,4,0.8,1.0,1.0,1,1
mardana,3,0.15,1.0,1.0,2,6
maru,3,0.07894736842105263,1.0,1.0,2,10
marudgaRa,3,0.42857142857142855,0.5,0.3333,0,3
marut,3,0.05454545454545454,-0.5,-0.3333,6,7
maruta,3,0.1875,1.0,1.0,0,2
mastaka,3,0.1111111111111111,0.5,0.3333,0,1
matasna,3,0.5,1.0,1.0,0,2
mati,4,0.07017543859649122,1.0,1.0,5,12
mav,3,0.375,1.0,1.0,0,0
mayUra,5,0.1282051282051282,0.7,0.6,3,2
meDA,4,0.08888888888888889,0.8,0.6667,7,3
meDAtiTi,3,0.13636363636363635,-0.5,-0.3333,1,1
meDAvin,3,0.11538461538461539,1.0,1.0,0,0
meDa,5,0.18518518518518517,1.0,1.0,2,8
meDya,3,0.09090909090909091,-0.5,-0.3333,4,7
meGamAlin,3,1.0,1.0,1.0,1,0
meGanAda,6,0.4,1.0,1.0,1,5
meGanAdin,3,1.0,0.5,0.3333,0,0
meGavarRa,4,0.5,1.0,1.0,0,2
meda,3,0.17647058823529413,1.0,1.0,2,2
menA,5,0.21739130434782608,1.0,1.0,0,2
meru,3,0.08108108108108109,1.0,1.0,1,5
mfd,3,0.09375,-0.5,-0.3333,0,21
mfdu,5,0.09615384615384616,0.7,0.6,2,3
mfgAra,3,0.6,1.0,1.0,0,1
mfga,3,0.05172413793103448,-1.0,-1.0,5,5
mfgarAja,3,0.2727272727272727,-0.5,-0.3333,1,2
mfgavyADa,4,0.4444444444444444,1.0,1.0,0,4
mfgendra,4,0.18181818181818182,1.0,1.0,0,2
mi,3,0.058823529411764705,1.0,1.0,25,12
miTu,3,0.375,1.0,1.0,1,1
miTuna,4,0.0784313725490196,-0.2,0.0,3,5
miTus,3,0.75,0.5,0.3333,0,1
mid,3,0.17647058823529413,1.0,1.0,2,12
mih,3,0.1111111111111111,1.0,1.0,4,11
mitra,5,0.08064516129032258,0.3,0.2,3,6
mitradroha,3,0.6,1.0,1.0,0,1
mitrasaha,3,0.42857142857142855,0.5,0.3333,1,1
moca,3,0.23076923076923078,1.0,1.0,0,0
mocana,3,0.1875,1.0,1.0,1,1
modaka,3,0.11538461538461539,1.0,1.0,2,2
modana,4,0.4444444444444444,1.0,1.0,0,2
moha,3,0.06818181818181818,1.0,1.0,1,4
mohana,11,0.3055555555555556,0.8636,0.8182,1,8
mokza,7,0.15555555555555556,-0.1071,-0.1429,1,9
mokzaRa,5,0.38461538461538464,0.5,0.2,0,3
muKa,7,0.08536585365853659,0.6071,0.5238,6,15
muKara,3,0.09090909090909091,1.0,1.0,0,5
muKyArTa,3,0.6,1.0,1.0,0,1
muKya,3,0.061224489795918366,1.0,1.0,2,1
muRqa,5,0.1282051282051282,0.5,0.4,0,2
muRqin,3,0.375,1.0,1.0,0,2
muYjakeSa,4,0.5714285714285714,1.0,1.0,0,1
muc,12,0.10909090909090909,0.6014,0.4545,16,50
mud,4,0.057971014492753624,0.8,0.6667,3,9
mudgala,5,0.2,0.9,0.8,0,2
mudrikA,3,0.3,1.0,1.0,0,0
mukta,3,0.11538461538461539,0.5,0.3333,0,5
mukulita,3,0.23076923076923078,1.0,1.0,0,3
mukuwin,3,1.0,1.0,1.0,0,2
mumukzu,3,0.125,1.0,1.0,1,2
munIndra,4,0.4444444444444444,0.8,0.6667,0,0
muni,8,0.12698412698412698,0.619,0.4286,1,6
muru,3,0.23076923076923078,1.0,1.0,1,1
musala,4,0.11428571428571428,1.0,1.0,0,2
muz,5,0.09803921568627451,0.6,0.4,5,22
muzka,3,0.15,1.0,1.0,2,3
muzwi,3,0.06976744186046512,-0.5,-0.3333,0,1
muzwika,3,0.25,0.5,0.3333,0,0
nABAgArizwa,3,1.0,1.0,1.0,0,2
nABAga,3,0.3,1.0,1.0,0,2
nASana,4,0.23529411764705882,1.0,1.0,0,3
nASin,3,0.3333333333333333,0.5,0.3333,0,2
nAT,8,0.5,0.7857,0.6429,1,15
nATa,3,0.13043478260869565,1.0,1.0,0,3
nAdeya,3,0.2,0.5,0.3333,2,2
nAga,6,0.08695652173913043,0.2571,0.2,6,10
nAgapASa,3,0.3333333333333333,1.0,1.0,1,0
nAgapuzpa,3,0.3,1.0,1.0,2,2
nAgara,3,0.07894736842105263,0.5,0.3333,3,2
nAhuza,3,0.375,1.0,1.0,0,1
nAka,6,0.25,0.4857,0.3333,6,3
nAkasad,4,0.36363636363636365,1.0,1.0,0,3
nAla,3,0.09375,0.5,0.3333,1,1
nAman,5,0.08620689655172414,0.9,0.8,8,12
nAndI,3,0.14285714285714285,1.0,1.0,0,4
nAqI,4,0.13793103448275862,0.8,0.6667,3,2
nArASaMsa,4,0.21052631578947367,-0.8,-0.6667,1,4
nAsA,3,0.14285714285714285,1.0,1.0,0,3
nAwaka,4,0.16666666666666666,0.8,0.6667,0,1
nEdAGa,3,0.375,1.0,1.0,0,2
nEgama,4,0.16,1.0,1.0,3,5
nErfta,5,0.15151515151515152,0.6,0.4,0,6
nEzWika,5,0.25,1.0,1.0,2,8
nI,12,0.09230769230769231,0.8112,0.697,32,66
nIcEs,5,0.19230769230769232,0.3,0.2,0,3
nIla,5,0.07692307692307693,-0.5,-0.2,9,8
nIlakaRWa,4,0.16666666666666666,1.0,1.0,1,3
nIpa,5,0.19230769230769232,0.9,0.8,0,2
nIrasa,3,0.21428571428571427,1.0,1.0,0,3
nIvi,3,0.10714285714285714,0.5,0.3333,1,6
na,3,0.05555555555555555,1.0,1.0,15,19
naB,4,0.36363636363636365,0.8,0.6667,1,7
naBas,6,0.13953488372093023,0.3714,0.3333,1,10
naS,5,0.07042253521126761,0.8,0.6,22,35
nad,3,0.075,0.5,0.3333,9,9
nadanadIpati,3,1.0,0.5,0.3333,1,1
naga,3,0.14285714285714285,1.0,1.0,0,3
nah,5,0.08196721311475409,0.9,0.8,17,12
nahuza,3,0.15789473684210525,0.5,0.3333,0,7
nakta,3,0.10714285714285714,1.0,1.0,0,10
nakula,5,0.15625,0.9,0.8,2,5
nakzatra,3,0.09090909090909091,1.0,1.0,1,7
nakzatrarAja,3,0.42857142857142855,1.0,1.0,0,1
nala,6,0.1875,0.8286,0.7333,2,8
nalasetu,3,1.0,1.0,1.0,0,2
nalva,3,0.375,-0.5,-0.3333,1,2
nam,10,0.08620689655172414,0.6485,0.5111,26,41
namas,4,0.10810810810810811,0.8,0.6667,3,6
nanda,6,0.12,0.9429,0.8667,3,7
nandana,4,0.09302325581395349,0.4,0.3333,2,5
nandivarDana,3,0.15,1.0,1.0,0,3
nanu,3,0.07894736842105263,1.0,1.0,2,7
napAt,4,0.13333333333333333,0.4,0.3333,8,11
nara,5,0.11627906976744186,1.0,1.0,6,6
naraka,4,0.12903225806451613,1.0,1.0,0,8
nard,3,0.13636363636363635,1.0,1.0,0,7
narya,4,0.4,1.0,1.0,1,4
nas,4,0.3076923076923077,1.0,1.0,1,21
nasya,4,0.23529411764705882,0.2,0.0,1,2
naw,3,0.17647058823529413,1.0,1.0,4,7
naya,6,0.17647058823529413,0.3714,0.3333,0,7
nayana,4,0.125,0.8,0.6667,2,6
ned,4,0.21052631578947367,-0.6,-0.3333,1,6
netra,7,0.15555555555555556,0.0,-0.0476,1,6
neya,4,0.2222222222222222,0.4,0.3333,1,3
nfcakzas,3,0.23076923076923078,1.0,1.0,0,4
nfga,3,0.25,1.0,1.0,0,0
nfmRa,4,0.36363636363636365,-0.4,-0.3333,2,4
niBa,4,0.17391304347826086,-0.4,-0.3333,2,3
niDAna,3,0.1,1.0,1.0,1,5
niDana,5,0.11627906976744186,1.0,1.0,5,7
niDipati,4,0.6666666666666666,1.0,1.0,1,1
niGna,3,0.2,-0.5,-0.3333,0,0
niHSeza,3,0.16666666666666666,1.0,1.0,0,1
niHsaMSaya,3,0.5,1.0,1.0,0,2
niHsaNga,3,0.17647058823529413,1.0,1.0,0,2
niHsneha,3,0.1875,0.5,0.3333,1,3
niMs,3,0.375,0.5,0.3333,1,2
niSAcara,3,0.14285714285714285,0.5,0.3333,2,1
niSAkara,3,0.21428571428571427,1.0,1.0,0,1
niSaWa,3,0.6,1.0,1.0,0,2
niScaya,3,0.08571428571428572,1.0,1.0,2,5
niSvAsa,3,0.6,-1.0,-1.0,0,2
nibanDa,3,0.17647058823529413,1.0,1.0,0,1
nibanDana,3,0.075,1.0,1.0,1,7
nibanDin,3,0.6,1.0,1.0,0,2
nidAGa,3,0.1111111111111111,1.0,1.0,1,1
nidarSana,5,0.15625,0.7,0.6,0,10
nidrAlu,3,0.23076923076923078,1.0,1.0,0,2
nigama,5,0.10416666666666667,0.9,0.8,2,7
nigraha,4,0.09302325581395349,0.8,0.6667,3,5
nih,3,1.0,-0.5,-0.3333,0,1
nihnava,3,0.12,-0.5,-0.3333,1,2
nij,3,0.09375,0.5,0.3333,6,17
nija,3,0.10714285714285714,-0.5,-0.3333,2,4
nikAma,3,0.14285714285714285,1.0,1.0,1,3
nikAya,4,0.16666666666666666,0.8,0.6667,1,1
nikaza,3,0.13636363636363635,0.5,0.3333,1,1
nikfti,4,0.2222222222222222,0.2,0.0,0,2
nikumBa,3,0.17647058823529413,-0.5,-0.3333,0,1
nilayana,3,0.3,1.0,1.0,1,2
nimantraRa,3,0.6,1.0,1.0,0,2
nimeza,5,0.20833333333333334,0.9,0.8,0,7
nimi,3,0.17647058823529413,1.0,1.0,2,5
nimitta,5,0.10204081632653061,1.0,1.0,0,11
nimiza,3,0.3,0.5,0.3333,2,2
nimruc,3,0.375,1.0,1.0,0,6
ninAdin,3,1.0,0.5,0.3333,0,2
nipAtana,5,0.3125,1.0,1.0,3,5
nipAtin,3,0.5,0.5,0.3333,0,2
nipuRa,3,0.0967741935483871,-1.0,-1.0,0,5
nipur,3,1.0,-0.5,-0.3333,0,1
nirASa,3,0.17647058823529413,0.5,0.3333,1,4
nirASraya,3,0.21428571428571427,1.0,1.0,0,1
nirAhAra,3,0.375,1.0,1.0,0,1
nirAkfti,3,0.16666666666666666,1.0,1.0,3,2
nirAkranda,3,0.6,0.5,0.3333,3,0
nirAloka,3,0.375,1.0,1.0,0,2
nirAmaya,4,0.26666666666666666,1.0,1.0,0,3
nirApad,3,1.0,1.0,1.0,0,1
nirBeda,4,0.8,0.2,0.0,0,1
nirGAta,3,0.14285714285714285,1.0,1.0,0,3
nirJara,3,0.13636363636363635,1.0,1.0,2,3
nirUpaRa,4,0.2222222222222222,0.4,0.3333,2,2
nirantara,3,0.09090909090909091,1.0,1.0,2,3
nirapAya,3,0.42857142857142855,1.0,1.0,0,1
nirapatrapa,3,0.6,1.0,1.0,0,2
nirarTa,3,0.25,-0.5,-0.3333,2,0
nirarTaka,3,0.14285714285714285,0.5,0.3333,0,3
nirasana,5,0.25,0.7,0.6,2,4
nirdvaMdva,3,0.2727272727272727,1.0,1.0,0,4
nirfti,4,0.11764705882352941,1.0,1.0,2,10
nirgama,4,0.2,0.8,0.6667,1,4
nirharaRa,3,0.42857142857142855,0.5,0.3333,0,3
nirjarjalpa,3,1.0,0.5,0.3333,0,1
nirmARa,4,0.21052631578947367,0.8,0.6667,3,2
nirmaTana,3,0.42857142857142855,0.5,0.3333,0,3
nirmanyu,3,1.0,1.0,1.0,0,1
nirmaryAda,3,0.375,1.0,1.0,1,2
nirnamaskAra,3,0.6,1.0,1.0,0,2
niroDa,3,0.08108108108108109,0.5,0.3333,0,3
niroDana,4,0.36363636363636365,1.0,1.0,0,0
nirutsAha,3,0.42857142857142855,1.0,1.0,0,1
nirvAsana,4,0.3333333333333333,-0.2,0.0,0,1
nirvfti,4,0.125,1.0,1.0,2,1
nirviSeza,3,0.14285714285714285,1.0,1.0,0,1
nirvizaya,3,0.23076923076923078,1.0,1.0,0,1
niryARa,4,0.21052631578947367,1.0,1.0,0,5
niryAsa,3,0.15789473684210525,0.5,0.3333,0,4
niryUha,4,0.25,0.8,0.6667,7,5
nistriMSa,3,0.12,0.5,0.3333,0,3
nisvana,3,0.15789473684210525,1.0,1.0,0,2
nisyanda,4,0.26666666666666666,0.8,0.6667,2,3
nivAraRa,3,0.15,-0.5,-0.3333,0,4
nivAsa,3,0.15789473684210525,-1.0,-1.0,0,1
nivartaka,3,0.21428571428571427,1.0,1.0,0,1
nivartana,5,0.19230769230769232,0.9,0.8,4,6
nivat,3,0.5,1.0,1.0,0,3
niveSana,9,0.2727272727272727,0.8333,0.6667,2,7
nivedana,4,0.26666666666666666,1.0,1.0,0,3
nivftti,6,0.125,0.7143,0.6,1,6
nivid,3,0.13636363636363635,1.0,1.0,1,14
niyama,4,0.06349206349206349,1.0,1.0,1,10
niyamana,3,0.21428571428571427,1.0,1.0,0,3
niyoga,5,0.20833333333333334,0.9,0.8,2,4
niyudDa,3,0.23076923076923078,1.0,1.0,0,3
nizAda,5,0.13513513513513514,0.5,0.4,0,4
nizAdin,3,0.42857142857142855,1.0,1.0,0,1
nizevaRa,3,0.3333333333333333,-0.5,-0.3333,0,2
nizkAraRa,3,0.21428571428571427,1.0,1.0,0,2
nizkarza,3,0.375,0.5,0.3333,1,1
nizkrama,3,0.5,1.0,1.0,1,2
nizpraBa,3,0.3,-0.5,-0.3333,0,1
nizprayojana,3,0.2,1.0,1.0,0,5
nu,4,0.06666666666666667,0.6,0.3333,11,29
nud,5,0.078125,0.7,0.6,6,18
nyAsa,6,0.12244897959183673,1.0,1.0,4,8
nyAya,3,0.05357142857142857,0.5,0.3333,10,5
nyUna,4,0.12903225806451613,0.8,0.6667,2,6
nyagroDa,3,0.10344827586206896,1.0,1.0,2,2
nyubja,3,0.15,-0.5,-0.3333,1,3
oGa,3,0.12,1.0,1.0,0,4
oRi,3,0.5,-0.5,-0.3333,1,2
odana,3,0.125,1.0,1.0,1,3
ojas,5,0.14285714285714285,0.7,0.6,5,10
otu,3,0.23076923076923078,1.0,1.0,0,3
ozWa,3,0.10714285714285714,0.5,0.3333,0,8
ozaDi,5,0.1724137931034483,-0.4,-0.4,7,8
pA,5,0.06666666666666667,0.9,0.8,17,52
pANkta,4,0.23529411764705882,1.0,1.0,0,3
pARin,4,0.8,0.8,0.6667,0,2
pARqu,3,0.07692307692307693,1.0,1.0,2,4
pARqura,3,0.13043478260869565,0.5,0.3333,0,2
pARqya,3,0.16666666666666666,1.0,1.0,1,2
pASava,3,0.5,0.5,0.3333,0,2
pAWa,3,0.14285714285714285,0.5,0.3333,0,1
pAYcaBOtika,3,0.375,1.0,1.0,0,1
pAcaka,3,0.16666666666666666,1.0,1.0,1,2
pAda,7,0.08641975308641975,0.0357,0.0476,5,13
pAka,5,0.09090909090909091,1.0,1.0,2,12
pAla,4,0.2222222222222222,1.0,1.0,2,4
pAlaka,5,0.20833333333333334,0.7,0.6,0,3
pAli,4,0.14814814814814814,0.4,0.3333,0,4
pAnIya,3,0.13043478260869565,0.5,0.3333,0,2
pAnaka,3,0.375,0.5,0.3333,1,2
pApa,5,0.08333333333333333,-0.3,-0.2,7,5
pArAvata,4,0.13333333333333333,1.0,1.0,0,5
pArTiva,4,0.09302325581395349,0.4,0.3333,1,4
pAra,5,0.09259259259259259,-0.5,-0.2,2,5
pAraRa,3,0.1875,1.0,1.0,0,4
pAradArika,3,0.375,1.0,1.0,0,2
pAraga,3,0.2,1.0,1.0,2,2
pArijAta,3,0.125,0.5,0.3333,2,4
pAriplava,3,0.13636363636363635,-0.5,-0.3333,2,3
pArzada,4,0.23529411764705882,0.4,0.3333,0,4
pArzata,3,0.375,-0.5,-0.3333,2,3
pAta,9,0.1836734693877551,0.8333,0.7222,1,9
pAtana,6,0.3157894736842105,0.6,0.4667,0,2
pAtin,3,0.2,0.5,0.3333,2,4
pAtra,6,0.09090909090909091,0.4286,0.4667,4,7
pAvaka,6,0.13953488372093023,0.8857,0.7333,4,8
pAvaki,3,1.0,1.0,1.0,0,2
pAvamAna,3,0.15789473684210525,1.0,1.0,0,3
pAwala,3,0.09090909090909091,1.0,1.0,0,4
pAwaliputra,3,0.15,0.5,0.3333,1,2
pAwava,4,0.2222222222222222,0.8,0.6667,1,4
pIlu,3,0.0967741935483871,1.0,1.0,2,1
pIq,5,0.07575757575757576,1.0,1.0,1,10
pIqana,5,0.20833333333333334,0.7,0.6,1,4
pItaka,3,0.25,1.0,1.0,0,2
pIyUza,3,0.15,1.0,1.0,2,3
pOlastya,4,0.23529411764705882,1.0,1.0,0,2
pOnaruktya,3,0.5,1.0,1.0,0,2
pOrARa,3,1.0,1.0,1.0,0,2
pOruza,4,0.1,1.0,1.0,1,6
pOruzeya,4,0.19047619047619047,0.8,0.6667,0,4
pOrvadehika,3,0.75,0.5,0.3333,0,2
pOtra,3,0.16666666666666666,1.0,1.0,0,2
pOzkara,3,0.3,1.0,1.0,0,3
pU,5,0.09615384615384616,0.8,0.6,14,33
pUj,3,0.06818181818181818,1.0,1.0,0,8
pUrRaka,3,0.25,0.5,0.3333,1,0
pUrRakumBa,3,0.21428571428571427,1.0,1.0,0,1
pUraRa,7,0.1590909090909091,0.6071,0.5238,3,3
pUrvApara,3,0.17647058823529413,0.5,0.3333,1,2
pUrvacitti,3,0.3,1.0,1.0,1,3
pUrvaja,4,0.14814814814814814,1.0,1.0,4,4
pUrvaka,3,0.125,1.0,1.0,1,5
pUrvakarman,3,0.75,0.5,0.3333,0,1
pUrvapakza,6,0.1935483870967742,0.7714,0.6,0,6
pUrvarUpa,3,0.23076923076923078,0.5,0.3333,1,2
pUrvaraNga,3,0.6,1.0,1.0,0,2
paR,4,0.18181818181818182,0.4,0.3333,1,10
paRa,5,0.1724137931034483,0.7,0.6,4,10
paRqaka,4,0.36363636363636365,-0.2,0.0,0,3
paRya,4,0.13793103448275862,0.8,0.6667,5,4
paS,3,0.0410958904109589,1.0,1.0,10,21
paSavya,3,0.21428571428571427,-0.5,-0.3333,0,4
paSu,5,0.14285714285714285,1.0,1.0,6,16
paSupati,3,0.12,0.5,0.3333,2,2
paTya,5,0.12195121951219512,0.7,0.6,0,4
paW,9,0.24324324324324326,0.7333,0.6111,1,21
paYcASat,3,0.16666666666666666,1.0,1.0,1,4
paYcaSata,3,0.3333333333333333,-0.5,-0.3333,2,3
paYcaSiKa,3,0.15789473684210525,1.0,1.0,0,1
paYcajana,4,0.19047619047619047,0.8,0.6667,0,2
paYcaka,4,0.10810810810810811,1.0,1.0,2,7
paYcama,6,0.16216216216216217,1.0,1.0,4,5
paYcanada,3,0.2,1.0,1.0,2,3
paYcarAtra,3,0.12,1.0,1.0,1,7
paYcatva,3,0.16666666666666666,-0.5,-0.3333,0,3
paYcavaktra,4,0.5,1.0,1.0,0,1
pac,8,0.17777777777777778,0.5238,0.4286,9,38
pad,6,0.04081632653061224,0.5429,0.4667,28,38
pada,5,0.06493506493506493,0.4,0.4,9,19
padavI,3,0.10714285714285714,1.0,1.0,1,4
padmAvatI,6,0.2727272727272727,0.9429,0.8667,2,0
padma,6,0.09836065573770492,0.9429,0.8667,7,8
padmanABa,3,0.15789473684210525,1.0,1.0,1,3
padmayoni,3,0.3,1.0,1.0,0,2
padya,3,0.1,0.5,0.3333,1,7
pakti,5,0.25,1.0,1.0,1,4
pakva,4,0.09523809523809523,-0.2,0.0,2,6
pakza,7,0.07692307692307693,0.8571,0.7143,5,12
pakzas,5,0.21739130434782608,1.0,1.0,1,5
pakzman,3,0.11538461538461539,0.5,0.3333,1,2
palAla,3,0.17647058823529413,0.5,0.3333,1,1
palAy,3,0.13043478260869565,1.0,1.0,1,11
pala,3,0.09090909090909091,1.0,1.0,0,7
palala,3,0.15789473684210525,1.0,1.0,1,2
palita,5,0.13513513513513514,0.2,0.2,0,7
palpUlana,3,1.0,1.0,1.0,0,2
pampA,3,0.25,1.0,1.0,0,1
panasa,3,0.2,1.0,1.0,0,2
papri,3,0.42857142857142855,1.0,1.0,0,3
parASara,3,0.125,1.0,1.0,1,2
parAjaya,4,0.26666666666666666,1.0,1.0,0,4
parAmarSa,5,0.22727272727272727,0.9,0.8,0,3
parArDa,3,0.11538461538461539,1.0,1.0,1,4
parArTa,3,0.12,1.0,1.0,3,4
parAyaRa,4,0.0975609756097561,-0.4,-0.3333,5,6
parRa,4,0.0851063829787234,0.8,0.6667,7,9
parRaSAlA,3,0.42857142857142855,1.0,1.0,0,3
parRamaya,3,0.75,1.0,1.0,0,2
parSu,6,0.25,0.6571,0.6,3,6
para,10,0.11904761904761904,0.7333,0.6,9,19
paraHSata,3,0.23076923076923078,1.0,1.0,0,2
paraHsAman,3,1.0,0.5,0.3333,1,2
paraMtapa,4,0.5,0.8,0.6667,0,1
paramezWin,3,0.08333333333333333,1.0,1.0,2,0
paraspara,3,0.08823529411764706,-0.5,-0.3333,1,1
paratantra,3,0.1875,1.0,1.0,0,2
paratas,6,0.21428571428571427,0.8857,0.7333,0,7
pariBU,3,0.15,0.5,0.3333,2,28
pariDeya,3,0.75,1.0,1.0,1,1
pariDi,3,0.1111111111111111,1.0,1.0,0,4
pariGa,4,0.12121212121212122,-0.4,-0.3333,2,5
pariRAha,3,0.1875,0.5,0.3333,0,3
pariRAma,7,0.1794871794871795,0.5357,0.2381,2,8
pariRati,5,0.2777777777777778,1.0,1.0,2,6
paricCada,3,0.125,-0.5,-0.3333,2,5
paricCeda,3,0.13043478260869565,0.5,0.3333,1,3
paricara,4,0.4,1.0,1.0,0,2
parigraha,3,0.04285714285714286,-0.5,-0.3333,9,14
parihAra,4,0.1,0.8,0.6667,1,4
parihArya,3,0.2,1.0,1.0,0,1
parijYAna,3,0.2,1.0,1.0,0,2
parikara,5,0.13513513513513514,1.0,1.0,6,5
parikarman,3,0.2,1.0,1.0,1,1
parikrama,3,0.1875,1.0,1.0,0,3
parikzit,3,0.375,1.0,1.0,1,3
parimokzaRa,3,1.0,0.5,0.3333,0,1
paripAka,3,0.11538461538461539,1.0,1.0,0,3
pariplava,4,0.21052631578947367,1.0,1.0,0,1
parirakzaRa,3,0.375,1.0,1.0,0,1
parisaMKyA,4,0.19047619047619047,1.0,1.0,0,12
parisamApti,3,0.375,1.0,1.0,0,2
parisarpaRa,3,0.42857142857142855,1.0,1.0,0,3
paritApa,3,0.125,1.0,1.0,2,4
paritApin,3,0.75,0.5,0.3333,0,1
parityAga,3,0.13636363636363635,1.0,1.0,3,1
parivApa,3,0.17647058823529413,1.0,1.0,1,1
parivarta,6,0.20689655172413793,0.8857,0.7333,1,3
parivartaka,5,0.5,0.9,0.8,0,3
parivartana,6,0.2727272727272727,0.6571,0.6,2,6
parivartin,4,0.26666666666666666,0.8,0.6667,0,3
parivatsara,5,0.22727272727272727,1.0,1.0,1,7
parivftti,3,0.15,0.5,0.3333,0,2
parivitta,3,0.375,1.0,1.0,0,1
parizadya,3,0.2727272727272727,0.5,0.3333,0,0
parizkanda,3,0.25,1.0,1.0,0,2
parizvaNga,3,0.17647058823529413,1.0,1.0,0,2
parjanya,4,0.10810810810810811,0.8,0.6667,2,4
parus,4,0.2857142857142857,0.0,0.0,2,5
paruza,4,0.0975609756097561,1.0,1.0,4,3
paruzita,3,0.75,1.0,1.0,0,2
parvan,6,0.1016949152542373,0.4857,0.3333,2,9
parvata,8,0.17391304347826086,0.2619,0.1429,4,4
paryAkula,3,0.375,0.5,0.3333,0,3
paryAya,6,0.11764705882352941,1.0,1.0,3,9
paryAyaSas,3,0.6,1.0,1.0,0,1
paryanta,3,0.08108108108108109,1.0,1.0,1,3
paryutsuka,3,0.42857142857142855,-0.5,-0.3333,0,1
pat,12,0.10909090909090909,0.7343,0.5758,21,59
patAkin,3,0.1875,0.5,0.3333,1,1
pataMga,6,0.10909090909090909,0.6571,0.6,3,5
patatrin,5,0.23809523809523808,0.6,0.4,0,3
patti,3,0.1875,0.5,0.3333,2,1
pattra,6,0.15384615384615385,0.1429,0.3333,9,14
pattrorRa,3,0.25,1.0,1.0,0,2
pavana,4,0.09090909090909091,0.4,0.3333,1,3
paw,4,0.12903225806451613,0.8,0.6667,0,10
pawa,3,0.06521739130434782,0.5,0.3333,5,3
pawala,3,0.058823529411764705,1.0,1.0,1,4
pawara,3,0.42857142857142855,1.0,1.0,0,1
pawwa,3,0.061224489795918366,1.0,1.0,8,6
peSI,5,0.22727272727272727,1.0,1.0,0,5
peSala,3,0.08333333333333333,0.5,0.3333,0,2
peru,3,0.21428571428571427,-1.0,-1.0,2,5
petva,3,0.23076923076923078,-0.5,-0.3333,3,3
pewaka,3,0.13043478260869565,0.5,0.3333,1,3
peya,3,0.17647058823529413,0.5,0.3333,1,3
pfSni,5,0.14285714285714285,0.9,0.8,4,8
pfTivI,4,0.10526315789473684,0.8,0.6667,3,4
pfTu,4,0.06451612903225806,0.2,0.0,2,3
pfTuSravas,3,0.25,1.0,1.0,0,4
pfTubuDna,3,0.375,1.0,1.0,0,4
pfTuka,4,0.21052631578947367,0.8,0.6667,0,4
pfTulAkza,3,0.6,1.0,1.0,0,3
pfTula,3,0.25,1.0,1.0,0,2
pfTuyaSas,3,0.375,1.0,1.0,0,2
pfdAku,4,0.2857142857142857,0.4,0.3333,3,3
pfzata,3,0.125,1.0,1.0,0,4
piDAna,3,0.1875,0.5,0.3333,0,3
piNgAkza,5,0.2777777777777778,0.9,0.8,0,1
piNgala,6,0.1016949152542373,0.3143,0.2,4,2
piRqa,4,0.05555555555555555,1.0,1.0,9,7
piRqadAna,3,0.3333333333333333,1.0,1.0,1,3
piRqada,3,0.5,1.0,1.0,2,1
piRqaka,4,0.23529411764705882,1.0,1.0,2,1
piS,3,0.25,1.0,1.0,4,7
piSitASin,3,0.6,1.0,1.0,1,0
piSuna,3,0.08571428571428572,-0.5,-0.3333,3,2
pinAka,4,0.14285714285714285,0.8,0.6667,0,4
pinAkin,3,0.1875,1.0,1.0,0,3
pippala,3,0.08823529411764706,0.5,0.3333,4,3
pitAmaha,3,0.09090909090909091,0.5,0.3333,0,2
pitu,4,0.4444444444444444,-0.8,-0.6667,0,4
piyAla,3,0.42857142857142855,1.0,1.0,1,2
piz,3,0.061224489795918366,1.0,1.0,8,19
plASi,3,0.42857142857142855,1.0,1.0,0,3
plIhan,3,0.25,1.0,1.0,0,7
plava,6,0.1276595744680851,0.7143,0.6,2,6
plavaMgama,3,0.2727272727272727,0.5,0.3333,0,3
plavaga,4,0.26666666666666666,1.0,1.0,0,3
plavana,5,0.38461538461538464,0.7,0.6,1,4
plu,6,0.07894736842105263,0.6,0.4667,12,36
pluz,3,0.15,0.5,0.3333,3,8
prADAnya,5,0.2631578947368421,0.9,0.8,1,4
prANmuKa,3,0.14285714285714285,0.5,0.3333,0,4
prARAntika,3,0.23076923076923078,1.0,1.0,0,3
prARa,9,0.13043478260869565,0.6333,0.4444,6,29
prASa,3,0.42857142857142855,-0.5,-0.3333,1,2
prASana,4,0.3076923076923077,0.8,0.6667,1,4
prASnika,3,0.375,1.0,1.0,0,2
prAcInAmalaka,3,0.6,1.0,1.0,0,2
prAcInabarhis,3,0.2727272727272727,-0.5,-0.3333,0,2
prAcya,6,0.1875,0.4286,0.4667,0,7
prAgBAra,3,0.2727272727272727,-0.5,-0.3333,0,4
prAgdvAra,3,0.2727272727272727,0.5,0.3333,0,3
prAgjyotiza,4,0.2222222222222222,1.0,1.0,2,5
prAguttara,3,0.6,1.0,1.0,0,2
prAjApatya,5,0.09259259259259259,0.7,0.6,1,7
prAjYa,3,0.1,1.0,1.0,1,5
prAkfta,3,0.06382978723404255,1.0,1.0,0,4
prAnta,4,0.18181818181818182,0.4,0.3333,0,3
prApaRIya,3,0.6,1.0,1.0,0,1
prApaRa,3,0.15789473684210525,-0.5,-0.3333,0,2
prApti,10,0.17857142857142858,0.3576,0.3333,2,9
prArTanIya,3,0.3333333333333333,-0.5,-0.3333,1,2
prAtyahika,3,0.75,1.0,1.0,0,2
prAvAra,3,0.3,1.0,1.0,1,2
prAya,3,0.07142857142857142,-0.5,-0.3333,1,11
prAyaRa,3,0.15,1.0,1.0,0,3
prI,6,0.10526315789473684,0.3714,0.3333,5,19
prIti,3,0.06,0.5,0.3333,2,5
prOQa,7,0.17073170731707318,0.3214,0.2381,1,9
prOzWapada,3,0.17647058823529413,1.0,1.0,0,2
praBA,3,0.061224489795918366,0.5,0.3333,0,5
praBAkara,4,0.12121212121212122,0.8,0.6667,0,3
praBaYjana,5,0.3125,1.0,1.0,0,3
praBadraka,3,0.5,1.0,1.0,0,1
praBeda,5,0.29411764705882354,0.6,0.4,0,5
praBu,4,0.07407407407407407,1.0,1.0,6,5
praButA,3,0.3,1.0,1.0,0,0
praC,4,0.07017543859649122,0.8,0.6667,11,20
praDAna,3,0.04918032786885246,0.5,0.3333,2,4
praDAnatA,4,0.6666666666666666,0.2,0.0,0,4
praDarzaka,3,1.0,0.5,0.3333,0,2
praDyAna,3,0.75,-0.5,-0.3333,0,3
praPulla,3,0.2,0.5,0.3333,0,2
praRASana,4,0.6666666666666666,0.4,0.3333,0,2
praRAda,3,0.3,1.0,1.0,0,1
praRaya,5,0.15151515151515152,0.9,0.8,0,4
praReya,3,0.3,1.0,1.0,0,3
praRiDAna,5,0.25,1.0,1.0,1,3
praRiDi,3,0.16666666666666666,1.0,1.0,0,1
praSAKA,3,0.6,1.0,1.0,1,1
praSaMsya,3,0.3333333333333333,1.0,1.0,0,4
praSamana,6,0.3,0.6571,0.6,0,8
praT,8,0.14285714285714285,0.5952,0.4286,2,24
praTama,3,0.061224489795918366,1.0,1.0,5,7
praTamatas,4,0.3333333333333333,1.0,1.0,0,2
prabala,3,0.09375,0.5,0.3333,1,1
praboDa,5,0.23809523809523808,0.6,0.4,1,4
praboDana,5,0.2631578947368421,0.7,0.6,1,4
praboDya,3,1.0,0.5,0.3333,0,2
pracAra,4,0.17391304347826086,0.0,0.0,2,5
pracetas,6,0.20689655172413793,0.6,0.3333,4,7
pradAna,7,0.175,0.0714,0.0476,1,5
pradakziRa,4,0.125,1.0,1.0,2,7
pradarSana,5,0.35714285714285715,0.9,0.8,0,3
pradarSin,4,1.0,1.0,1.0,0,3
pradeSa,3,0.08108108108108109,1.0,1.0,1,4
pradiS,5,0.2631578947368421,-0.3,-0.2,2,10
pradoza,3,0.10344827586206896,0.5,0.3333,0,2
pradyota,4,0.26666666666666666,1.0,1.0,1,3
pragAQa,4,0.4,1.0,1.0,2,0
pragraha,5,0.18518518518518517,0.7,0.6,3,4
prahAsa,3,0.15,1.0,1.0,1,1
praharaRIya,3,1.0,1.0,1.0,0,1
praharaRa,3,0.11538461538461539,1.0,1.0,1,1
prahartavya,3,0.5,1.0,1.0,0,3
prahasana,3,0.2727272727272727,1.0,1.0,0,3
prahasta,3,0.25,1.0,1.0,1,2
prahlAda,4,0.26666666666666666,0.2,0.0,0,5
prahlAdana,3,0.3333333333333333,0.5,0.3333,0,3
prahrAda,3,0.5,1.0,1.0,0,2
prajApati,4,0.07547169811320754,1.0,1.0,2,9
prajYAna,3,0.15,1.0,1.0,0,2
prajanana,4,0.16,0.8,0.6667,2,4
prakASa,9,0.15254237288135594,0.85,0.6667,2,10
prakASaka,6,0.24,1.0,1.0,0,6
prakASana,3,0.14285714285714285,1.0,1.0,1,3
prakASatva,3,0.6,-0.5,-0.3333,0,0
prakASya,5,0.45454545454545453,0.7,0.6,0,4
prakAma,3,0.16666666666666666,1.0,1.0,0,1
prakAra,3,0.09090909090909091,-0.5,-0.3333,1,4
prakampana,3,0.2727272727272727,1.0,1.0,0,1
prakaraRa,6,0.13953488372093023,0.2,0.2,5,5
prakarza,4,0.14285714285714285,0.8,0.6667,1,6
prakawa,3,0.11538461538461539,1.0,1.0,0,5
prakfti,9,0.10588235294117647,0.4,0.5556,11,21
prakopa,3,0.1875,-0.5,-0.3333,0,2
prakrama,4,0.2222222222222222,1.0,1.0,0,6
prakriyA,5,0.23809523809523808,0.9,0.8,3,8
prakzAlana,4,0.19047619047619047,0.8,0.6667,0,6
prakzepa,3,0.13636363636363635,0.5,0.3333,1,4
prakzeptavya,3,0.75,0.5,0.3333,0,3
pralApa,4,0.18181818181818182,1.0,1.0,0,2
pralApin,3,0.3333333333333333,0.5,0.3333,0,3
pralamba,4,0.17391304347826086,0.8,0.6667,1,5
pralaya,6,0.16216216216216217,0.0857,0.0667,0,7
praloBana,3,0.25,1.0,1.0,0,3
pramA,4,0.15384615384615385,0.4,0.3333,0,11
pramARa,4,0.06060606060606061,0.8,0.6667,8,18
pramATa,3,0.42857142857142855,1.0,1.0,0,1
pramArjana,4,0.5714285714285714,0.8,0.6667,0,4
pramaTana,4,0.4,0.8,0.6667,0,2
pramada,4,0.14285714285714285,0.8,0.6667,0,1
pramardana,5,0.625,0.7,0.6,1,2
pramati,3,0.1875,1.0,1.0,0,1
prameya,4,0.19047619047619047,1.0,1.0,1,4
pramocana,3,0.2727272727272727,1.0,1.0,0,3
pramoda,6,0.16216216216216217,1.0,1.0,0,5
pramuKa,4,0.12121212121212122,1.0,1.0,3,5
prapAta,6,0.25,0.8286,0.7333,1,2
prapaYca,8,0.24242424242424243,0.9048,0.7857,2,9
prapitAmaha,6,0.3,1.0,1.0,0,2
prarocana,5,0.35714285714285715,0.4,0.4,0,3
praroha,4,0.19047619047619047,0.8,0.6667,0,7
prarohaRa,3,0.42857142857142855,0.5,0.3333,0,3
prasADana,3,0.12,0.5,0.3333,2,1
prasAda,7,0.125,0.9643,0.9048,3,12
prasAdana,5,0.22727272727272727,0.9,0.8,3,4
prasAra,3,0.3,1.0,1.0,0,1
prasAraRa,3,0.1875,0.5,0.3333,1,2
prasTAna,4,0.12121212121212122,1.0,1.0,2,2
prasTApana,3,0.6,-0.5,-0.3333,0,0
prasTa,3,0.08571428571428572,-0.5,-0.3333,0,8
prasUti,7,0.23333333333333334,0.8571,0.7143,2,7
prasaMKyAna,3,0.42857142857142855,0.5,0.3333,1,1
prasaNga,6,0.12,0.4857,0.3333,2,9
prasaNgin,3,0.3333333333333333,1.0,1.0,0,3
prasara,3,0.07894736842105263,0.5,0.3333,3,3
prasava,8,0.1568627450980392,0.9048,0.7857,2,9
praseka,3,0.23076923076923078,1.0,1.0,2,2
prasenajit,3,0.23076923076923078,0.5,0.3333,0,3
prasfti,4,0.2222222222222222,-0.6,-0.3333,0,1
prasidDi,3,0.10714285714285714,1.0,1.0,1,5
prasiti,3,0.42857142857142855,-0.5,-0.3333,4,2
prasravaRa,3,0.09375,0.5,0.3333,2,5
prastAra,3,0.17647058823529413,1.0,1.0,0,1
prastAva,5,0.13157894736842105,-0.8,-0.6,3,8
prastAvanA,4,0.21052631578947367,0.4,0.3333,1,4
prastara,3,0.09375,1.0,1.0,1,3
prasveda,3,0.25,1.0,1.0,0,2
pratAna,3,0.16666666666666666,0.5,0.3333,0,2
pratApana,3,0.25,-0.5,-0.3333,0,3
pratIcIna,3,0.21428571428571427,-1.0,-1.0,1,2
pratIcya,3,0.6,1.0,1.0,0,1
pratIkASa,4,0.36363636363636365,0.8,0.6667,1,2
pratIkza,3,0.2727272727272727,-0.5,-0.3333,0,1
pratIkzya,3,0.2,1.0,1.0,0,2
pratIpa,6,0.13953488372093023,0.8286,0.7333,5,16
pratIti,3,0.10344827586206896,-1.0,-1.0,1,2
prataraRa,3,0.16666666666666666,0.5,0.3333,1,4
prati,8,0.12698412698412698,0.7619,0.5714,8,26
pratiBA,8,0.24242424242424243,-0.4048,-0.3571,5,13
pratiBAsa,3,0.3,1.0,1.0,0,1
pratiBAsana,3,0.75,0.5,0.3333,0,1
pratiSrava,3,0.3,1.0,1.0,0,2
pratibanDa,4,0.17391304347826086,1.0,1.0,1,1
pratiboDana,3,0.6,1.0,1.0,0,2
pratigrAhya,3,0.3,1.0,1.0,0,2
pratigraha,5,0.14285714285714285,0.0,0.2,4,7
pratihAra,3,0.06382978723404255,1.0,1.0,2,8
pratijYA,5,0.14705882352941177,0.3,0.2,2,17
pratikAra,3,0.2727272727272727,1.0,1.0,0,3
pratikartavya,6,0.75,1.0,1.0,0,3
pratimA,6,0.13953488372093023,0.4857,0.3333,1,9
pratimuKa,4,0.25,1.0,1.0,1,6
pratipAdaka,3,0.14285714285714285,1.0,1.0,1,1
pratipAdana,5,0.18518518518518517,0.7,0.6,1,3
pratipAdya,3,0.3,1.0,1.0,0,1
pratipad,7,0.1346153846153846,0.0,-0.0476,2,43
pratipattavya,4,0.3333333333333333,0.8,0.6667,1,3
pratipatti,8,0.1568627450980392,0.4286,0.4286,4,6
pratiprasava,3,0.3333333333333333,1.0,1.0,0,2
pratirava,3,0.375,1.0,1.0,1,3
pratisaMdeSa,3,1.0,1.0,1.0,0,2
pratisara,3,0.13043478260869565,1.0,1.0,0,2
pratisvara,3,1.0,1.0,1.0,0,1
prativAdin,3,0.2727272727272727,1.0,1.0,0,2
prativAraRa,3,0.5,-0.5,-0.3333,0,1
prativacana,3,0.2,1.0,1.0,0,1
prativeSin,3,0.5,1.0,1.0,0,3
prativiDAna,3,0.5,1.0,1.0,0,2
prativyUha,3,0.75,1.0,1.0,0,1
pratizWA,9,0.13636363636363635,0.2333,0.1667,4,33
pratizWAna,5,0.2777777777777778,0.6,0.4,2,5
pratizeDa,4,0.12903225806451613,1.0,1.0,0,6
pratyASA,3,0.2727272727272727,0.5,0.3333,1,1
pratyAhAra,3,0.125,1.0,1.0,1,3
pratyAyana,3,0.375,0.5,0.3333,0,1
pratyaBijYA,3,0.1875,-0.5,-0.3333,0,4
pratyaNga,4,0.25,0.8,0.6667,1,4
pratyaNgam,4,0.4,1.0,1.0,0,4
pratyaYc,5,0.10638297872340426,0.8,0.6,3,11
pratyagra,5,0.20833333333333334,0.1,0.0,1,4
pratyaksrotas,3,0.75,1.0,1.0,0,2
pratyanIka,4,0.21052631578947367,1.0,1.0,0,7
pratyavAya,3,0.13043478260869565,1.0,1.0,0,3
pratyaya,5,0.07936507936507936,0.7,0.6,8,7
pratyuttara,3,0.3333333333333333,1.0,1.0,0,2
pravAda,5,0.21739130434782608,0.7,0.6,3,4
pravAhin,3,0.42857142857142855,1.0,1.0,0,1
pravIra,3,0.17647058823529413,1.0,1.0,0,2
pravaRa,4,0.0851063829787234,1.0,1.0,6,10
pravacana,4,0.10810810810810811,0.4,0.3333,1,5
pravaha,4,0.25,1.0,1.0,1,2
pravara,4,0.07142857142857142,0.4,0.3333,4,4
pravartana,4,0.14285714285714285,-0.2,0.0,1,6
pravartin,3,0.1875,1.0,1.0,0,3
pravayas,3,0.1875,1.0,1.0,1,4
praveSa,8,0.2,0.2619,0.1429,0,5
praveSaka,4,0.2857142857142857,0.4,0.3333,3,3
praveSya,4,0.4444444444444444,1.0,1.0,0,3
pravezwavya,3,0.2727272727272727,0.5,0.3333,0,2
pravftti,9,0.13432835820895522,0.5333,0.6111,0,13
pravrajita,3,0.16666666666666666,1.0,1.0,0,4
prayoga,11,0.14285714285714285,0.9455,0.8909,3,15
prayojaka,3,0.13043478260869565,1.0,1.0,1,2
prayojana,4,0.10256410256410256,0.4,0.3333,1,6
prayojya,3,0.15,0.5,0.3333,0,2
prayoktavya,4,0.3076923076923077,1.0,1.0,0,2
prayuta,3,0.2,-1.0,-1.0,0,2
prazwavya,3,0.21428571428571427,1.0,1.0,0,4
preNKa,3,0.13043478260869565,1.0,1.0,0,7
preNKaRa,3,0.375,0.5,0.3333,0,1
prekzA,5,0.23809523809523808,0.9,0.8,0,6
prekzAgAra,3,1.0,-0.5,-0.3333,0,2
prekzaRa,3,0.1875,1.0,1.0,0,4
prekzaka,3,0.2727272727272727,0.5,0.3333,1,2
preraRa,6,0.5454545454545454,-0.0857,-0.0667,1,4
prezya,3,0.13636363636363635,1.0,1.0,1,1
priya,4,0.06451612903225806,0.4,0.3333,4,7
priyaMkara,5,0.38461538461538464,1.0,1.0,0,3
priyaMvada,3,0.12,1.0,1.0,0,1
priyaNgu,6,0.23076923076923078,0.8286,0.7333,0,6
priyadarSana,3,0.17647058823529413,1.0,1.0,0,1
priyaka,5,0.38461538461538464,1.0,1.0,0,3
priyatva,3,0.375,1.0,1.0,0,2
priyavAdin,3,0.2727272727272727,1.0,1.0,0,3
prozWa,3,0.3,1.0,1.0,1,0
pruz,3,0.2,0.5,0.3333,2,10
psA,4,0.26666666666666666,-0.2,0.0,1,9
puMstva,3,0.2727272727272727,1.0,1.0,0,2
puRqarIka,6,0.13333333333333333,0.2571,0.2,2,2
puT,4,0.5,1.0,1.0,1,4
puloman,3,0.21428571428571427,1.0,1.0,0,2
punarAvartin,3,0.75,1.0,1.0,0,1
punarjanman,3,1.0,1.0,1.0,0,1
punarmaGa,3,0.75,0.5,0.3333,0,2
punarukta,3,0.1875,1.0,1.0,1,4
purAtana,3,0.13043478260869565,1.0,1.0,0,1
purIzavAhaRa,3,0.6,1.0,1.0,0,2
pura,4,0.08888888888888889,0.8,0.6667,5,5
puraMjaya,3,0.2727272727272727,1.0,1.0,0,0
puras,3,0.075,-0.5,-0.3333,1,2
purovartin,3,0.75,1.0,1.0,0,0
purumIQa,3,0.2727272727272727,1.0,1.0,0,3
puruzArTa,5,0.3333333333333333,0.9,0.8,0,6
puruza,7,0.0958904109589041,0.0357,-0.1429,15,15
puruzakAra,3,0.1875,1.0,1.0,0,2
puruzottama,3,0.09375,-0.5,-0.3333,1,2
puttikA,4,0.26666666666666666,0.4,0.3333,2,3
puz,6,0.10526315789473684,0.5429,0.3333,15,20
puzkala,6,0.11320754716981132,0.6571,0.6,2,3
puzkara,7,0.08333333333333333,0.8214,0.619,3,8
puzkarin,3,0.1111111111111111,1.0,1.0,0,0
puzpa,9,0.1836734693877551,0.4,0.3889,1,4
puzpadanta,5,0.22727272727272727,-0.1,0.0,0,0
puzpaka,4,0.2222222222222222,0.8,0.6667,1,2
puzpita,4,0.15384615384615385,1.0,1.0,0,1
puzwi,6,0.13953488372093023,0.3714,0.3333,3,5
puzya,3,0.08823529411764706,1.0,1.0,1,2
qI,3,0.15,0.5,0.3333,11,5
qambara,6,0.5454545454545454,-0.2,-0.0667,0,5
qiRqima,5,0.2777777777777778,1.0,1.0,0,4
qimBa,3,0.21428571428571427,1.0,1.0,0,6
qima,3,0.5,-0.5,-0.3333,0,2
qimba,4,0.2,1.0,1.0,0,2
rAD,7,0.1076923076923077,0.7857,0.619,11,31
rAgin,3,0.08571428571428572,1.0,1.0,1,2
rAj,4,0.06779661016949153,0.8,0.6667,13,11
rAjIva,3,0.13043478260869565,1.0,1.0,0,3
rAjahaMsa,3,0.13043478260869565,1.0,1.0,0,2
rAjaka,3,0.13043478260869565,1.0,1.0,0,4
rAjaveSman,3,1.0,1.0,1.0,0,2
rAjila,3,0.42857142857142855,-0.5,-0.3333,1,2
rAma,3,0.05172413793103448,1.0,1.0,2,8
rAs,3,0.42857142857142855,0.5,0.3333,0,4
rAvaRa,3,0.125,0.5,0.3333,1,8
rAvaRi,3,0.42857142857142855,1.0,1.0,0,1
rAzwraBft,3,0.21428571428571427,1.0,1.0,0,4
rEBya,3,0.25,1.0,1.0,0,1
rEvata,8,0.2222222222222222,0.6429,0.6429,1,8
rIti,3,0.0967741935483871,1.0,1.0,5,7
rOdra,6,0.13333333333333333,0.7714,0.6,0,3
rOhiRa,3,0.10714285714285714,1.0,1.0,0,4
rOkzya,4,0.5714285714285714,1.0,1.0,0,2
rUkza,4,0.1,-0.4,-0.3333,2,5
rUpa,10,0.14084507042253522,0.1152,0.2444,3,11
rUpaka,6,0.18181818181818182,0.9429,0.8667,1,7
rUpya,3,0.12,1.0,1.0,2,1
raB,3,0.04477611940298507,0.5,0.3333,14,13
raBasa,3,0.07142857142857142,1.0,1.0,3,3
raD,4,0.21052631578947367,0.8,0.6667,4,17
raGu,3,0.13043478260869565,0.5,0.3333,4,9
raNG,3,1.0,1.0,1.0,0,2
raNga,4,0.12121212121212122,0.8,0.6667,1,5
raRotkawa,3,1.0,1.0,1.0,0,0
raTANga,4,0.16,0.4,0.3333,0,6
raTAkza,3,0.375,1.0,1.0,0,2
raYjana,4,0.14285714285714285,0.8,0.6667,0,1
rac,10,0.2127659574468085,0.9515,0.8667,1,12
racana,6,0.1875,0.7143,0.6,1,8
rad,3,0.3,1.0,1.0,2,12
radana,3,0.42857142857142855,1.0,1.0,0,1
raja,3,0.23076923076923078,1.0,1.0,0,0
rajas,8,0.14814814814814814,0.8333,0.7143,7,19
rajata,3,0.08571428571428572,0.5,0.3333,1,4
raktAkza,3,0.15,1.0,1.0,0,2
rakz,6,0.1111111111111111,0.9429,0.8667,6,25
rakzaRIya,3,0.2727272727272727,0.5,0.3333,0,2
rakzaka,3,0.42857142857142855,1.0,1.0,0,2
rakzoGna,4,0.26666666666666666,0.8,0.6667,0,2
ram,6,0.0625,0.7714,0.6,17,36
ramBa,4,0.08888888888888889,0.8,0.6667,0,1
ramaRa,4,0.08695652173913043,0.4,0.3333,1,3
ramati,3,0.375,1.0,1.0,1,2
ramyaka,3,0.1875,-0.5,-0.3333,0,1
ranDra,3,0.075,-0.5,-0.3333,0,3
ranti,4,0.3076923076923077,1.0,1.0,0,4
rarAwa,3,0.3,1.0,1.0,0,3
ras,6,0.17647058823529413,0.8857,0.7333,3,9
rasa,5,0.05952380952380952,0.6,0.4,14,26
rasajYa,3,0.17647058823529413,-0.5,-0.3333,1,4
rasana,4,0.14814814814814814,0.8,0.6667,1,2
rati,3,0.06521739130434782,1.0,1.0,1,5
ratnAvalI,3,0.23076923076923078,0.5,0.3333,1,4
ratna,3,0.07692307692307693,0.5,0.3333,1,5
ratnagarBa,3,0.23076923076923078,1.0,1.0,0,3
rava,4,0.16666666666666666,0.8,0.6667,1,4
raw,6,0.2222222222222222,0.4286,0.4667,0,8
reRu,6,0.15789473684210525,0.4286,0.4667,2,5
reRuka,4,0.3333333333333333,0.2,0.0,0,0
recaka,3,0.1111111111111111,0.5,0.3333,0,1
recana,3,0.21428571428571427,1.0,1.0,0,1
retoDA,3,0.25,1.0,1.0,0,2
revata,3,0.25,1.0,1.0,0,0
ric,7,0.09210526315789473,1.0,1.0,10,32
rih,3,0.25,-1.0,-1.0,2,9
riz,5,0.16129032258064516,0.7,0.6,3,16
roDa,4,0.14814814814814814,0.8,0.6667,0,2
roDas,3,0.125,0.5,0.3333,2,1
rocamAna,3,0.375,-0.5,-0.3333,0,2
rocana,5,0.10416666666666667,1.0,1.0,2,10
rohaRa,3,0.1875,1.0,1.0,0,2
rohin,4,0.3333333333333333,0.8,0.6667,0,1
rohit,5,0.3125,0.9,0.8,0,2
rohita,8,0.10810810810810811,0.9524,0.8571,7,7
roman,3,0.1111111111111111,0.5,0.3333,0,2
ropaRa,4,0.4444444444444444,0.8,0.6667,1,1
ru,4,0.07017543859649122,0.0,0.0,7,21
ruD,10,0.10101010101010101,0.6242,0.4667,17,51
ruDira,3,0.12,1.0,1.0,2,9
ruc,8,0.11764705882352941,0.7381,0.6429,20,48
rucaka,3,0.08571428571428572,1.0,1.0,12,3
ruci,4,0.08163265306122448,0.4,0.3333,1,4
rud,4,0.06557377049180328,0.8,0.6667,8,14
rudra,4,0.06451612903225806,1.0,1.0,9,16
ruh,8,0.07339449541284404,0.5238,0.2857,29,43
ruj,3,0.06976744186046512,0.5,0.3333,5,14
rup,4,0.5,1.0,1.0,1,6
ruru,4,0.16,1.0,1.0,0,1
ruz,4,0.1,0.2,0.0,2,18
sABimAna,3,0.5,0.5,0.3333,0,3
sAD,8,0.11940298507462686,0.9048,0.7857,4,39
sADAraRa,4,0.08163265306122448,0.8,0.6667,0,3
sADaka,6,0.13953488372093023,0.4857,0.3333,0,3
sADanIya,3,0.25,1.0,1.0,0,1
sADana,13,0.1780821917808219,0.5055,0.4103,1,20
sADu,7,0.10606060606060606,0.9286,0.8095,5,21
sADuyA,3,0.375,0.5,0.3333,0,2
sADya,11,0.13924050632911392,0.8,0.6364,1,15
sAMtapana,3,0.13636363636363635,1.0,1.0,0,4
sANga,3,0.23076923076923078,0.5,0.3333,0,1
sAda,3,0.15789473684210525,0.5,0.3333,2,2
sAgara,4,0.0851063829787234,0.0,0.0,1,7
sAhasa,3,0.08333333333333333,1.0,1.0,0,6
sAhasra,3,0.11538461538461539,0.5,0.3333,0,1
sAhitya,4,0.3076923076923077,1.0,1.0,0,4
sAkzAt,4,0.09302325581395349,1.0,1.0,0,4
sAmAnya,6,0.11538461538461539,1.0,1.0,0,9
sAmIpya,3,0.2,1.0,1.0,0,3
sAman,4,0.08163265306122448,0.4,0.3333,5,10
sAmarTya,6,0.15789473684210525,0.2,0.0667,1,5
sAmayika,4,0.36363636363636365,0.8,0.6667,0,2
sAmudra,6,0.2727272727272727,0.8286,0.7333,1,2
sAmya,4,0.09523809523809523,0.2,0.0,0,6
sAndra,4,0.10526315789473684,0.2,0.0,0,6
sAnubanDa,3,1.0,1.0,1.0,0,2
sApatna,3,0.6,0.5,0.3333,0,0
sApekza,4,0.3076923076923077,0.8,0.6667,0,3
sArTa,4,0.12121212121212122,1.0,1.0,0,2
sAra,8,0.0963855421686747,0.5238,0.4286,6,15
sAraNga,4,0.0784313725490196,0.8,0.6667,2,31
sAraRa,3,0.1875,1.0,1.0,0,2
sArasa,7,0.1794871794871795,0.4286,0.4286,1,3
sArasvata,3,0.07692307692307693,1.0,1.0,1,3
sArvaBOma,3,0.09090909090909091,1.0,1.0,1,1
sAttvika,3,0.10714285714285714,0.5,0.3333,0,3
sAvarRa,3,0.42857142857142855,1.0,1.0,0,2
sAvitra,7,0.16279069767441862,0.9286,0.8095,3,8
sAyaka,4,0.16,0.2,0.0,0,1
sEnDava,5,0.15151515151515152,1.0,1.0,0,5
sEnika,3,0.17647058823529413,1.0,1.0,0,1
sEnya,3,0.15,1.0,1.0,0,3
sImAnta,5,0.3333333333333333,0.9,0.8,0,3
sIman,4,0.1,1.0,1.0,0,6
sImanta,4,0.16,0.8,0.6667,0,3
sItA,4,0.1,0.2,0.0,1,14
sKal,3,0.058823529411764705,1.0,1.0,1,17
sKalana,6,0.3333333333333333,1.0,1.0,0,2
sODa,4,0.17391304347826086,1.0,1.0,0,2
sOdAmanI,3,0.13043478260869565,1.0,1.0,0,1
sOganDika,3,0.13636363636363635,1.0,1.0,0,3
sOhfda,3,0.1875,0.5,0.3333,0,1
sOhitya,3,0.15789473684210525,1.0,1.0,0,2
sOmanasa,4,0.25,1.0,1.0,1,4
sOmanasya,4,0.36363636363636365,1.0,1.0,0,2
sOmya,7,0.09722222222222222,0.7143,0.619,4,11
sOptika,4,0.5714285714285714,1.0,1.0,0,2
sOrIya,3,0.75,1.0,1.0,0,1
sOra,3,0.06818181818181818,1.0,1.0,2,3
sOraBa,4,0.16,1.0,1.0,0,1
sOvIra,3,0.10714285714285714,1.0,1.0,0,1
sOva,3,0.6,1.0,1.0,0,1
sPIta,4,0.18181818181818182,0.4,0.3333,0,2
sPUrj,4,0.13333333333333333,0.4,0.3333,0,6
sPowana,6,0.3157894736842105,0.9429,0.8667,0,3
sPur,10,0.13513513513513514,0.5152,0.4667,0,28
sPuraRa,4,0.2,0.4,0.3333,0,4
sPuw,9,0.17647058823529413,0.45,0.3889,1,34
sPuwa,6,0.11320754716981132,0.8286,0.7333,3,6
sPuwatva,3,0.42857142857142855,1.0,1.0,0,2
sPya,3,0.1875,1.0,1.0,0,6
sTA,13,0.0962962962962963,0.8956,0.7179,51,100
sTARu,4,0.06779661016949153,0.4,0.3333,3,3
sTAman,3,0.3,1.0,1.0,0,2
sTAna,12,0.12631578947368421,0.2937,0.1212,3,44
sTAnaka,3,0.2,-0.5,-0.3333,1,2
sTApana,5,0.1724137931034483,1.0,1.0,1,3
sTApya,5,0.5,1.0,1.0,0,1
sTAvara,7,0.14893617021276595,0.2857,0.2381,1,6
sTAyin,5,0.16666666666666666,1.0,1.0,0,6
sTErya,6,0.20689655172413793,1.0,1.0,0,7
sTURAkarRa,3,0.6,-0.5,-0.3333,0,0
sTUla,3,0.05555555555555555,1.0,1.0,4,5
sTUlaSiras,3,0.5,1.0,1.0,0,1
sTag,3,0.11538461538461539,1.0,1.0,0,7
sTala,5,0.10638297872340426,1.0,1.0,1,3
sTalaja,3,0.3333333333333333,1.0,1.0,0,2
sTapati,5,0.1388888888888889,1.0,1.0,0,8
sTavira,3,0.07142857142857142,1.0,1.0,0,5
sTeman,3,0.3,1.0,1.0,0,2
sTeya,4,0.18181818181818182,1.0,1.0,1,5
sTirIBU,3,0.75,1.0,1.0,0,3
sTira,4,0.06557377049180328,1.0,1.0,1,14
sTiratA,3,0.3333333333333333,1.0,1.0,0,2
sTiratva,3,0.42857142857142855,1.0,1.0,0,1
sTita,7,0.1076923076923077,0.5714,0.4286,2,23
sTiti,14,0.2,-0.2264,-0.1429,0,28
sUcImuKa,5,0.25,1.0,1.0,1,4
sUcIvaktra,3,0.6,1.0,1.0,1,1
sUci,4,0.07407407407407407,0.8,0.6667,2,18
sUd,5,0.2777777777777778,0.9,0.8,3,12
sUda,5,0.16666666666666666,0.7,0.6,0,4
sUdana,3,0.23076923076923078,1.0,1.0,0,2
sUkzma,5,0.09433962264150944,0.7,0.6,3,8
sUnfta,3,0.09375,0.5,0.3333,2,3
sUpa,3,0.14285714285714285,-0.5,-0.3333,0,3
sUryAkza,3,1.0,1.0,1.0,1,1
sUrya,3,0.05263157894736842,1.0,1.0,3,8
sUryavarcas,5,0.5555555555555556,1.0,1.0,0,5
sUtaka,3,0.08571428571428572,1.0,1.0,0,3
sUti,5,0.25,0.0,0.2,1,4
sUtra,3,0.046153846153846156,0.5,0.3333,1,11
sUtraDAra,3,0.13043478260869565,1.0,1.0,0,4
sUtrakAra,3,0.2727272727272727,1.0,1.0,1,2
sUtu,3,1.0,1.0,1.0,0,2
saBApati,3,0.5,1.0,1.0,0,1
saMDA,6,0.1875,-0.7143,-0.4667,0,31
saMDAna,8,0.17391304347826086,1.0,1.0,3,10
saMDi,15,0.19736842105263158,0.65,0.5238,3,20
saMDukzaRa,3,0.42857142857142855,0.5,0.3333,0,2
saMGAta,14,0.21875,0.9473,0.8681,1,12
saMGawwana,3,0.2727272727272727,1.0,1.0,0,4
saMKyAna,3,0.14285714285714285,1.0,1.0,0,3
saMSlezaRa,3,0.42857142857142855,1.0,1.0,0,2
saMSravaRa,4,0.4,1.0,1.0,0,4
saMSraya,4,0.14285714285714285,0.2,0.0,1,7
saMSrayin,3,0.6,1.0,1.0,0,2
saMcAra,4,0.10810810810810811,-1.0,-1.0,0,2
saMcArin,7,0.2,0.3214,0.2381,0,6
saMcara,4,0.19047619047619047,1.0,1.0,0,5
saMdIpana,4,0.5,0.8,0.6667,0,2
saMdaMSa,7,0.25925925925925924,0.8929,0.8095,1,7
saMdarSana,8,0.3076923076923077,0.1905,0.1429,1,11
saMgama,5,0.11627906976744186,-0.2,-0.2,1,5
saMgamana,3,0.3333333333333333,1.0,1.0,0,2
saMgata,3,0.12,0.5,0.3333,0,6
saMgati,3,0.07894736842105263,-0.5,-0.3333,2,5
saMgrAhya,3,0.3333333333333333,0.5,0.3333,0,1
saMgraha,10,0.1694915254237288,0.7939,0.6,8,17
saMgrahaRa,9,0.391304347826087,0.9,0.8333,2,6
saMhAra,7,0.1794871794871795,0.8929,0.8095,4,5
saMhanana,4,0.2222222222222222,1.0,1.0,0,2
saMharaRa,4,0.5714285714285714,1.0,1.0,0,2
saMhartavya,3,1.0,1.0,1.0,0,0
saMharza,3,0.16666666666666666,0.5,0.3333,1,2
saMhita,5,0.125,0.2,0.2,1,2
saMhrAda,3,0.42857142857142855,0.5,0.3333,0,3
saMjIvana,3,0.17647058823529413,0.5,0.3333,1,3
saMjYA,10,0.15384615384615385,-0.3576,-0.2444,0,33
saMjYAna,3,0.15789473684210525,-0.5,-0.3333,0,5
saMjaya,4,0.16666666666666666,1.0,1.0,0,2
saMkIrRa,3,0.2727272727272727,-0.5,-0.3333,0,3
saMkara,3,0.10714285714285714,-0.5,-0.3333,0,3
saMkawa,4,0.10526315789473684,1.0,1.0,1,7
saMketa,3,0.10344827586206896,0.5,0.3333,1,3
saMketaka,3,0.75,0.5,0.3333,0,2
saMkfti,3,0.15,1.0,1.0,0,4
saMkleda,3,0.42857142857142855,0.5,0.3333,0,1
saMkoca,4,0.14285714285714285,0.0,0.0,1,2
saMkocana,4,0.5714285714285714,0.8,0.6667,0,2
saMkrama,5,0.18518518518518517,1.0,1.0,0,2
saMkramaRa,3,0.13636363636363635,1.0,1.0,0,2
saMkrandana,3,0.25,1.0,1.0,1,2
saMkula,4,0.12121212121212122,0.8,0.6667,0,4
saMkzepa,5,0.14285714285714285,0.7,0.6,0,3
saMnAha,3,0.15789473684210525,0.5,0.3333,0,3
saMnahana,5,0.35714285714285715,1.0,1.0,0,4
saMnati,5,0.2777777777777778,0.4,0.4,3,3
saMniDAna,3,0.11538461538461539,-1.0,-1.0,0,5
saMniDi,3,0.09375,1.0,1.0,0,5
saMnikarza,4,0.11428571428571428,1.0,1.0,1,4
saMnipAta,3,0.08333333333333333,0.5,0.3333,2,4
saMniveSa,5,0.14285714285714285,0.1,0.0,0,9
saMniveSana,4,0.6666666666666666,1.0,1.0,0,2
saMnyAsa,5,0.20833333333333334,0.9,0.8,0,4
saMrakzya,3,0.25,-0.5,-0.3333,0,2
saMramBa,3,0.1111111111111111,1.0,1.0,2,4
saMramBin,3,0.5,1.0,1.0,0,2
saMroDa,7,0.3333333333333333,0.4643,0.4286,0,4
saMsADya,4,0.6666666666666666,1.0,1.0,0,2
saMsTAna,6,0.11764705882352941,1.0,1.0,1,6
saMsTa,3,0.05,0.5,0.3333,5,3
saMsTiti,7,0.2413793103448276,1.0,1.0,0,8
saMsad,4,0.13333333333333333,0.4,0.3333,3,8
saMsarga,5,0.09803921568627451,0.5,0.4,1,5
saMsevya,3,0.5,1.0,1.0,0,1
saMsidDi,3,0.13043478260869565,0.5,0.3333,0,5
saMskAra,6,0.07407407407407407,0.8286,0.7333,5,12
saMskfta,4,0.125,0.8,0.6667,1,8
saMsrAva,3,0.2727272727272727,1.0,1.0,0,2
saMsrava,3,0.17647058823529413,0.5,0.3333,0,2
saMstamBa,3,0.5,1.0,1.0,0,3
saMstara,3,0.17647058823529413,0.5,0.3333,0,3
saMtAna,7,0.14583333333333334,0.1429,0.0476,1,4
saMtati,4,0.08333333333333333,1.0,1.0,0,2
saMvAha,3,0.2,0.5,0.3333,0,1
saMvAhana,4,0.23529411764705882,1.0,1.0,0,2
saMvAsa,3,0.2,0.5,0.3333,1,2
saMvAsin,3,0.6,1.0,1.0,0,2
saMvarDana,5,0.35714285714285715,1.0,1.0,0,2
saMvaraRa,6,0.2222222222222222,0.8286,0.7333,0,6
saMvarta,6,0.15789473684210525,0.6571,0.6,1,5
saMvartaka,3,0.125,0.5,0.3333,0,3
saMvatsara,4,0.09302325581395349,0.8,0.6667,0,11
saMvega,3,0.21428571428571427,1.0,1.0,0,2
saMviBAgin,4,0.8,0.8,0.6667,0,2
saMviDi,3,0.5,1.0,1.0,1,2
saMvid,5,0.1,0.5,0.4,2,16
saMvijYAna,3,0.42857142857142855,-0.5,-0.3333,0,1
saMvyavahAra,3,0.17647058823529413,-0.5,-0.3333,0,3
saMyAna,6,0.6,-0.0857,-0.0667,0,3
saMyamana,4,0.16,1.0,1.0,1,2
saMyat,3,0.15,1.0,1.0,0,6
saMyoga,8,0.16326530612244897,0.5238,0.2857,2,10
saMyogin,3,0.23076923076923078,1.0,1.0,0,3
saPala,3,0.17647058823529413,0.5,0.3333,0,3
saYj,7,0.07,0.75,0.619,11,20
sabala,3,0.17647058823529413,1.0,1.0,1,1
sabanDu,3,0.42857142857142855,1.0,1.0,0,2
sac,3,0.17647058823529413,1.0,1.0,7,29
sad,5,0.04950495049504951,0.9,0.8,11,33
sadAgati,3,0.21428571428571427,1.0,1.0,0,5
sadBAva,4,0.14285714285714285,0.8,0.6667,0,6
sadaSva,3,0.2727272727272727,1.0,1.0,0,3
sadas,4,0.11428571428571428,0.4,0.3333,1,5
sadfSa,3,0.07317073170731707,-0.5,-0.3333,0,1
sagarBa,3,0.3333333333333333,1.0,1.0,0,1
sagara,6,0.2608695652173913,-0.6,-0.4667,0,12
saguRa,3,0.15789473684210525,1.0,1.0,0,3
sah,9,0.1323529411764706,0.8333,0.6667,8,56
sahAyatva,3,1.0,1.0,1.0,0,2
saha,6,0.08823529411764706,-0.3714,-0.3333,3,12
sahacAra,3,0.75,1.0,1.0,0,2
sahacArin,3,0.23076923076923078,-0.5,-0.3333,0,1
sahadeva,3,0.08823529411764706,0.5,0.3333,1,2
sahaja,4,0.1111111111111111,1.0,1.0,0,5
sahakAra,5,0.25,1.0,1.0,0,2
sahas,3,0.06521739130434782,1.0,1.0,1,7
sahasrAkza,3,0.1,-0.5,-0.3333,0,5
sahasrAyus,3,0.6,1.0,1.0,0,2
sahasra,3,0.06666666666666667,-1.0,-1.0,1,18
sahasraka,5,0.625,-0.1,0.0,0,3
sahasrapattra,4,0.5714285714285714,1.0,1.0,0,2
sahfdaya,4,0.2222222222222222,1.0,1.0,0,3
sahya,3,0.08333333333333333,-1.0,-1.0,0,3
sajozas,3,0.5,0.5,0.3333,1,3
sajya,3,0.75,1.0,1.0,0,1
sakAma,5,0.19230769230769232,1.0,1.0,0,5
salIla,3,0.25,1.0,1.0,0,2
salila,4,0.10256410256410256,1.0,1.0,2,5
salilodBava,3,1.0,1.0,1.0,0,0
samA,3,0.1111111111111111,1.0,1.0,1,2
samADAna,5,0.1724137931034483,1.0,1.0,0,3
samADeya,3,0.42857142857142855,1.0,1.0,0,1
samADi,7,0.11864406779661017,0.8571,0.7143,1,19
samASraya,4,0.25,1.0,1.0,0,7
samASvAsa,3,0.75,1.0,1.0,0,1
samASvAsana,3,1.0,0.5,0.3333,0,2
samAcAra,4,0.26666666666666666,0.8,0.6667,0,2
samAgama,3,0.13636363636363635,1.0,1.0,0,3
samAhAra,4,0.18181818181818182,0.2,0.0,1,4
samAhvAna,4,1.0,1.0,1.0,0,2
samAhvaya,3,0.3,1.0,1.0,0,2
samAja,3,0.10714285714285714,1.0,1.0,0,3
samAna,5,0.09803921568627451,0.7,0.6,3,10
samAveSa,4,0.23529411764705882,1.0,1.0,1,2
samIraRa,3,0.125,1.0,1.0,0,3
samUha,3,0.11538461538461539,0.5,0.3333,0,1
sama,8,0.0963855421686747,0.619,0.5714,8,18
samaDika,3,0.23076923076923078,0.5,0.3333,0,3
samaduHKasuKa,3,0.6,1.0,1.0,0,2
samagra,4,0.16666666666666666,0.4,0.3333,0,3
samanvaya,3,0.23076923076923078,1.0,1.0,0,2
samara,4,0.13333333333333333,0.8,0.6667,1,3
samarpaRa,4,0.2222222222222222,1.0,1.0,0,3
samasyA,3,0.23076923076923078,0.5,0.3333,0,2
samatA,4,0.18181818181818182,0.8,0.6667,0,6
samatva,3,0.15789473684210525,1.0,1.0,0,4
samavAyin,3,0.17647058823529413,-0.5,-0.3333,0,3
samavakAra,3,0.375,1.0,1.0,0,2
samaya,12,0.1791044776119403,0.6364,0.5455,5,22
samazwi,4,0.36363636363636365,0.8,0.6667,1,3
samfdDi,3,0.10344827586206896,1.0,1.0,1,4
saminDana,3,0.375,1.0,1.0,0,0
samiti,3,0.11538461538461539,1.0,1.0,0,6
samrAj,3,0.08823529411764706,1.0,1.0,0,4
samucCraya,5,0.23809523809523808,1.0,1.0,2,5
samuccaya,4,0.12121212121212122,1.0,1.0,0,5
samudAcAra,3,0.3,1.0,1.0,0,3
samudBeda,3,1.0,1.0,1.0,0,2
samuddeSa,3,0.3333333333333333,1.0,1.0,0,3
samudra,7,0.11864406779661017,0.5357,0.4286,2,16
samutTAna,6,0.375,1.0,1.0,2,6
san,3,0.14285714285714285,1.0,1.0,1,25
sanABi,3,0.14285714285714285,1.0,1.0,2,5
sanAtana,4,0.1111111111111111,0.8,0.6667,0,0
sap,5,0.5,0.6,0.4,4,5
sapakza,3,0.1875,1.0,1.0,1,2
sapatnakzayaRa,3,1.0,1.0,1.0,0,2
sapatnasAha,3,0.75,1.0,1.0,0,2
saptadaSa,5,0.20833333333333334,0.6,0.4,1,9
saptaka,5,0.1724137931034483,0.7,0.6,0,6
saptaparRa,3,0.16666666666666666,1.0,1.0,0,2
saptarAtra,3,0.17647058823529413,1.0,1.0,0,4
sarAga,3,0.3,1.0,1.0,0,2
sara,3,0.11538461538461539,1.0,1.0,2,1
saraka,5,0.21739130434782608,0.4,0.4,1,1
sarala,4,0.09523809523809523,1.0,1.0,0,7
sarasa,7,0.23333333333333334,0.8929,0.8095,0,8
sarga,6,0.15384615384615385,0.5429,0.4667,3,10
sarira,3,0.75,1.0,1.0,1,1
sarjarasa,3,0.2727272727272727,0.5,0.3333,0,1
sarpa,3,0.08333333333333333,0.5,0.3333,1,2
sarparAja,3,0.42857142857142855,0.5,0.3333,0,1
sarvANga,4,0.21052631578947367,1.0,1.0,1,5
sarvAtman,3,0.10714285714285714,0.5,0.3333,0,7
sarvaTA,3,0.10344827586206896,1.0,1.0,0,6
sarvadamana,3,0.5,1.0,1.0,0,2
sarvaga,3,0.13636363636363635,0.5,0.3333,1,2
sarvahara,3,0.3333333333333333,1.0,1.0,0,3
sarvajYa,3,0.08823529411764706,0.5,0.3333,1,3
sarvaloka,5,0.4166666666666667,0.9,0.8,0,4
sarvaratnamaya,3,1.0,-0.5,-0.3333,0,1
sarvatas,4,0.10810810810810811,0.8,0.6667,0,5
sarvatoBadra,3,0.10714285714285714,1.0,1.0,1,5
sarvatomuKa,4,0.16,0.8,0.6667,1,2
sarvatraga,3,0.2727272727272727,1.0,1.0,1,2
sas,5,0.5555555555555556,-0.3,-0.2,0,4
satIna,3,0.23076923076923078,-0.5,-0.3333,1,2
satIrTa,3,0.375,1.0,1.0,0,0
satkAra,4,0.2,-0.4,-0.3333,1,2
satkArya,4,0.6666666666666666,-0.2,0.0,1,2
satkriyA,4,0.2,0.8,0.6667,0,4
satkula,3,0.5,0.5,0.3333,0,2
satpaTa,3,0.3333333333333333,0.5,0.3333,0,2
satpati,3,0.25,1.0,1.0,0,3
sattra,3,0.07142857142857142,0.5,0.3333,0,4
sattrin,3,0.14285714285714285,1.0,1.0,1,1
sattva,6,0.08955223880597014,0.7143,0.6,4,12
satvan,4,0.4,0.8,0.6667,0,2
satyOjas,3,1.0,-0.5,-0.3333,0,2
satya,5,0.06493506493506493,0.3,0.2,7,14
satyaDarman,3,0.42857142857142855,-0.5,-0.3333,1,3
satyaDfti,3,0.21428571428571427,1.0,1.0,0,4
satyajit,5,0.5,0.9,0.8,0,2
satyanAman,3,0.42857142857142855,0.5,0.3333,0,3
satyatA,3,0.375,1.0,1.0,0,2
satyavAc,6,0.2727272727272727,0.8857,0.7333,1,3
satyavrata,3,0.16666666666666666,1.0,1.0,0,4
savAtya,4,0.8,1.0,1.0,0,4
savIrya,3,0.42857142857142855,-0.5,-0.3333,0,3
sava,4,0.11764705882352941,1.0,1.0,3,7
savana,5,0.1111111111111111,0.2,0.2,1,10
savayas,3,0.25,1.0,1.0,1,2
savraRa,3,1.0,1.0,1.0,0,0
savya,3,0.075,-0.5,-0.3333,1,9
sayatva,3,1.0,1.0,1.0,0,2
secana,4,0.25,1.0,1.0,1,2
sedi,3,0.75,1.0,1.0,0,2
senA,3,0.08108108108108109,1.0,1.0,0,4
senajit,4,0.5714285714285714,1.0,1.0,0,0
sev,8,0.15384615384615385,0.4286,0.2857,3,21
sevaka,6,0.24,0.8286,0.7333,0,6
sevana,4,0.125,-0.8,-0.6667,2,7
sevin,3,0.14285714285714285,1.0,1.0,1,5
sevitavya,3,0.3333333333333333,-0.5,-0.3333,0,2
sevya,8,0.2857142857142857,0.9048,0.7857,0,5
sfYjaya,4,0.3333333333333333,-0.6,-0.3333,0,2
sfgAla,3,0.1111111111111111,1.0,1.0,1,1
sfkvi,3,0.42857142857142855,1.0,1.0,0,2
sfmara,3,0.23076923076923078,0.5,0.3333,2,1
si,3,0.13636363636363635,0.5,0.3333,1,18
siD,13,0.11504424778761062,0.8407,0.641,13,37
siMha,3,0.05263157894736842,0.5,0.3333,1,7
siMhanAda,5,0.15151515151515152,0.9,0.8,0,3
siMhikA,3,0.23076923076923078,1.0,1.0,0,2
sic,3,0.037037037037037035,0.5,0.3333,9,29
sidDAdeSa,3,0.6,1.0,1.0,0,1
sidDArTa,5,0.16666666666666666,0.9,0.8,0,2
sidDi,8,0.11428571428571428,0.0952,0.0714,4,10
sikatA,3,0.08571428571428572,0.5,0.3333,2,0
sinDu,3,0.06521739130434782,1.0,1.0,1,4
sinDudvIpa,3,0.42857142857142855,1.0,1.0,0,2
sinDurAja,3,0.3,-0.5,-0.3333,0,2
sinDuvAra,4,0.5714285714285714,1.0,1.0,0,3
sirA,3,0.11538461538461539,0.5,0.3333,0,3
skanDAvAra,3,0.23076923076923078,1.0,1.0,0,2
skanDa,3,0.045454545454545456,1.0,1.0,8,9
skand,6,0.11764705882352941,0.5429,0.4667,8,29
skandagraha,3,1.0,1.0,1.0,0,2
skandana,3,0.3333333333333333,1.0,1.0,0,2
sku,3,0.17647058823529413,1.0,1.0,0,5
smara,4,0.15384615384615385,-0.2,0.0,0,2
smaraRa,3,0.09375,1.0,1.0,1,1
smera,3,0.13636363636363635,1.0,1.0,0,3
smfti,4,0.07017543859649122,1.0,1.0,1,10
smi,6,0.1111111111111111,0.4857,0.3333,2,20
snA,4,0.05714285714285714,1.0,1.0,6,15
snAvan,3,0.21428571428571427,1.0,1.0,0,3
snAyu,4,0.17391304347826086,0.8,0.6667,0,5
sneha,5,0.09803921568627451,0.9,0.8,1,6
snehana,3,0.3,1.0,1.0,2,1
snigDa,3,0.07317073170731707,1.0,1.0,1,6
snih,4,0.14814814814814814,-0.2,0.0,1,13
snu,3,0.15,1.0,1.0,1,5
sodara,3,0.21428571428571427,0.5,0.3333,0,2
somadatta,3,0.25,1.0,1.0,0,2
somaka,5,0.29411764705882354,-0.1,0.0,0,4
somapa,5,0.2,0.7,0.6,0,5
somavarcas,3,1.0,1.0,1.0,0,0
somya,4,0.25,1.0,1.0,0,6
spaS,3,0.06818181818181818,-0.5,-0.3333,1,12
spand,3,0.09090909090909091,1.0,1.0,1,12
spandana,5,0.23809523809523808,0.9,0.8,0,3
sparD,3,0.14285714285714285,0.5,0.3333,2,10
spfhaRIya,3,0.21428571428571427,0.5,0.3333,1,2
srAma,3,0.2727272727272727,1.0,1.0,0,6
srAva,3,0.2,0.5,0.3333,0,3
sraMs,10,0.23255813953488372,0.2364,0.2,3,19
srotas,4,0.1,0.2,0.0,5,3
sru,8,0.11267605633802817,0.8571,0.7857,6,36
stabaka,3,0.13043478260869565,1.0,1.0,0,4
stamBa,7,0.14583333333333334,0.9286,0.8095,2,7
stamBana,4,0.2222222222222222,1.0,1.0,1,5
stanita,3,0.16666666666666666,1.0,1.0,0,2
stfti,3,1.0,1.0,1.0,0,1
stoka,3,0.07894736842105263,1.0,1.0,0,10
stoma,3,0.0625,1.0,1.0,5,10
stu,6,0.07692307692307693,0.7143,0.6,5,21
stuB,3,0.15789473684210525,0.5,0.3333,2,9
su,6,0.06976744186046512,0.8286,0.7333,28,37
suB,3,1.0,1.0,1.0,0,2
suBaga,3,0.05357142857142857,1.0,1.0,4,3
suBava,3,0.6,1.0,1.0,1,0
suDA,4,0.08333333333333333,0.8,0.6667,3,6
suDArasa,3,0.6,1.0,1.0,0,1
suDAtudakziRa,3,1.0,1.0,1.0,0,2
suDanvan,4,0.23529411764705882,0.4,0.3333,1,1
suDarman,3,0.14285714285714285,1.0,1.0,0,0
suGoza,5,0.5,0.7,0.6,0,0
suKa,4,0.06896551724137931,1.0,1.0,4,4
suSIla,4,0.26666666666666666,0.4,0.3333,0,2
suSarman,6,0.2608695652173913,1.0,1.0,0,3
suSeva,3,0.42857142857142855,1.0,1.0,1,3
suSoBana,3,0.42857142857142855,-1.0,-1.0,0,2
suSravas,4,0.2222222222222222,0.8,0.6667,0,4
suSrut,3,0.375,1.0,1.0,0,2
subAhu,5,0.2,1.0,1.0,0,2
subala,3,0.3,0.5,0.3333,0,2
subrahmaRya,3,0.125,1.0,1.0,0,2
subudDi,4,0.4444444444444444,1.0,1.0,0,1
sucAru,3,0.3,1.0,1.0,0,3
sucandra,3,0.3333333333333333,1.0,1.0,0,2
sucetas,3,0.42857142857142855,1.0,1.0,0,1
sucitra,3,0.375,1.0,1.0,0,0
sudAman,3,0.11538461538461539,0.5,0.3333,0,0
sudaMzwra,3,0.75,0.5,0.3333,0,1
sudarSana,8,0.16666666666666666,0.6905,0.5714,2,4
sudeva,8,0.36363636363636365,1.0,1.0,0,4
suga,6,0.3333333333333333,1.0,1.0,1,9
suganDa,3,0.10714285714285714,1.0,1.0,0,1
sugati,3,0.23076923076923078,1.0,1.0,1,2
sugrIva,3,0.14285714285714285,0.5,0.3333,8,4
sugraha,3,0.75,1.0,1.0,0,0
suhasta,3,0.42857142857142855,1.0,1.0,0,2
suhfd,3,0.10344827586206896,-0.5,-0.3333,0,4
suhita,3,0.17647058823529413,1.0,1.0,0,0
suhotra,3,0.15789473684210525,1.0,1.0,0,0
suhuta,3,0.17647058823529413,1.0,1.0,0,5
sujAta,3,0.13043478260869565,1.0,1.0,1,1
sukarman,4,0.17391304347826086,0.8,0.6667,1,4
suketu,3,0.2727272727272727,1.0,1.0,0,3
sukfta,6,0.1276595744680851,-0.3714,-0.0667,4,5
sukftin,4,0.23529411764705882,1.0,1.0,0,4
sukumAra,3,0.10344827586206896,1.0,1.0,1,6
sukzetra,3,0.23076923076923078,1.0,1.0,0,3
sulaBa,3,0.1,-0.5,-0.3333,2,2
sulocana,3,0.21428571428571427,1.0,1.0,0,1
sumanas,9,0.17647058823529413,0.6333,0.5,0,8
sumantra,3,0.25,0.5,0.3333,0,0
sumati,7,0.21212121212121213,1.0,1.0,1,5
sumatitsaru,4,1.0,1.0,1.0,0,2
sumfzwa,3,0.5,1.0,1.0,0,2
sumitra,4,0.16,1.0,1.0,0,2
sumuKa,9,0.1875,0.3333,0.2778,2,9
sunABa,3,0.3333333333333333,1.0,1.0,0,1
sunAman,3,0.42857142857142855,1.0,1.0,0,0
sunITa,3,0.16666666666666666,1.0,1.0,0,0
sunIta,3,0.5,1.0,1.0,0,1
sunetra,4,0.5,-0.2,0.0,0,0
supArSva,4,0.25,0.4,0.3333,0,1
supakva,3,0.42857142857142855,1.0,1.0,0,3
suparRa,7,0.21212121212121213,0.0,-0.0476,2,6
suparvan,4,0.17391304347826086,1.0,1.0,0,3
supraBa,4,0.2222222222222222,0.8,0.6667,0,3
suprasAda,3,0.3333333333333333,1.0,1.0,0,2
supratIka,5,0.1724137931034483,0.9,0.8,0,6
supratizWita,4,0.3333333333333333,1.0,1.0,0,3
surADipa,3,0.6,1.0,1.0,0,2
surAlaya,3,0.2,1.0,1.0,0,5
surApagA,3,0.6,1.0,1.0,0,2
surAri,3,0.21428571428571427,0.5,0.3333,0,1
surAsura,3,0.42857142857142855,1.0,1.0,0,2
surAzwra,4,0.19047619047619047,1.0,1.0,1,2
suraBi,4,0.06451612903225806,0.4,0.3333,1,12
suraSrezWa,3,0.42857142857142855,1.0,1.0,0,1
suraTa,4,0.2222222222222222,1.0,1.0,2,0
surasa,3,0.09090909090909091,1.0,1.0,1,4
sureSa,3,0.2,1.0,1.0,0,2
sureSvara,3,0.12,1.0,1.0,0,4
surottama,3,0.375,1.0,1.0,0,0
susaMskfta,5,0.45454545454545453,1.0,1.0,0,1
susvara,3,0.23076923076923078,0.5,0.3333,0,2
sutAra,3,0.17647058823529413,1.0,1.0,0,2
sutIkzRa,3,0.375,1.0,1.0,0,2
sutIrTa,5,0.29411764705882354,0.4,0.4,0,2
sutanu,4,0.2857142857142857,1.0,1.0,0,3
suvIra,5,0.22727272727272727,0.9,0.8,2,4
suvarRa,6,0.10714285714285714,0.0286,0.0667,0,3
suvarRaka,3,0.21428571428571427,1.0,1.0,0,1
suvftta,3,0.17647058823529413,1.0,1.0,0,3
suvistara,3,0.3,1.0,1.0,0,2
suvrata,5,0.16666666666666666,1.0,1.0,1,2
suyama,3,0.42857142857142855,0.5,0.3333,0,3
suzada,3,0.75,0.5,0.3333,0,1
suzeRa,7,0.30434782608695654,0.6071,0.5238,0,3
svADIna,3,0.23076923076923078,0.5,0.3333,0,2
svAda,3,0.375,1.0,1.0,0,2
svAgata,3,0.09375,1.0,1.0,0,1
svApa,3,0.2,1.0,1.0,0,3
svArTa,4,0.11428571428571428,1.0,1.0,0,5
svAti,3,0.13636363636363635,1.0,1.0,0,2
svEracArin,3,0.75,1.0,1.0,0,2
sva,3,0.05555555555555555,-1.0,-1.0,2,7
svaDA,5,0.1282051282051282,0.4,0.4,2,8
svaDiti,3,0.21428571428571427,-0.5,-0.3333,1,5
svad,9,0.24324324324324326,0.7333,0.6111,1,24
svaja,3,0.23076923076923078,1.0,1.0,0,3
svakfta,4,0.36363636363636365,0.8,0.6667,0,4
svana,4,0.2222222222222222,0.4,0.3333,0,2
svanta,3,0.5,-1.0,-1.0,0,2
svap,7,0.1206896551724138,0.6071,0.5238,2,29
svapakza,5,0.4166666666666667,1.0,1.0,0,5
svar,5,0.09433962264150944,0.0,0.2,5,12
svarAj,5,0.22727272727272727,0.1,0.0,1,6
svarAjan,3,1.0,1.0,1.0,0,2
svarAjya,3,0.5,1.0,1.0,0,2
svarRa,4,0.21052631578947367,-0.2,0.0,0,2
svarRakAra,3,0.3,1.0,1.0,0,3
svarUpa,3,0.06818181818181818,1.0,1.0,0,8
svarUpin,3,0.3,1.0,1.0,0,3
svaraBeda,3,0.2727272727272727,1.0,1.0,0,0
svarasa,3,0.13043478260869565,1.0,1.0,0,2
svargIya,3,1.0,1.0,1.0,0,2
svargin,3,0.23076923076923078,-0.5,-0.3333,0,1
svasTAna,3,0.2727272727272727,1.0,1.0,0,2
svasti,3,0.075,0.5,0.3333,0,12
svastikAra,3,1.0,1.0,1.0,0,0
svastika,7,0.14893617021276595,0.7143,0.5238,0,11
svatantra,3,0.08571428571428572,1.0,1.0,0,3
svatas,4,0.21052631578947367,0.4,0.3333,1,4
svayoni,3,0.23076923076923078,1.0,1.0,0,3
svid,4,0.07272727272727272,0.4,0.3333,3,36
svizwa,3,0.21428571428571427,1.0,1.0,1,3
svizwi,4,0.6666666666666666,1.0,1.0,0,2
syam,4,0.36363636363636365,-0.2,0.0,0,7
syandana,10,0.23255813953488372,0.9515,0.8667,1,3
syona,4,0.18181818181818182,-0.4,-0.3333,3,5
tAla,11,0.1896551724137931,0.8273,0.6727,9,15
tAlajaNGa,5,0.3125,0.6,0.4,1,7
tAlavfnta,3,0.25,1.0,1.0,0,2
tAlu,5,0.3125,-0.5,-0.2,0,5
tAmarasa,4,0.25,1.0,1.0,2,3
tAmisra,7,0.4375,0.8929,0.8095,0,8
tAmra,6,0.125,0.8857,0.7333,2,5
tAmracUqa,3,0.2,1.0,1.0,0,3
tAmrapAtra,3,1.0,1.0,1.0,0,1
tAntrika,3,0.15,-0.5,-0.3333,1,2
tApanIya,4,0.5714285714285714,1.0,1.0,1,2
tApana,6,0.375,0.8857,0.7333,0,2
tAqakA,3,0.42857142857142855,1.0,1.0,0,3
tAqana,4,0.18181818181818182,1.0,1.0,0,3
tArADipa,3,0.5,1.0,1.0,0,3
tArApati,4,0.4,1.0,1.0,0,4
tAra,12,0.16,0.7762,0.6061,6,12
tAraRa,5,0.3125,0.7,0.6,1,4
tArakAmaya,3,0.5,1.0,1.0,0,4
tAraka,5,0.09259259259259259,1.0,1.0,2,4
tArkzya,9,0.23076923076923078,0.6,0.5556,3,16
tArpya,4,0.3333333333333333,-0.4,-0.3333,0,5
tAta,4,0.10526315789473684,0.8,0.6667,0,13
tAtkAlika,4,0.26666666666666666,1.0,1.0,0,4
tAtparya,3,0.125,-0.5,-0.3333,2,1
tAvaka,3,0.23076923076923078,1.0,1.0,0,5
tEjasa,5,0.16129032258064516,1.0,1.0,0,10
tEkzRya,4,0.36363636363636365,1.0,1.0,0,4
tEla,3,0.10344827586206896,0.5,0.3333,1,4
tIkzRAMSu,4,0.5,1.0,1.0,0,3
tIkzRa,4,0.06557377049180328,0.8,0.6667,2,7
tIrTa,9,0.11688311688311688,0.6667,0.5556,9,14
tIra,4,0.16,0.8,0.6667,1,4
tURIra,3,0.42857142857142855,0.5,0.3333,0,2
tURava,3,0.6,1.0,1.0,0,3
tURi,3,0.5,1.0,1.0,0,3
tUla,4,0.10526315789473684,0.8,0.6667,1,6
tUpara,4,0.4444444444444444,0.2,0.0,1,2
taMs,3,0.6,-0.5,-0.3333,1,8
taMsu,3,0.6,1.0,1.0,0,3
taTA,10,0.2127659574468085,0.503,0.3778,1,22
taTya,4,0.3333333333333333,1.0,1.0,0,3
tad,9,0.2,0.3667,0.3333,5,36
tadA,9,0.2903225806451613,0.6,0.4444,0,9
tadIya,3,0.15,0.5,0.3333,2,3
tadgata,3,0.6,1.0,1.0,0,1
tadvat,5,0.2631578947368421,0.0,0.2,0,7
tadviDa,3,0.375,1.0,1.0,0,3
tagara,3,0.1875,1.0,1.0,1,4
tak,3,0.6,-0.5,-0.3333,1,3
takz,5,0.19230769230769232,0.0,0.2,10,26
takza,3,0.3333333333333333,0.5,0.3333,1,4
takzaSilA,3,0.25,0.5,0.3333,0,5
takzaka,3,0.10714285714285714,1.0,1.0,1,4
tala,6,0.1,1.0,1.0,2,12
talpa,4,0.12903225806451613,0.8,0.6667,3,5
tam,8,0.16,-0.1667,-0.0714,10,17
tamAla,5,0.2,1.0,1.0,1,4
tamas,4,0.09302325581395349,1.0,1.0,2,18
tan,11,0.14666666666666667,0.8455,0.6727,22,64
tanUja,3,0.25,1.0,1.0,1,1
tanUnapAt,4,0.2,0.4,0.3333,1,4
tanUruha,3,0.23076923076923078,1.0,1.0,0,1
tanaya,4,0.13793103448275862,0.8,0.6667,4,6
tanmAtra,5,0.29411764705882354,0.9,0.8,2,5
tantra,9,0.1,0.8333,0.6667,16,19
tanu,4,0.06060606060606061,-0.8,-0.6667,10,9
tanuBft,3,0.42857142857142855,0.5,0.3333,0,4
tanucCada,3,0.6,-1.0,-1.0,0,1
tanutA,4,0.5714285714285714,-0.2,0.0,0,3
tanutyaj,3,0.5,1.0,1.0,0,4
tap,9,0.09782608695652174,0.7833,0.6667,24,51
tapa,4,0.2,0.8,0.6667,4,1
tapanIya,3,0.21428571428571427,1.0,1.0,0,2
tapana,8,0.22857142857142856,1.0,1.0,3,7
tapas,7,0.14285714285714285,0.6786,0.5238,5,13
tapasvin,8,0.2222222222222222,0.3095,0.4286,1,6
tapasya,4,0.19047619047619047,-0.2,0.0,0,4
tapoDana,3,0.1875,1.0,1.0,1,2
taq,7,0.1794871794871795,-0.2857,-0.0476,3,10
taqit,4,0.26666666666666666,1.0,1.0,0,1
tara,6,0.23076923076923078,-0.3714,-0.0667,3,6
taraMga,6,0.2608695652173913,0.7714,0.6,2,6
taraMgin,4,0.36363636363636365,0.8,0.6667,2,3
taraMgita,4,0.4,0.0,0.0,0,4
taraRa,5,0.35714285714285715,0.9,0.8,0,5
taraRi,5,0.1724137931034483,0.9,0.8,1,7
tarakzu,5,0.38461538461538464,1.0,1.0,0,6
tarala,6,0.15,0.5429,0.4667,2,6
taras,5,0.20833333333333334,0.7,0.6,0,4
tarasvin,3,0.15,1.0,1.0,0,3
tarhi,10,0.2857142857142857,0.9879,0.9556,1,11
tarj,6,0.2857142857142857,0.7714,0.6,0,16
tarjana,3,0.17647058823529413,0.5,0.3333,0,2
tark,6,0.2857142857142857,-0.2571,-0.2,4,8
tarka,5,0.11904761904761904,0.7,0.6,2,10
tarkaSAstra,3,0.75,1.0,1.0,0,2
tarpaRa,4,0.15384615384615385,0.8,0.6667,1,10
taru,3,0.13636363636363635,1.0,1.0,1,3
taruRa,7,0.16666666666666666,1.0,1.0,1,6
taskara,9,0.24324324324324326,0.7833,0.6667,5,6
tata,3,0.12,1.0,1.0,0,8
tatas,6,0.10526315789473684,-0.4286,-0.2,1,28
tatpara,3,0.1,0.5,0.3333,0,4
tatra,5,0.14285714285714285,0.4,0.4,4,16
tattva,9,0.17647058823529413,0.8,0.6667,4,15
tawa,3,0.09375,0.5,0.3333,1,1
tejana,4,0.14814814814814814,1.0,1.0,3,2
tejas,8,0.18181818181818182,0.7619,0.6429,5,10
tejasvin,4,0.12903225806451613,-0.4,-0.3333,2,1
tena,6,0.20689655172413793,0.7143,0.6,2,9
tftIya,4,0.13793103448275862,-0.4,-0.3333,0,12
tftIyaka,3,0.3,1.0,1.0,0,1
tfz,3,0.21428571428571427,1.0,1.0,0,8
tfzA,3,0.25,1.0,1.0,0,2
tfzRA,6,0.21428571428571427,1.0,1.0,0,5
tiTi,4,0.11764705882352941,0.8,0.6667,0,7
tigmAMSu,4,0.5,1.0,1.0,0,3
tigmatejas,5,0.7142857142857143,0.0,0.2,2,3
tij,6,0.24,0.7714,0.6,4,15
tikta,4,0.17391304347826086,1.0,1.0,3,2
tila,4,0.11428571428571428,-0.2,0.0,0,4
tilaka,5,0.125,0.5,0.4,2,5
timi,5,0.2631578947368421,1.0,1.0,0,3
timira,5,0.15151515151515152,1.0,1.0,1,5
tinduka,3,0.15,1.0,1.0,0,5
tiryaYc,6,0.15,0.9429,0.8667,4,6
titIrzu,4,0.5714285714285714,-0.2,0.0,0,3
titikzu,3,0.3,1.0,1.0,0,4
tittiri,5,0.16129032258064516,0.9,0.8,0,8
tizya,3,0.1,1.0,1.0,2,4
tmanA,3,0.3333333333333333,0.5,0.3333,3,4
toda,3,0.3333333333333333,1.0,1.0,1,4
towaka,3,0.21428571428571427,1.0,1.0,1,1
toya,3,0.1875,1.0,1.0,1,4
tozin,3,0.6,1.0,1.0,0,2
trAsana,4,0.4444444444444444,1.0,1.0,0,4
trEguRya,5,0.3333333333333333,1.0,1.0,0,7
trEkAlya,3,0.375,1.0,1.0,0,2
trEvidya,4,0.23529411764705882,0.2,0.0,0,9
trEyambaka,4,0.5714285714285714,0.4,0.3333,0,2
tras,4,0.0975609756097561,-0.4,-0.3333,6,8
trasadasyu,4,0.4,1.0,1.0,3,7
trayastriMSa,5,0.2777777777777778,0.9,0.8,1,11
trayastriMSat,4,0.25,0.8,0.6667,0,2
trayodaSa,4,0.23529411764705882,1.0,1.0,0,6
trayoviMSa,4,0.5,1.0,1.0,0,2
tretA,5,0.20833333333333334,1.0,1.0,0,6
triDAman,4,0.25,0.4,0.3333,0,7
triMSa,3,0.3,1.0,1.0,1,1
triRAciketa,4,0.3333333333333333,1.0,1.0,0,8
triRava,3,0.21428571428571427,1.0,1.0,0,7
triSaNku,4,0.19047619047619047,1.0,1.0,2,5
triSata,4,0.36363636363636365,0.8,0.6667,0,4
triSiKa,4,0.3076923076923077,0.8,0.6667,1,3
triSiras,4,0.19047619047619047,0.8,0.6667,1,6
tricatvAriMSa,3,1.0,1.0,1.0,0,2
tridaSAlaya,3,0.5,1.0,1.0,0,2
trigata,4,0.8,1.0,1.0,0,3
triguRa,4,0.2222222222222222,0.4,0.3333,0,6
trijagat,3,0.3333333333333333,0.5,0.3333,0,3
trikUwa,5,0.45454545454545453,1.0,1.0,1,2
trika,6,0.15384615384615385,1.0,1.0,2,9
trikakud,5,0.21739130434782608,0.4,0.4,1,9
triloka,3,0.2,1.0,1.0,0,1
tripaYcASa,3,0.6,1.0,1.0,0,1
tripad,3,0.1111111111111111,1.0,1.0,0,6
tripada,3,0.14285714285714285,1.0,1.0,0,1
trisuparRa,3,0.25,-1.0,-1.0,1,5
trita,6,0.375,0.7714,0.6,2,23
trivarga,4,0.19047619047619047,0.4,0.3333,0,9
trivatsa,3,0.6,0.5,0.3333,0,3
trivft,3,0.10344827586206896,0.5,0.3333,1,3
trizatya,3,0.5,-0.5,-0.3333,0,3
trowaka,3,0.2727272727272727,0.5,0.3333,1,1
truw,5,0.2777777777777778,-0.2,-0.2,0,9
truwi,6,0.2857142857142857,0.4286,0.4667,5,4
tryaNga,3,0.375,1.0,1.0,0,3
tryakza,3,0.375,1.0,1.0,0,5
tryambaka,8,0.1951219512195122,0.9286,0.8571,1,14
tsaru,4,0.26666666666666666,0.4,0.3333,0,3
tu,7,0.20588235294117646,1.0,1.0,8,14
tuNga,3,0.08823529411764706,1.0,1.0,3,4
tuTa,3,0.23076923076923078,1.0,1.0,0,6
tuhina,4,0.23529411764705882,0.2,0.0,1,4
tuj,3,0.2727272727272727,1.0,1.0,7,18
tul,7,0.2916666666666667,0.2857,0.0476,6,13
tulA,7,0.16666666666666666,0.7857,0.7143,4,13
tulyatA,3,0.6,1.0,1.0,0,1
tumba,3,0.17647058823529413,-1.0,-1.0,0,2
tur,3,0.42857142857142855,1.0,1.0,1,5
turAzAh,3,0.1875,1.0,1.0,0,4
turIya,3,0.1,0.5,0.3333,3,3
tura,3,0.1875,1.0,1.0,0,7
turaMga,4,0.23529411764705882,0.8,0.6667,0,3
turaMgama,3,0.3,-0.5,-0.3333,0,2
turuzka,3,0.15,1.0,1.0,0,4
tuz,3,0.075,-0.5,-0.3333,9,8
tuzArAdri,3,1.0,0.5,0.3333,0,2
tuzAra,3,0.15,1.0,1.0,0,1
tuzita,3,0.17647058823529413,1.0,1.0,1,6
tuzwi,6,0.2,1.0,1.0,0,11
tvAzwra,3,0.09375,0.5,0.3333,3,7
tvac,4,0.125,-0.4,-0.3333,3,7
tvadviDa,3,1.0,1.0,1.0,0,2
tvaksAra,3,0.21428571428571427,1.0,1.0,0,3
tvar,5,0.1111111111111111,-0.1,0.0,3,12
tvarA,3,0.2,-0.5,-0.3333,0,1
tviz,8,0.26666666666666666,1.0,1.0,12,15
tvizi,3,0.25,0.5,0.3333,2,7
tyAga,3,0.08823529411764706,-0.5,-0.3333,0,3
tyAgin,5,0.3333333333333333,1.0,1.0,1,2
tyaj,8,0.125,0.5238,0.3571,9,37
uBaya,3,0.10714285714285714,1.0,1.0,0,6
uSInara,3,0.21428571428571427,1.0,1.0,1,4
uSanas,4,0.15384615384615385,0.8,0.6667,2,7
uSij,3,0.23076923076923078,-0.5,-0.3333,2,3
ubj,4,0.23529411764705882,1.0,1.0,6,4
ucCeda,4,0.4444444444444444,0.4,0.3333,1,3
ucCedana,3,0.75,-0.5,-0.3333,0,2
ucCfNKala,3,0.6,0.5,0.3333,0,2
ucCiKa,3,0.75,1.0,1.0,1,1
ucCitti,3,0.375,0.5,0.3333,0,3
ucCrAya,4,0.26666666666666666,0.4,0.3333,1,4
ucCraya,5,0.5,0.7,0.6,1,3
ucCvAsa,5,0.23809523809523808,0.9,0.8,0,5
ucCvAsin,3,0.375,1.0,1.0,0,1
uccAvaca,3,0.21428571428571427,1.0,1.0,1,4
uccEHSravas,3,0.25,0.5,0.3333,0,3
ucca,5,0.18518518518518517,-0.1,0.0,0,7
uccaya,3,0.25,0.5,0.3333,0,4
ud,3,0.10714285714285714,-0.5,-0.3333,6,15
udAharaRa,4,0.26666666666666666,0.8,0.6667,1,4
udAna,4,0.16666666666666666,-0.4,-0.3333,2,6
udAraDI,4,0.8,1.0,1.0,0,2
udAtta,5,0.19230769230769232,0.9,0.8,3,9
udAyuDa,4,0.8,1.0,1.0,1,3
udBava,4,0.18181818181818182,1.0,1.0,0,5
udBeda,7,0.4117647058823529,0.4643,0.4286,0,6
udBid,4,0.2,0.4,0.3333,1,13
udDAra,4,0.1111111111111111,0.4,0.3333,0,5
udDaraRa,5,0.21739130434782608,0.9,0.8,1,4
udDava,3,0.23076923076923078,1.0,1.0,0,3
udDi,3,0.5,1.0,1.0,1,3
udGAta,3,0.2,0.5,0.3333,3,2
udIcya,5,0.2631578947368421,1.0,1.0,1,7
udIraRa,3,0.42857142857142855,0.5,0.3333,0,2
udaDi,4,0.2857142857142857,0.8,0.6667,0,9
udagra,5,0.29411764705882354,0.9,0.8,0,5
udahAra,4,0.5714285714285714,0.8,0.6667,0,2
udaka,4,0.14285714285714285,0.4,0.3333,3,7
udan,3,0.3,1.0,1.0,1,9
udanta,4,0.2222222222222222,-0.2,0.0,1,5
udara,10,0.22727272727272727,0.7091,0.6444,2,12
udarka,5,0.19230769230769232,1.0,1.0,1,8
udaya,7,0.1206896551724138,0.7857,0.7143,2,17
udayana,3,0.125,1.0,1.0,0,4
udbanDana,3,0.6,-0.5,-0.3333,0,2
uddIpaka,3,0.5,0.5,0.3333,2,0
uddaRqa,4,0.5714285714285714,0.4,0.3333,0,3
uddeSa,5,0.16129032258064516,0.7,0.6,1,6
uddyota,3,0.3,0.5,0.3333,0,2
udgAQa,3,0.5,1.0,1.0,0,2
udgAra,7,0.4117647058823529,0.9643,0.9048,0,6
udgArin,3,0.3,0.5,0.3333,0,3
udgITa,5,0.2777777777777778,0.9,0.8,1,4
udgama,7,0.35,0.5357,0.4286,0,9
udvaha,6,0.3333333333333333,0.7714,0.6,1,5
udvahana,3,0.16666666666666666,1.0,1.0,0,5
udvartana,4,0.21052631578947367,0.2,0.0,1,5
udvega,5,0.2777777777777778,0.9,0.8,1,5
udvejanIya,4,1.0,1.0,1.0,0,3
udvejana,5,0.625,0.9,0.8,0,2
udyAna,5,0.23809523809523808,1.0,1.0,2,4
udyama,3,0.14285714285714285,-0.5,-0.3333,0,5
udyamin,3,1.0,-0.5,-0.3333,0,2
ugra,9,0.16666666666666666,1.0,1.0,8,16
ugratejas,3,0.6,1.0,1.0,0,0
ujJ,3,0.12,1.0,1.0,0,5
ujjvala,4,0.17391304347826086,0.8,0.6667,0,3
ukTa,6,0.2222222222222222,0.9429,0.8667,3,5
ukTya,3,0.13636363636363635,1.0,1.0,3,7
ukz,3,0.09090909090909091,0.5,0.3333,12,16
ukzan,3,0.14285714285714285,1.0,1.0,2,9
ulUKala,3,0.13636363636363635,1.0,1.0,0,4
ulUka,6,0.20689655172413793,0.9429,0.8667,0,12
ulapa,4,0.18181818181818182,0.8,0.6667,1,4
ulba,4,0.21052631578947367,1.0,1.0,1,9
ulbaRa,3,0.11538461538461539,1.0,1.0,1,9
ulkA,7,0.25925925925925924,0.8929,0.8095,0,7
ullAsa,3,0.23076923076923078,-0.5,-0.3333,2,3
ulleKa,3,0.3,0.5,0.3333,1,4
ulmuka,4,0.2,1.0,1.0,0,4
umA,3,0.0967741935483871,1.0,1.0,0,8
unmAda,3,0.15,-0.5,-0.3333,0,2
unmArga,4,0.4,-0.2,0.0,0,2
unmIlana,3,0.75,1.0,1.0,0,1
unmUlana,4,0.5714285714285714,-0.2,0.0,0,2
unmaTana,3,0.3333333333333333,-0.5,-0.3333,0,1
unmada,4,0.4444444444444444,-0.4,-0.3333,0,3
unmanas,3,0.2727272727272727,1.0,1.0,0,4
unmeza,6,0.42857142857142855,0.7714,0.6,1,3
unmiSra,3,0.6,0.5,0.3333,1,2
unmuKa,8,0.36363636363636365,0.9762,0.9286,1,8
unnati,3,0.1875,1.0,1.0,0,2
unnidra,4,0.3333333333333333,0.2,0.0,0,5
upADi,6,0.16666666666666666,0.0286,0.0667,1,5
upAMSu,4,0.13793103448275862,-0.2,0.0,0,7
upASraya,3,0.3333333333333333,-0.5,-0.3333,0,2
upAdAna,8,0.23529411764705882,0.7143,0.5714,1,7
upAdeya,3,0.3333333333333333,0.5,0.3333,0,2
upAlamBa,3,0.23076923076923078,1.0,1.0,0,2
upAnta,6,0.2608695652173913,0.7143,0.4667,2,5
upAsaka,6,0.3333333333333333,0.8286,0.7333,0,3
upAsana,5,0.17857142857142858,-0.6,-0.4,0,5
upAsya,3,0.3,1.0,1.0,0,2
upAya,4,0.16,0.2,0.0,1,3
upaBft,3,0.2727272727272727,1.0,1.0,0,5
upaBogya,3,0.3333333333333333,1.0,1.0,0,3
upaDA,5,0.18518518518518517,0.5,0.2,1,25
upaDAna,5,0.23809523809523808,1.0,1.0,2,7
upaDi,5,0.20833333333333334,0.1,0.0,1,6
upaGAta,3,0.21428571428571427,1.0,1.0,0,3
upaSAnti,3,0.42857142857142855,0.5,0.3333,0,2
upaSalya,3,0.375,1.0,1.0,0,1
upaSama,5,0.3125,0.1,0.0,0,4
upaSamana,4,0.6666666666666666,1.0,1.0,0,3
upaSikzA,3,1.0,1.0,1.0,0,1
upabarhaRa,3,0.17647058823529413,1.0,1.0,0,6
upacAra,8,0.18181818181818182,0.7143,0.5714,4,9
upacaya,3,0.21428571428571427,-0.5,-0.3333,0,2
upadA,3,0.3,1.0,1.0,0,7
upadaMSa,3,0.2727272727272727,-0.5,-0.3333,0,3
upadeSa,8,0.21052631578947367,-0.5238,-0.2857,1,11
upadrava,3,0.15789473684210525,1.0,1.0,2,3
upagama,4,0.2222222222222222,0.4,0.3333,0,3
upagamana,4,1.0,1.0,1.0,0,2
upagraha,5,0.3125,-0.6,-0.4,0,1
upahAra,5,0.22727272727272727,0.8,0.6,0,3
upahAsa,4,0.3076923076923077,0.0,0.0,0,4
upajApa,3,0.3333333333333333,1.0,1.0,0,3
upajIvaka,3,0.5,1.0,1.0,1,2
upajIvana,3,0.3333333333333333,1.0,1.0,0,4
upajIvin,3,0.23076923076923078,1.0,1.0,1,4
upajIvya,3,0.375,0.5,0.3333,1,2
upakAra,6,0.2727272727272727,0.6,0.4667,0,4
upakArin,3,0.23076923076923078,1.0,1.0,0,3
upakaRWa,3,0.16666666666666666,1.0,1.0,1,3
upakaraRa,5,0.15625,0.4,0.4,0,8
upakrama,8,0.20512820512820512,0.4762,0.3571,0,9
upakroSa,3,0.42857142857142855,1.0,1.0,0,3
upakzaya,4,0.6666666666666666,-1.0,-1.0,1,0
upakzepa,3,0.3,-0.5,-0.3333,0,3
upala,4,0.16,-0.8,-0.6667,0,5
upalabDi,6,0.2222222222222222,0.9429,0.8667,1,5
upalakzaRa,3,0.16666666666666666,1.0,1.0,1,3
upamA,7,0.21212121212121213,0.4643,0.3333,1,12
upamAna,5,0.3125,0.9,0.8,0,4
upamarda,3,0.375,0.5,0.3333,1,1
upanAha,3,0.375,1.0,1.0,0,1
upanayana,3,0.125,0.5,0.3333,1,13
upaniDi,3,0.42857142857142855,1.0,1.0,0,2
upanyAsa,6,0.24,-0.2,-0.0667,3,4
upapati,3,0.42857142857142855,1.0,1.0,0,3
upapatti,6,0.2222222222222222,0.8857,0.7333,0,8
upaplava,4,0.19047619047619047,1.0,1.0,0,4
uparAga,5,0.25,0.6,0.4,1,5
uparama,4,0.4,0.4,0.3333,0,2
uparizwAt,6,0.3,1.0,1.0,2,10
uparoDa,4,0.2857142857142857,0.8,0.6667,0,4
upasTAna,4,0.18181818181818182,0.0,0.0,0,6
upasTa,4,0.12903225806451613,1.0,1.0,1,11
upasaMgraha,5,0.625,1.0,1.0,0,2
upasaMhAra,3,0.17647058823529413,1.0,1.0,0,3
upasad,3,0.13043478260869565,-0.5,-0.3333,1,24
upasarga,4,0.16,0.2,0.0,1,13
upasarpaRa,4,0.6666666666666666,0.6,0.3333,0,2
upasevana,3,0.6,1.0,1.0,0,1
upasevin,5,0.5555555555555556,0.0,-0.2,0,4
upasti,5,0.7142857142857143,0.9,0.8,1,6
upavAsa,5,0.22727272727272727,0.9,0.8,0,7
upaveSa,3,0.5,0.5,0.3333,0,2
upaveSana,4,0.36363636363636365,0.4,0.3333,1,2
upayoga,3,0.2,0.5,0.3333,0,3
upekzA,3,0.2727272727272727,0.5,0.3333,0,2
upekzya,3,0.375,1.0,1.0,0,2
upendra,4,0.2857142857142857,1.0,1.0,0,3
uqupa,3,0.3,0.5,0.3333,0,2
uras,3,0.13043478260869565,1.0,1.0,2,4
uru,4,0.15384615384615385,1.0,1.0,5,7
urvaSI,4,0.18181818181818182,0.8,0.6667,2,4
urvarA,3,0.1875,1.0,1.0,1,4
usra,3,0.2,-0.5,-0.3333,1,5
utPulla,5,0.22727272727272727,-0.6,-0.4,1,6
utTAna,9,0.2571428571428571,0.9167,0.8333,8,14
utTa,6,0.375,0.7714,0.6,1,6
uta,13,0.2826086956521739,0.6703,0.5385,1,11
utkaRWa,3,0.12,1.0,1.0,0,5
utkampa,6,0.75,1.0,1.0,0,5
utkara,4,0.16666666666666666,1.0,1.0,0,6
utkarza,5,0.18518518518518517,1.0,1.0,2,4
utkawa,5,0.17857142857142858,0.9,0.8,0,5
utpAdana,4,0.3076923076923077,0.2,0.0,1,4
utpAta,6,0.2857142857142857,0.6571,0.4667,1,7
utpAwana,3,0.5,1.0,1.0,0,2
utpIqa,5,0.5555555555555556,-0.6,-0.4,1,5
utpaTa,4,0.4,1.0,1.0,0,3
utpala,5,0.20833333333333334,0.4,0.4,1,6
utpatana,3,0.6,0.5,0.3333,0,2
utpatti,3,0.16666666666666666,0.5,0.3333,0,2
utsAdana,4,0.21052631578947367,0.8,0.6667,0,6
utsAha,4,0.12903225806451613,1.0,1.0,2,4
utsa,5,0.38461538461538464,0.8,0.6,1,5
utsaNga,8,0.34782608695652173,0.9048,0.7857,0,6
utsarga,6,0.13333333333333333,0.0857,0.2,0,13
utsava,4,0.18181818181818182,1.0,1.0,0,4
utsavasaMketa,3,0.75,0.5,0.3333,0,2
utseDa,3,0.13636363636363635,-0.5,-0.3333,0,4
utseka,5,0.5,0.7,0.6,0,5
utsuka,5,0.25,0.4,0.4,0,6
utsukatA,3,1.0,1.0,1.0,0,4
uttAna,6,0.1935483870967742,0.8286,0.7333,1,7
uttamANga,4,0.36363636363636365,0.8,0.6667,0,4
uttama,5,0.11904761904761904,1.0,1.0,3,11
uttarApaTa,3,0.42857142857142855,1.0,1.0,0,2
uttarAsaNga,3,0.42857142857142855,1.0,1.0,0,2
uttara,13,0.19117647058823528,0.8846,0.8462,8,30
uttaracCada,3,0.42857142857142855,1.0,1.0,0,3
uttaratas,3,0.16666666666666666,0.5,0.3333,1,5
uttarottara,6,0.42857142857142855,0.8286,0.7333,2,5
uttuNga,4,0.36363636363636365,1.0,1.0,0,3
uwaja,3,0.3,1.0,1.0,0,3
uz,4,0.15384615384615385,1.0,1.0,6,9
uzA,4,0.21052631578947367,-0.4,-0.3333,1,3
uzRIzin,3,1.0,0.5,0.3333,0,1
uzRa,6,0.17142857142857143,0.7714,0.6,0,8
uzRakAla,3,1.0,1.0,1.0,0,2
uzas,3,0.11538461538461539,1.0,1.0,3,10
uzwra,5,0.1724137931034483,1.0,1.0,0,8
vA,6,0.06315789473684211,-0.2,-0.0667,16,29
vARI,3,0.09090909090909091,0.5,0.3333,2,3
vASI,3,0.23076923076923078,1.0,1.0,0,3
vASita,3,0.2727272727272727,0.5,0.3333,0,3
vAYC,3,0.09375,0.5,0.3333,3,6
vAc,4,0.08333333333333333,1.0,1.0,1,11
vAcya,6,0.11538461538461539,0.3714,0.3333,1,10
vAda,4,0.1,1.0,1.0,3,5
vAdin,4,0.10256410256410256,0.2,0.0,0,5
vAdya,4,0.14285714285714285,0.8,0.6667,0,3
vAha,3,0.08333333333333333,1.0,1.0,1,4
vAhaka,5,0.4166666666666667,0.9,0.8,1,2
vAhana,4,0.12903225806451613,1.0,1.0,0,2
vAhin,4,0.13333333333333333,0.8,0.6667,1,7
vAhya,3,0.21428571428571427,0.5,0.3333,0,3
vAja,3,0.12,0.5,0.3333,6,14
vAjapeya,3,0.13636363636363635,1.0,1.0,0,5
vAjin,5,0.08064516129032258,0.6,0.4,4,6
vAjina,3,0.1875,1.0,1.0,1,2
vAkCala,3,0.75,1.0,1.0,0,0
vAkpati,3,0.1875,1.0,1.0,0,3
vAkyArTa,3,0.6,-0.5,-0.3333,0,3
vAkya,3,0.08333333333333333,0.5,0.3333,1,2
vAla,5,0.16129032258064516,0.1,0.0,4,3
vAlmIka,3,0.2727272727272727,1.0,1.0,0,2
vAma,7,0.09859154929577464,0.3929,0.4286,7,10
vAmadeva,3,0.10344827586206896,1.0,1.0,1,5
vAmana,5,0.09259259259259259,0.5,0.4,2,4
vAmoru,3,0.25,-0.5,-0.3333,0,5
vAnaprasTa,3,0.13043478260869565,1.0,1.0,2,5
vAnaspatya,3,0.11538461538461539,0.5,0.3333,0,4
vArAha,4,0.12121212121212122,0.8,0.6667,1,6
vAra,4,0.08695652173913043,0.8,0.6667,3,7
vAraRa,5,0.10638297872340426,1.0,1.0,1,9
vAricara,3,0.2727272727272727,1.0,1.0,0,4
vArija,4,0.26666666666666666,1.0,1.0,0,3
vArtraGna,3,0.1875,1.0,1.0,0,3
vAruRa,6,0.11538461538461539,0.9429,0.8667,2,4
vArzReya,3,0.5,1.0,1.0,0,0
vArzika,3,0.08571428571428572,1.0,1.0,1,2
vAsa,5,0.1282051282051282,-0.6,-0.4,2,3
vAsaka,5,0.21739130434782608,-0.5,-0.2,1,2
vAsava,5,0.14285714285714285,1.0,1.0,0,4
vAsizWa,3,0.1111111111111111,1.0,1.0,0,4
vAstavya,4,0.21052631578947367,1.0,1.0,2,4
vAsuki,4,0.16666666666666666,1.0,1.0,0,3
vAta,4,0.1,0.4,0.3333,0,2
vAtika,3,0.25,1.0,1.0,2,1
vAyasa,3,0.09375,1.0,1.0,0,2
vAyu,8,0.17777777777777778,0.2619,0.3571,3,12
vAyupaTa,3,1.0,1.0,1.0,0,1
vEBItaka,3,0.3333333333333333,0.5,0.3333,0,5
vEDarmya,4,0.2857142857142857,0.8,0.6667,0,2
vESAKa,5,0.1724137931034483,0.9,0.8,0,2
vESAradya,3,0.23076923076923078,1.0,1.0,0,3
vESezika,7,0.30434782608695654,1.0,1.0,0,7
vESizwya,4,0.4,1.0,1.0,0,3
vESvAnara,7,0.14,0.0357,-0.0476,2,6
vEcitravIrya,3,0.42857142857142855,1.0,1.0,0,3
vEcitrya,4,0.2,1.0,1.0,0,3
vEdagDya,3,0.2727272727272727,-0.5,-0.3333,0,2
vEdiSa,3,0.3333333333333333,1.0,1.0,0,3
vEdika,3,0.1111111111111111,1.0,1.0,0,3
vEdruma,3,0.75,1.0,1.0,0,3
vEjayanta,3,0.12,1.0,1.0,0,2
vEkArika,3,0.2,1.0,1.0,2,2
vEkfta,7,0.22580645161290322,0.9643,0.9048,1,10
vEkftya,3,0.3,1.0,1.0,0,1
vEkuRWa,3,0.08571428571428572,1.0,1.0,2,4
vEmAnika,3,0.15,0.5,0.3333,0,5
vErAgya,5,0.21739130434782608,0.9,0.8,1,3
vErAja,7,0.23333333333333334,0.3929,0.2381,0,11
vErUpa,3,0.13043478260869565,0.5,0.3333,0,5
vErUpya,3,0.17647058823529413,0.5,0.3333,0,4
vErasya,3,0.42857142857142855,1.0,1.0,0,3
vErocana,4,0.16666666666666666,1.0,1.0,0,2
vEsvarya,3,0.5,1.0,1.0,0,1
vEtaraRa,3,0.13043478260869565,1.0,1.0,0,2
vEvAhika,3,0.2,-0.5,-0.3333,1,3
vEvarRya,3,0.23076923076923078,-0.5,-0.3333,0,2
vEvasvata,6,0.17647058823529413,0.2571,0.2,1,5
vEzamya,3,0.10344827586206896,0.5,0.3333,0,4
vEzayika,3,0.25,-0.5,-0.3333,2,1
vI,4,0.14814814814814814,1.0,1.0,9,30
vITi,5,0.16666666666666666,1.0,1.0,0,12
vIj,5,0.25,0.7,0.6,0,3
vIra,5,0.07575757575757576,0.3,0.2,5,17
vIrahan,3,0.21428571428571427,0.5,0.3333,0,3
vIrasena,4,0.23529411764705882,0.8,0.6667,0,1
vIryaSulka,3,0.75,1.0,1.0,0,2
vItahavya,3,0.2,1.0,1.0,0,1
vItihotra,3,0.15789473684210525,1.0,1.0,0,2
vaD,3,0.0967741935483871,-0.5,-0.3333,5,14
vaDa,7,0.15555555555555556,0.6429,0.619,1,7
vaDaka,3,0.2,0.5,0.3333,1,3
vaMSa,3,0.04838709677419355,0.5,0.3333,4,5
vaS,3,0.1111111111111111,1.0,1.0,8,18
vaSA,5,0.20833333333333334,1.0,1.0,1,5
vaSa,5,0.08333333333333333,1.0,1.0,1,8
vaSavartin,3,0.3,1.0,1.0,0,1
vaSin,5,0.14285714285714285,1.0,1.0,2,5
vaSitva,3,0.16666666666666666,1.0,1.0,0,3
vaSyatA,3,0.3333333333333333,-0.5,-0.3333,0,3
vaYc,5,0.11904761904761904,1.0,1.0,4,17
vaYjula,3,0.16666666666666666,1.0,1.0,0,2
vac,8,0.0898876404494382,0.881,0.7143,16,44
vacanIya,4,0.36363636363636365,1.0,1.0,0,2
vacana,5,0.10869565217391304,1.0,1.0,1,11
vad,9,0.09278350515463918,0.8667,0.7222,19,51
vadana,3,0.0967741935483871,-0.5,-0.3333,1,3
vah,13,0.13402061855670103,0.478,0.3846,18,77
vaha,4,0.13333333333333333,0.8,0.6667,0,4
vahana,3,0.3333333333333333,-0.5,-0.3333,0,2
vahatu,3,0.3,1.0,1.0,1,2
vahni,5,0.1282051282051282,0.7,0.6,1,8
vajra,5,0.07462686567164178,0.7,0.6,1,13
vajradaMzwra,3,0.42857142857142855,1.0,1.0,0,0
vajranABa,3,0.3,1.0,1.0,0,4
vajrasAra,5,0.5,1.0,1.0,1,3
vakra,9,0.16071428571428573,0.3167,0.2778,4,6
vakranAsa,3,0.75,0.5,0.3333,0,2
vaktavya,4,0.14285714285714285,1.0,1.0,2,3
vakzaRA,3,0.375,1.0,1.0,2,2
val,7,0.2,0.6786,0.5238,1,23
valaya,5,0.13513513513513514,0.7,0.6,0,3
valg,4,0.16,0.8,0.6667,2,4
vallaBa,3,0.07894736842105263,-1.0,-1.0,2,2
valmIka,4,0.11428571428571428,0.8,0.6667,0,0
vam,5,0.13513513513513514,0.3,0.2,2,15
van,4,0.2857142857142857,1.0,1.0,13,34
vanAyu,3,0.3,1.0,1.0,0,1
vanDura,3,0.3,1.0,1.0,1,5
vana,4,0.0975609756097561,1.0,1.0,1,2
vand,3,0.1,0.5,0.3333,0,11
vanya,5,0.1724137931034483,0.1,0.0,1,4
vap,5,0.0847457627118644,0.9,0.8,9,20
vapra,6,0.13953488372093023,0.5429,0.4667,2,4
varAha,3,0.05660377358490566,1.0,1.0,1,4
varAwaka,4,0.21052631578947367,0.8,0.6667,1,2
varDaki,3,0.3333333333333333,1.0,1.0,0,3
varDamAna,5,0.1111111111111111,1.0,1.0,0,5
varDamAnaka,4,0.3076923076923077,1.0,1.0,0,1
varDana,4,0.125,0.8,0.6667,7,4
varRa,6,0.08108108108108109,0.8286,0.7333,10,13
varRasaMhAra,3,0.75,1.0,1.0,0,2
varRin,5,0.22727272727272727,0.9,0.8,0,2
varUTa,6,0.25,0.6,0.4667,2,4
varUTin,6,0.3333333333333333,0.9429,0.8667,0,4
vara,5,0.07042253521126761,1.0,1.0,8,11
varaRa,3,0.07692307692307693,0.5,0.3333,4,2
varcas,3,0.1,0.5,0.3333,4,3
varcasvin,4,0.4,1.0,1.0,0,2
varcasya,3,0.3,1.0,1.0,0,2
varivas,3,0.6,-0.5,-0.3333,1,2
varizWa,4,0.14814814814814814,1.0,1.0,0,4
vartana,8,0.24242424242424243,1.0,1.0,1,7
vartin,4,0.125,0.8,0.6667,1,5
vartitavya,4,0.4444444444444444,-1.0,-1.0,1,5
varuRa,5,0.10869565217391304,-0.1,0.0,5,12
varza,4,0.06666666666666667,0.8,0.6667,2,7
varzavfdDa,3,0.6,1.0,1.0,0,3
varzman,6,0.1875,1.0,1.0,3,6
vas,12,0.10256410256410256,0.6084,0.4545,33,78
vasA,3,0.08571428571428572,0.5,0.3333,3,0
vasAti,3,0.42857142857142855,1.0,1.0,2,0
vasizWa,4,0.08888888888888889,1.0,1.0,2,18
vastUtTApana,3,1.0,1.0,1.0,0,2
vasti,4,0.14285714285714285,0.4,0.3333,1,3
vastu,5,0.1,1.0,1.0,1,12
vastuDarma,3,1.0,-0.5,-0.3333,0,2
vasu,7,0.09333333333333334,0.8571,0.7143,5,36
vasuDA,5,0.20833333333333334,0.7,0.6,2,4
vasuDAna,4,0.6666666666666666,0.8,0.6667,0,4
vasudAna,3,0.42857142857142855,1.0,1.0,0,2
vasudeva,3,0.15,1.0,1.0,1,5
vatsa,4,0.06451612903225806,0.8,0.6667,2,7
vatsala,3,0.11538461538461539,1.0,1.0,0,3
vatsanABa,3,0.25,1.0,1.0,1,3
vatsara,5,0.16129032258064516,1.0,1.0,1,5
vayaHsTa,3,0.23076923076923078,1.0,1.0,1,1
vayuna,3,0.21428571428571427,1.0,1.0,1,5
veDaka,3,0.42857142857142855,1.0,1.0,0,1
veDas,5,0.15151515151515152,1.0,1.0,4,7
veRu,3,0.057692307692307696,1.0,1.0,2,1
veSa,3,0.16666666666666666,1.0,1.0,1,3
vedana,4,0.09302325581395349,1.0,1.0,8,6
vedya,5,0.17857142857142858,1.0,1.0,0,5
vega,8,0.19047619047619047,0.9524,0.8571,1,8
ven,3,0.3,-0.5,-0.3333,0,4
vena,4,0.14814814814814814,0.4,0.3333,5,10
vepana,4,0.36363636363636365,0.8,0.6667,0,4
veza,3,0.07142857142857142,-0.5,-0.3333,1,6
vezw,6,0.09230769230769231,1.0,1.0,2,9
vezwa,3,0.3333333333333333,1.0,1.0,0,1
vezwana,5,0.21739130434782608,0.3,0.2,1,6
vfTA,4,0.1111111111111111,-0.8,-0.6667,2,7
vfdDa,4,0.07547169811320754,0.8,0.6667,5,8
vfdDi,5,0.08928571428571429,0.4,0.4,2,16
vfjina,3,0.15,0.5,0.3333,1,3
vfka,4,0.1,0.2,0.0,2,13
vfnda,3,0.07692307692307693,1.0,1.0,1,1
vfnta,3,0.14285714285714285,-1.0,-1.0,0,1
vftravaDa,3,0.5,1.0,1.0,0,1
vfttAnta,3,0.08823529411764706,1.0,1.0,2,2
vftta,9,0.1323529411764706,0.7833,0.6667,2,7
vftti,8,0.09876543209876543,0.9286,0.8571,7,18
vfttikara,3,0.75,0.5,0.3333,0,2
vfzAkapi,3,0.125,1.0,1.0,0,3
vfzRi,4,0.11764705882352941,1.0,1.0,5,5
vfza,6,0.12,1.0,1.0,3,12
vfzaBa,4,0.0975609756097561,0.8,0.6667,3,3
vfzaRa,5,0.2,0.9,0.8,1,0
vfzadaMSa,3,0.2727272727272727,0.5,0.3333,0,0
vfzan,3,0.1111111111111111,0.5,0.3333,5,4
vfzaparvan,3,0.2,1.0,1.0,0,2
vfzasena,3,0.3333333333333333,1.0,1.0,0,1
vfzya,3,0.17647058823529413,1.0,1.0,0,2
viBARqaka,3,0.42857142857142855,1.0,1.0,0,2
viBAga,4,0.07547169811320754,0.8,0.6667,3,5
viBAva,3,0.2727272727272727,-1.0,-1.0,0,2
viBAvana,5,0.2777777777777778,0.4,0.4,0,1
viBAvasu,4,0.16,1.0,1.0,0,5
viBIzaRa,3,0.14285714285714285,1.0,1.0,0,4
viBUti,10,0.24390243902439024,0.9152,0.8222,1,17
viBUzaRa,3,0.2,1.0,1.0,0,1
viBaNga,3,0.1875,1.0,1.0,0,4
viBava,4,0.0975609756097561,-0.2,0.0,2,4
viBeda,4,0.25,1.0,1.0,0,4
viBedana,3,0.42857142857142855,1.0,1.0,0,2
viBrama,5,0.09615384615384616,0.3,0.2,1,9
viBu,4,0.07692307692307693,1.0,1.0,4,10
viDA,3,0.07692307692307693,0.5,0.3333,4,52
viDAna,7,0.14893617021276595,0.7857,0.7143,2,11
viDAraRa,3,0.23076923076923078,1.0,1.0,0,3
viDAtavya,4,0.26666666666666666,1.0,1.0,0,2
viDAyin,3,0.2727272727272727,1.0,1.0,0,3
viDUma,3,0.375,1.0,1.0,0,1
viDeya,5,0.16129032258064516,0.7,0.6,0,7
viDfti,4,0.2222222222222222,0.8,0.6667,1,4
viDi,8,0.11428571428571428,0.6905,0.5714,6,15
viDu,3,0.09090909090909091,-0.5,-0.3333,1,10
viDvaMsa,4,0.3333333333333333,1.0,1.0,0,1
viDvaMsana,3,0.375,0.5,0.3333,0,1
viGAta,3,0.11538461538461539,1.0,1.0,0,4
viGAtana,3,0.75,1.0,1.0,0,1
viGAtin,5,0.625,0.9,0.8,0,2
viGana,3,0.17647058823529413,-0.5,-0.3333,0,3
viGawwana,3,0.3,1.0,1.0,0,3
viGna,3,0.13636363636363635,1.0,1.0,1,2
viMSa,5,0.2777777777777778,0.8,0.6,1,5
viMSaka,3,0.3333333333333333,-0.5,-0.3333,0,0
viPala,3,0.15,1.0,1.0,0,2
viS,10,0.0847457627118644,0.4061,0.2889,21,59
viSAKa,7,0.13725490196078433,0.6071,0.5238,1,8
viSAlAkza,4,0.26666666666666666,1.0,1.0,0,3
viSAla,4,0.07272727272727272,-0.4,-0.3333,2,2
viSaNkawa,3,0.25,-0.5,-0.3333,0,3
viSada,5,0.14285714285714285,-0.2,-0.2,2,8
viSalya,4,0.3333333333333333,1.0,1.0,0,1
viSasana,5,0.35714285714285715,1.0,1.0,0,3
viSeza,5,0.07936507936507936,1.0,1.0,5,7
viSezaRa,3,0.13636363636363635,-0.5,-0.3333,1,4
viSezaka,5,0.22727272727272727,1.0,1.0,0,3
viSiKa,4,0.125,1.0,1.0,0,3
viSleza,4,0.2222222222222222,1.0,1.0,0,2
viSoDana,4,0.26666666666666666,0.8,0.6667,0,2
viSoka,4,0.16,-0.6,-0.3333,0,1
viSrAma,4,0.14814814814814814,1.0,1.0,0,4
viSramBin,3,0.375,1.0,1.0,0,1
viSravas,3,0.25,1.0,1.0,0,6
viSvAcI,3,0.1875,-0.5,-0.3333,0,0
viSvAsin,3,0.75,0.5,0.3333,0,1
viSvAvasu,6,0.2,0.7714,0.6,1,5
viSvAyu,3,0.5,0.5,0.3333,1,2
viSva,4,0.06896551724137931,0.4,0.3333,2,7
viSvaBezaja,3,0.3,1.0,1.0,0,2
viSvajit,3,0.11538461538461539,1.0,1.0,1,3
viSvakarman,6,0.14634146341463414,0.4286,0.4667,0,16
viSvakft,4,0.26666666666666666,1.0,1.0,0,3
viSvarUpa,6,0.13333333333333333,1.0,1.0,0,9
viSveSa,3,0.2,0.5,0.3333,1,2
vibuDa,6,0.23076923076923078,0.3714,0.3333,1,3
vic,5,0.10204081632653061,0.5,0.4,5,10
vicAra,5,0.1111111111111111,0.6,0.4,2,3
vicArin,3,0.2,1.0,1.0,0,2
vicCeda,5,0.1282051282051282,0.7,0.6,0,5
vicCitti,3,0.15,1.0,1.0,0,3
vicetas,3,0.3,1.0,1.0,0,2
vicezwita,3,0.2,1.0,1.0,0,2
vicitra,6,0.17647058823529413,0.7714,0.6,0,6
vid,9,0.08333333333333333,0.4,0.2778,30,97
vidAraRa,4,0.12903225806451613,1.0,1.0,1,2
vidUra,3,0.10344827586206896,1.0,1.0,1,5
vidUraTa,3,0.15,1.0,1.0,0,2
vidUzaka,3,0.15789473684210525,0.5,0.3333,1,5
vidaTa,3,0.23076923076923078,1.0,1.0,4,5
vidarBa,3,0.14285714285714285,1.0,1.0,0,4
vidiSA,3,0.17647058823529413,1.0,1.0,0,2
vidrAvaRa,3,0.5,1.0,1.0,0,0
vidraDa,3,0.6,1.0,1.0,0,2
vidrava,4,0.26666666666666666,1.0,1.0,0,2
vidveza,3,0.15789473684210525,1.0,1.0,0,2
vidyA,3,0.06666666666666667,0.5,0.3333,2,11
vidyot,3,1.0,1.0,1.0,1,0
vidyujjihva,3,1.0,1.0,1.0,0,1
vidyut,4,0.11764705882352941,0.4,0.3333,0,6
vigraha,5,0.09803921568627451,0.4,0.4,2,11
viguRa,3,0.2,1.0,1.0,1,2
vihAra,7,0.12727272727272726,0.75,0.5238,2,11
vihArin,3,0.17647058823529413,1.0,1.0,0,3
vihaMgama,3,0.13636363636363635,1.0,1.0,0,3
viharaRa,4,0.23529411764705882,0.8,0.6667,0,3
vihavya,3,0.25,0.5,0.3333,0,3
vij,5,0.12195121951219512,0.7,0.6,2,15
vijYAna,4,0.08888888888888889,0.8,0.6667,0,6
vijaya,7,0.11475409836065574,0.6071,0.5238,3,5
vijetavya,3,1.0,1.0,1.0,0,2
vijfmBaRa,3,0.6,1.0,1.0,0,0
vijigIzA,4,0.4444444444444444,0.8,0.6667,1,4
vijiti,3,0.2727272727272727,1.0,1.0,1,3
vijvara,3,0.42857142857142855,1.0,1.0,0,1
vikAra,3,0.057692307692307696,-0.5,-0.3333,3,3
vikArin,4,0.19047619047619047,0.8,0.6667,0,2
vikAsin,4,0.26666666666666666,0.8,0.6667,0,2
vikala,4,0.09302325581395349,1.0,1.0,2,5
vikalpa,5,0.09259259259259259,0.9,0.8,0,6
vikarRa,3,0.17647058823529413,1.0,1.0,0,0
vikarza,3,0.3333333333333333,1.0,1.0,0,2
vikarzaRa,4,0.3333333333333333,1.0,1.0,0,4
vikatTana,3,0.15,1.0,1.0,0,3
vikawa,6,0.15384615384615385,0.4857,0.3333,0,3
vikfta,3,0.15,1.0,1.0,0,1
vikfti,7,0.19444444444444445,0.6071,0.5238,2,6
viklava,6,0.21428571428571427,0.6,0.4667,0,3
vikleda,3,0.6,-0.5,-0.3333,0,1
vikrAnta,3,0.23076923076923078,1.0,1.0,0,2
vikriyA,6,0.23076923076923078,0.4857,0.3333,0,11
vikzara,3,0.6,1.0,1.0,0,0
vikzepa,11,0.2558139534883721,0.9455,0.8909,0,5
vikzoBa,3,0.375,1.0,1.0,0,2
vilApana,5,0.3125,0.9,0.8,0,2
vilAsa,6,0.15384615384615385,0.7714,0.6,3,7
vilAsin,6,0.1935483870967742,1.0,1.0,4,8
vilaNGana,4,0.6666666666666666,1.0,1.0,1,1
vilaNGin,3,1.0,1.0,1.0,0,1
vilakza,3,0.23076923076923078,0.5,0.3333,0,3
vilakzaRa,3,0.08823529411764706,1.0,1.0,0,5
vilambin,3,0.15,1.0,1.0,0,3
vileKana,4,0.4444444444444444,1.0,1.0,0,1
vilepana,4,0.18181818181818182,0.8,0.6667,0,3
viloBana,4,0.4444444444444444,1.0,1.0,0,3
vilohita,4,0.36363636363636365,1.0,1.0,0,1
vilokana,3,0.1875,1.0,1.0,0,6
vilopa,3,0.42857142857142855,-1.0,-1.0,0,1
vilopaka,3,1.0,-0.5,-0.3333,0,2
vilopana,3,0.6,1.0,1.0,1,0
vimAna,4,0.0975609756097561,0.8,0.6667,2,9
vimada,4,0.3076923076923077,1.0,1.0,2,3
vimala,4,0.10526315789473684,0.6,0.3333,1,1
vimanas,3,0.14285714285714285,1.0,1.0,0,1
vimarSa,4,0.21052631578947367,1.0,1.0,0,2
vimarda,6,0.1935483870967742,0.6571,0.6,1,4
vimardana,6,0.3333333333333333,1.0,1.0,0,3
vimiSra,3,0.23076923076923078,1.0,1.0,1,3
vimokza,3,0.12,0.5,0.3333,0,3
vimokzaRa,4,0.25,0.4,0.3333,0,3
vimuKa,5,0.16666666666666666,0.6,0.4,1,5
vinA,3,0.0967741935483871,0.5,0.3333,0,3
vinAyaka,3,0.11538461538461539,-0.5,-0.3333,0,3
vinata,5,0.20833333333333334,-0.5,-0.2,1,3
vinidra,4,0.26666666666666666,1.0,1.0,0,1
vinirmARa,3,0.6,1.0,1.0,1,2
vinivartana,3,0.6,1.0,1.0,0,1
viniyoga,5,0.15151515151515152,1.0,1.0,1,3
vinyAsa,3,0.13043478260869565,-0.5,-0.3333,0,3
vip,4,0.12121212121212122,1.0,1.0,6,11
vipASa,3,0.21428571428571427,1.0,1.0,0,2
vipAka,5,0.16129032258064516,0.9,0.8,3,4
vipakva,4,0.2857142857142857,1.0,1.0,0,3
vipakza,6,0.1875,0.0857,0.2,1,5
vipariRAma,3,0.23076923076923078,0.5,0.3333,0,1
viparyAsa,3,0.0967741935483871,1.0,1.0,3,4
viparyaya,6,0.11538461538461539,0.8286,0.7333,1,10
vipatti,3,0.17647058823529413,-1.0,-1.0,0,2
viplava,4,0.14285714285714285,0.8,0.6667,1,3
vipra,5,0.11627906976744186,1.0,1.0,3,8
vipracitti,3,0.2727272727272727,1.0,1.0,1,1
vipralamBa,3,0.15789473684210525,0.5,0.3333,0,2
vipratizeDa,4,0.26666666666666666,0.4,0.3333,0,4
virAga,3,0.15,-0.5,-0.3333,0,3
virAj,7,0.14893617021276595,0.8571,0.7143,5,24
virAja,3,0.375,1.0,1.0,0,0
virUpAkza,6,0.18181818181818182,0.9429,0.8667,0,4
virUpa,5,0.11363636363636363,0.0,0.2,4,12
viraTa,3,0.6,1.0,1.0,0,2
virasa,3,0.16666666666666666,1.0,1.0,0,1
viroDa,6,0.125,0.2571,0.2,1,3
viroDana,6,0.4,0.9429,0.8667,0,1
viroDin,3,0.07692307692307693,1.0,1.0,2,4
visPAra,3,0.375,-0.5,-0.3333,1,1
visPowa,3,0.2,0.5,0.3333,1,2
visarga,5,0.1111111111111111,0.5,0.4,0,15
visarjana,6,0.15789473684210525,1.0,1.0,3,6
visarpa,3,0.21428571428571427,1.0,1.0,0,1
visarpaRa,3,0.42857142857142855,0.5,0.3333,0,1
visarpin,3,0.1875,1.0,1.0,1,3
vistAra,5,0.2,0.1,0.0,2,3
vistara,4,0.09523809523809523,-0.4,-0.3333,6,10
visvara,3,0.21428571428571427,0.5,0.3333,0,3
vitAna,5,0.1111111111111111,0.4,0.4,0,5
vitanu,4,1.0,0.8,0.6667,0,0
vitarka,3,0.12,1.0,1.0,1,3
vitrAsa,3,0.5,-1.0,-1.0,1,1
vivAda,3,0.07894736842105263,0.5,0.3333,0,3
vivAhya,3,0.23076923076923078,1.0,1.0,0,1
vivAsa,3,0.3333333333333333,-0.5,-0.3333,0,1
vivAsana,4,0.6666666666666666,1.0,1.0,0,1
vivakzA,3,0.17647058823529413,0.5,0.3333,0,3
vivakzu,3,0.25,1.0,1.0,1,1
vivarRa,3,0.1875,-0.5,-0.3333,0,3
vivarRatA,3,0.375,1.0,1.0,0,2
vivaraRa,3,0.1875,1.0,1.0,0,4
vivarta,5,0.23809523809523808,0.7,0.6,0,2
vivartana,6,0.2608695652173913,0.5429,0.4667,0,3
vivecana,4,0.25,1.0,1.0,0,3
viveka,3,0.10714285714285714,0.5,0.3333,4,5
viwapin,3,0.21428571428571427,0.5,0.3333,0,2
viyoni,4,0.2857142857142857,1.0,1.0,1,2
viz,4,0.0975609756097561,0.4,0.3333,6,22
vizARa,5,0.14285714285714285,0.9,0.8,0,6
vizARin,4,0.3076923076923077,0.8,0.6667,0,2
vizAda,4,0.125,0.4,0.3333,0,3
vizRumaya,4,0.5,0.4,0.3333,0,3
vizRupada,4,0.2222222222222222,1.0,1.0,1,3
vizRupatnI,3,0.6,1.0,1.0,0,3
vizRuyaSas,3,0.3333333333333333,1.0,1.0,0,2
vizUcIna,3,0.42857142857142855,1.0,1.0,0,4
vizUcikA,3,0.21428571428571427,1.0,1.0,0,3
vizWA,5,0.15151515151515152,-0.5,-0.4,1,14
viza,4,0.10256410256410256,0.8,0.6667,2,2
vizama,6,0.09375,0.8286,0.7333,0,16
vizayAnta,3,1.0,1.0,1.0,0,2
vizaya,5,0.07246376811594203,0.7,0.6,4,20
vizayaka,3,0.42857142857142855,0.5,0.3333,0,2
vizayin,4,0.21052631578947367,1.0,1.0,1,2
vizkamBa,7,0.21875,0.8571,0.7143,1,4
vizvaksena,4,0.19047619047619047,0.8,0.6667,0,2
vizwamBa,6,0.2857142857142857,1.0,1.0,1,4
vizwaraSravas,3,0.23076923076923078,1.0,1.0,1,2
vrIq,3,0.2727272727272727,1.0,1.0,0,5
vraj,5,0.07692307692307693,0.6,0.4,7,34
vraja,4,0.10810810810810811,0.4,0.3333,5,7
vrata,3,0.05172413793103448,0.5,0.3333,7,18
vratapati,3,0.5,1.0,1.0,0,2
vratin,3,0.11538461538461539,1.0,1.0,0,3
vyAGAta,4,0.12903225806451613,1.0,1.0,2,5
vyAhAra,6,0.4,0.9429,0.8667,0,4
vyAhArin,4,1.0,1.0,1.0,0,1
vyAkaraRa,5,0.1282051282051282,1.0,1.0,0,5
vyAkula,3,0.1111111111111111,1.0,1.0,0,3
vyAla,3,0.08823529411764706,1.0,1.0,2,4
vyAmiSra,4,0.4444444444444444,0.8,0.6667,2,4
vyApAra,6,0.17647058823529413,-0.0286,0.0667,0,9
vyApin,3,0.125,1.0,1.0,0,2
vyApti,3,0.1111111111111111,0.5,0.3333,2,3
vyAsa,3,0.08333333333333333,1.0,1.0,1,12
vyAsaNga,3,0.21428571428571427,1.0,1.0,0,2
vyAvahArika,3,0.15789473684210525,1.0,1.0,1,1
vyAvartana,3,0.375,0.5,0.3333,1,1
vyAvft,3,0.13043478260869565,0.5,0.3333,0,30
vyAvftti,6,0.25,1.0,1.0,0,5
vyAyAma,4,0.19047619047619047,1.0,1.0,2,4
vyUha,3,0.06382978723404255,1.0,1.0,2,11
vyUhana,4,0.3333333333333333,1.0,1.0,0,1
vyaBicAra,4,0.16,1.0,1.0,2,2
vyaBicArin,4,0.19047619047619047,1.0,1.0,0,6
vyaD,4,0.056338028169014086,0.4,0.3333,9,25
vyaNga,4,0.17391304347826086,0.4,0.3333,0,2
vyaT,7,0.15555555555555556,0.9643,0.9048,5,14
vyaYjana,6,0.11320754716981132,1.0,1.0,2,7
vyacas,3,0.42857142857142855,1.0,1.0,1,4
vyantara,4,0.4444444444444444,0.8,0.6667,0,2
vyapASraya,4,0.4,0.4,0.3333,2,3
vyapAya,3,0.5,0.5,0.3333,0,1
vyapadeSa,4,0.1111111111111111,0.2,0.0,2,2
vyapadeSya,4,0.3333333333333333,0.4,0.3333,0,2
vyapekzA,3,0.21428571428571427,1.0,1.0,0,2
vyapoha,3,0.5,1.0,1.0,0,1
vyarTa,5,0.21739130434782608,0.9,0.8,0,1
vyarTatA,4,0.8,0.8,0.6667,0,1
vyasana,3,0.075,0.5,0.3333,2,8
vyasanin,4,0.21052631578947367,-0.2,0.0,0,4
vyatikara,3,0.09090909090909091,0.5,0.3333,3,6
vyatikrama,3,0.1,1.0,1.0,1,6
vyatireka,5,0.17857142857142858,0.8,0.6,0,6
vyatyAsa,3,0.23076923076923078,1.0,1.0,0,2
vyavaDAna,3,0.10714285714285714,-0.5,-0.3333,0,3
vyavahAra,11,0.19642857142857142,0.5091,0.4545,1,10
vyavahArin,4,0.2222222222222222,1.0,1.0,0,4
vyavahartavya,3,0.375,-0.5,-0.3333,0,1
vyavasAya,3,0.12,1.0,1.0,3,3
vyavasTA,5,0.1,0.7,0.6,1,25
vyavasTApana,3,0.375,1.0,1.0,0,1
vyavasTiti,3,0.1875,1.0,1.0,0,3
vyay,3,0.375,1.0,1.0,0,4
vyaya,4,0.09523809523809523,1.0,1.0,0,8
vyazwakA,4,0.8,1.0,1.0,0,3
vyazwi,3,0.3,1.0,1.0,1,3
vyoman,6,0.13333333333333333,-0.0286,0.0667,2,5
vyudAsa,4,0.36363636363636365,1.0,1.0,0,1
waNka,8,0.2857142857142857,0.9048,0.7857,2,6
wiwwiBa,3,0.23076923076923078,1.0,1.0,0,3
yA,11,0.11458333333333333,0.8727,0.7455,37,70
yAc,5,0.09433962264150944,1.0,1.0,8,20
yAdas,5,0.22727272727272727,-0.9,-0.8,2,4
yAma,5,0.1111111111111111,-0.3,-0.2,3,8
yAmuna,4,0.2,1.0,1.0,0,5
yAmya,3,0.08571428571428572,0.5,0.3333,1,7
yAtavya,4,0.4,1.0,1.0,0,3
yAtrA,3,0.06976744186046512,1.0,1.0,2,6
yAtu,3,0.1875,1.0,1.0,0,5
yAvaka,3,0.125,0.5,0.3333,0,2
yAyAvara,3,0.23076923076923078,1.0,1.0,0,0
yODizWira,3,0.5,1.0,1.0,0,3
yOgika,3,0.21428571428571427,0.5,0.3333,0,2
yaB,3,0.17647058823529413,0.5,0.3333,1,4
yaSas,4,0.09523809523809523,1.0,1.0,1,6
yaSohara,3,1.0,1.0,1.0,0,1
yaTA,4,0.06153846153846154,0.0,0.0,3,17
yaTABAgam,4,0.36363636363636365,1.0,1.0,0,2
yaTABimata,3,0.75,-0.5,-0.3333,0,2
yaTAbalam,4,0.4444444444444444,1.0,1.0,0,2
yaTAjyezWam,3,1.0,1.0,1.0,0,2
yaTApradeSam,3,0.42857142857142855,1.0,1.0,0,2
yaTArTam,4,0.25,1.0,1.0,1,5
yaTArUpa,3,1.0,0.5,0.3333,0,1
yaTArha,4,0.4,1.0,1.0,0,3
yaTAvakASam,3,0.375,1.0,1.0,0,2
yaTAvayas,3,0.6,1.0,1.0,0,3
yaTAvftta,3,0.375,0.5,0.3333,0,4
yaTocita,3,0.3333333333333333,0.5,0.3333,0,1
yaTokta,3,0.1875,1.0,1.0,0,3
yad,4,0.08333333333333333,0.4,0.3333,1,33
yadA,4,0.125,0.2,0.0,2,7
yaj,7,0.125,0.6071,0.5238,11,38
yajYadatta,3,0.42857142857142855,1.0,1.0,0,2
yajYasena,5,1.0,1.0,1.0,0,1
yajYiya,5,0.2,-0.8,-0.6,4,6
yakft,3,0.15,-0.5,-0.3333,0,8
yakza,5,0.09803921568627451,1.0,1.0,1,11
yakzma,4,0.4444444444444444,1.0,1.0,0,3
yam,5,0.043859649122807015,0.9,0.8,41,41
yama,4,0.0547945205479452,0.8,0.6667,4,22
yamaka,3,0.16666666666666666,1.0,1.0,1,1
yamatva,3,1.0,1.0,1.0,0,2
yantra,5,0.11627906976744186,1.0,1.0,2,5
yat,4,0.057971014492753624,1.0,1.0,14,29
yatas,4,0.0851063829787234,0.4,0.3333,0,9
yati,4,0.06451612903225806,-0.8,-0.6667,4,6
yatna,4,0.11428571428571428,1.0,1.0,0,7
yava,4,0.0851063829787234,0.0,0.0,2,11
yavya,3,0.16666666666666666,1.0,1.0,2,1
yazwi,3,0.06976744186046512,0.5,0.3333,0,5
yena,3,0.13043478260869565,1.0,1.0,0,5
yogAcArya,3,0.6,-0.5,-0.3333,1,2
yoga,15,0.15789473684210525,0.8821,0.7524,11,35
yogavid,3,0.23076923076923078,1.0,1.0,0,2
yogeSvara,4,0.23529411764705882,-0.2,0.0,0,2
yogin,3,0.07692307692307693,1.0,1.0,0,3
yojana,4,0.08,0.4,0.3333,3,9
yojya,7,0.30434782608695654,1.0,1.0,0,3
yoktavya,4,0.6666666666666666,0.8,0.6667,1,2
yoni,3,0.06,1.0,1.0,5,6
yu,5,0.078125,0.3,0.2,20,47
yuD,6,0.14285714285714285,0.7714,0.6,6,28
yuDAjit,4,0.4,1.0,1.0,0,1
yuDizWira,3,0.15789473684210525,1.0,1.0,0,4
yugAnta,3,0.25,1.0,1.0,1,1
yuga,4,0.06779661016949153,0.4,0.3333,3,6
yugaMDara,5,0.25,0.7,0.6,1,3
yugma,3,0.08333333333333333,0.5,0.3333,0,3
yuj,18,0.1267605633802817,0.5088,0.3333,29,100
yukti,11,0.19642857142857142,0.9636,0.8545,1,14
yup,3,0.25,1.0,1.0,2,8
yuvanASva,3,0.3,0.5,0.3333,0,3
yuyutsA,3,1.0,1.0,1.0,0,3
zWiv,3,0.08571428571428572,1.0,1.0,1,17
zaqAnana,4,0.5714285714285714,1.0,1.0,0,3
zaqgava,3,0.1875,1.0,1.0,0,3
zaqvarga,3,0.23076923076923078,0.5,0.3333,0,3
zawka,3,0.10344827586206896,0.5,0.3333,0,4
zawtriMSa,3,0.1875,1.0,1.0,0,7
zoqaSa,3,0.09375,-0.5,-0.3333,0,6
zoqaSin,3,0.15789473684210525,-0.5,-0.3333,0,7
