k1,n_shared,shared_jaccard,rho,tau,semis_mw,semis_pwg
A,5,0.10638297872340426,0.4,0.4,13,3
ABA,4,0.21052631578947367,0.0,0.0,18,0
ABAsa,5,0.21739130434782608,0.4,0.4,5,1
ABIra,3,0.15,1.0,1.0,2,0
ABoga,3,0.11538461538461539,1.0,1.0,3,0
ADAna,4,0.16,0.6,0.3333,6,2
ADAra,7,0.22580645161290322,0.6786,0.5238,5,1
ADeya,3,0.25,1.0,1.0,1,2
ADi,3,0.12,1.0,1.0,4,0
ADipatya,5,0.21739130434782608,1.0,1.0,8,0
AGAta,5,0.2777777777777778,0.9,0.8,1,0
AKewaka,3,0.5,1.0,1.0,2,0
AKyA,5,0.2,0.7,0.6,11,1
AKyAna,3,0.17647058823529413,-0.5,-0.3333,4,0
ANgirasa,3,0.13043478260869565,1.0,1.0,3,0
ASA,9,0.21951219512195122,0.0833,0.1111,12,4
ASaMsA,3,0.375,1.0,1.0,3,0
ASaNkin,4,0.5,0.8,0.6667,2,0
ASaya,8,0.23529411764705882,0.8571,0.7857,8,4
AScarya,4,0.19047619047619047,1.0,1.0,5,0
ASis,5,0.16129032258064516,0.9,0.8,7,0
ASleza,3,0.15789473684210525,1.0,1.0,3,0
ASrama,5,0.19230769230769232,0.9,0.8,11,0
ASraya,6,0.15,0.9429,0.8667,9,3
ASrayin,4,0.4,1.0,1.0,4,0
ASu,5,0.1724137931034483,0.9,0.8,8,1
ASuga,4,0.3333333333333333,-0.2,0.0,3,1
ASvAsa,3,0.3333333333333333,1.0,1.0,0,0
ASvAsana,4,0.5714285714285714,0.2,0.0,4,0
ASvina,3,0.14285714285714285,-0.5,-0.3333,4,0
AYjana,3,0.23076923076923078,1.0,1.0,2,0
AcAra,3,0.12,1.0,1.0,1,2
Acita,3,0.15789473684210525,1.0,1.0,1,0
AdAna,4,0.16666666666666666,0.6,0.3333,0,0
AdarSa,3,0.1,1.0,1.0,3,2
Adara,3,0.15789473684210525,1.0,1.0,3,0
AdeSa,5,0.1388888888888889,0.4,0.4,12,0
Aditya,4,0.0851063829787234,0.4,0.3333,14,7
Adya,5,0.17857142857142858,0.7,0.6,4,1
AgAmin,3,0.3,0.5,0.3333,1,0
Agama,7,0.1206896551724138,0.75,0.619,7,3
Agamana,4,0.2857142857142857,0.4,0.3333,1,1
Agantu,3,0.17647058823529413,0.5,0.3333,4,1
Agantuka,4,0.36363636363636365,-1.0,-1.0,1,0
Agneya,4,0.12903225806451613,0.8,0.6667,2,0
AgrayaRa,3,0.13043478260869565,1.0,1.0,2,0
AhAra,5,0.18518518518518517,0.7,0.6,5,2
Ahava,3,0.15789473684210525,-1.0,-1.0,4,1
Ahuka,3,0.6,1.0,1.0,2,0
Ahuti,4,0.21052631578947367,1.0,1.0,7,0
AhvAna,5,0.29411764705882354,1.0,1.0,3,0
Ahvaya,3,0.3,0.5,0.3333,3,2
Aji,4,0.13793103448275862,1.0,1.0,8,0
AkANkzin,3,0.75,-0.5,-0.3333,2,1
AkAra,3,0.15,0.5,0.3333,2,0
Akara,5,0.20833333333333334,0.9,0.8,4,0
AkarzaRa,3,0.16666666666666666,1.0,1.0,3,0
AkrIqa,3,0.5,1.0,1.0,1,0
AkramaRa,4,0.4,1.0,1.0,1,0
Akranda,5,0.2631578947368421,0.9,0.8,4,2
AkroSa,3,0.25,1.0,1.0,3,0
Akulatva,3,0.75,-1.0,-1.0,1,0
Akzepa,5,0.19230769230769232,0.9,0.8,5,0
AlApa,4,0.21052631578947367,0.8,0.6667,3,0
Ala,3,0.6,1.0,1.0,1,0
Alakzya,3,0.42857142857142855,1.0,1.0,4,0
AlamBa,3,0.21428571428571427,1.0,1.0,6,0
Alamba,3,0.23076923076923078,1.0,1.0,2,0
Alambana,4,0.26666666666666666,1.0,1.0,2,1
Alambin,4,0.4,0.8,0.6667,2,0
Alasya,3,0.17647058823529413,0.5,0.3333,3,0
Alaya,3,0.15789473684210525,1.0,1.0,2,0
AliNg,4,0.2,-0.4,-0.3333,5,0
AliNgana,3,0.3,0.5,0.3333,2,0
Aloka,6,0.25,0.8286,0.7333,5,0
Alokana,4,0.36363636363636365,1.0,1.0,4,1
Alola,4,0.5714285714285714,0.8,0.6667,4,0
AmASaya,3,0.75,0.5,0.3333,2,1
Ama,4,0.13793103448275862,0.8,0.6667,9,3
AmantraRa,4,0.2222222222222222,1.0,1.0,3,0
AmikzA,3,0.25,0.5,0.3333,3,0
Amiza,5,0.21739130434782608,1.0,1.0,7,0
Amoda,4,0.19047619047619047,1.0,1.0,4,0
AmrAtaka,3,0.42857142857142855,1.0,1.0,2,0
Amra,3,0.15789473684210525,-0.5,-0.3333,5,0
Ananda,6,0.13636363636363635,0.9429,0.8667,4,1
AnfRya,4,0.4444444444444444,1.0,1.0,4,1
Antarikza,4,0.4444444444444444,1.0,1.0,4,0
AnukUlya,3,0.2727272727272727,-1.0,-1.0,2,0
Ap,4,0.044444444444444446,0.8,0.6667,20,20
ApAta,3,0.1111111111111111,1.0,1.0,3,1
ApIqa,4,0.4,1.0,1.0,2,0
ApaRa,3,0.3333333333333333,1.0,1.0,2,1
Apad,4,0.16666666666666666,-0.2,0.0,23,0
ApagA,3,0.2727272727272727,1.0,1.0,3,1
Apti,4,0.23529411764705882,0.8,0.6667,4,0
Aqambara,4,0.125,0.6,0.3333,5,1
ArADana,3,0.1875,1.0,1.0,4,1
ArADya,3,0.3,1.0,1.0,3,0
ArAma,7,0.28,1.0,1.0,8,0
ArAt,5,0.22727272727272727,1.0,1.0,8,3
Ara,3,0.14285714285714285,-0.5,-0.3333,0,1
AramBa,3,0.09090909090909091,1.0,1.0,4,1
Ardra,11,0.2391304347826087,0.9909,0.9636,13,3
ArdradAnu,3,1.0,-0.5,-0.3333,2,0
Arjava,5,0.2777777777777778,-0.5,-0.2,5,0
AroQavya,3,1.0,1.0,1.0,2,0
Arogya,3,0.1875,1.0,1.0,5,0
Aroha,3,0.125,1.0,1.0,5,1
AropaRa,4,0.5714285714285714,0.8,0.6667,2,1
Arta,3,0.13636363636363635,1.0,1.0,6,0
Artava,7,0.28,0.9643,0.9048,8,1
Arti,4,0.19047619047619047,0.8,0.6667,6,1
Arurukzu,3,0.75,1.0,1.0,3,0
Arya,7,0.17073170731707318,0.8571,0.7143,10,10
Aryaka,3,0.2727272727272727,1.0,1.0,0,0
AryamiSra,3,0.6,0.5,0.3333,2,0
Arza,5,0.2777777777777778,0.9,0.8,6,1
As,8,0.10126582278481013,0.2381,0.2143,40,26
AsAra,5,0.29411764705882354,0.9,0.8,4,0
AsPAlana,3,0.25,0.5,0.3333,4,0
AsPowana,3,0.3,0.5,0.3333,2,0
AsTA,3,0.0967741935483871,-0.5,-0.3333,33,0
AsTAna,3,0.21428571428571427,1.0,1.0,3,0
Asava,7,0.3181818181818182,0.1071,0.1429,4,4
Askanda,4,0.5,1.0,1.0,1,0
Aspada,3,0.10714285714285714,1.0,1.0,4,1
AstaraRa,3,0.2,1.0,1.0,4,0
Astika,3,0.23076923076923078,1.0,1.0,2,0
Asura,5,0.13157894736842105,1.0,1.0,10,1
AsvAda,6,0.375,0.9429,0.8667,5,1
Asya,5,0.19230769230769232,0.9,0.8,4,1
AtaNka,4,0.23529411764705882,0.8,0.6667,1,0
Atmaja,3,0.14285714285714285,-1.0,-1.0,1,0
Atman,5,0.1,0.9,0.8,18,4
Atura,3,0.13636363636363635,1.0,1.0,3,0
AvAsa,4,0.36363636363636365,1.0,1.0,3,0
Avaha,4,0.19047619047619047,1.0,1.0,3,1
Avali,3,0.1875,1.0,1.0,3,0
Avantya,3,0.375,1.0,1.0,1,0
AvaraRa,4,0.14285714285714285,1.0,1.0,10,0
Avarta,6,0.21428571428571427,0.8286,0.7333,7,2
AvasaTa,5,0.23809523809523808,1.0,1.0,6,0
Avft,3,0.1111111111111111,1.0,1.0,33,3
Avftti,4,0.18181818181818182,1.0,1.0,4,3
Avika,3,0.2,1.0,1.0,7,0
Avila,3,0.23076923076923078,1.0,1.0,3,0
Awavika,3,0.42857142857142855,1.0,1.0,1,0
Awopa,4,0.3333333333333333,1.0,1.0,1,1
AyAma,5,0.22727272727272727,1.0,1.0,6,0
AyAsa,6,0.2727272727272727,0.6571,0.6,7,0
AyAti,3,0.6,1.0,1.0,2,0
Aya,3,0.12,1.0,1.0,5,1
Ayana,3,0.6,0.5,0.3333,2,0
Ayasa,3,0.14285714285714285,0.5,0.3333,5,0
Ayatana,5,0.11627906976744186,0.7,0.6,10,0
Ayati,5,0.21739130434782608,0.4,0.4,4,0
AyoDana,3,0.42857142857142855,1.0,1.0,2,0
Ayoga,3,0.375,0.5,0.3333,2,1
Ayu,4,0.16666666666666666,1.0,1.0,12,5
AyuDa,6,0.24,0.9429,0.8667,8,1
AyuDin,3,0.75,1.0,1.0,2,1
Ayurveda,3,0.2727272727272727,1.0,1.0,10,8
Ayus,7,0.18421052631578946,-0.3929,-0.2381,10,1
Ayuzya,5,0.3125,1.0,1.0,7,1
AzAQa,4,0.14814814814814814,1.0,1.0,4,1
BA,8,0.08888888888888889,0.0952,0.1429,21,19
BARqAgAra,3,0.3,1.0,1.0,1,0
BARqIra,3,0.42857142857142855,1.0,1.0,1,1
BARqa,4,0.1111111111111111,0.4,0.3333,4,1
BAga,4,0.0784313725490196,-0.4,-0.3333,7,1
BAgavata,3,0.1875,1.0,1.0,2,0
BAgya,4,0.12903225806451613,1.0,1.0,2,4
BAj,5,0.14285714285714285,1.0,1.0,5,1
BAnu,3,0.07142857142857142,1.0,1.0,3,1
BAra,4,0.09523809523809523,-0.2,0.0,4,2
BAradvAja,3,0.10344827586206896,0.5,0.3333,4,1
BArga,3,0.3,1.0,1.0,0,0
BArgava,3,0.0625,0.5,0.3333,9,0
BArin,3,0.3,1.0,1.0,3,0
BAs,5,0.07142857142857142,0.6,0.4,9,1
BAsa,4,0.0975609756097561,0.4,0.3333,7,0
BAva,7,0.08641975308641975,0.75,0.619,28,9
BAvana,8,0.15384615384615385,0.2619,0.3571,11,7
BAvin,6,0.16216216216216217,0.8286,0.7333,3,0
BAvya,4,0.12121212121212122,0.8,0.6667,3,1
BAz,8,0.1095890410958904,0.4524,0.3571,16,3
BAzA,4,0.12903225806451613,0.6,0.3333,5,0
BAzaRa,3,0.15789473684210525,0.5,0.3333,2,0
BAzya,3,0.10344827586206896,1.0,1.0,3,0
BErava,4,0.1,0.8,0.6667,4,1
BEzajya,3,0.15789473684210525,1.0,1.0,1,0
BI,6,0.10526315789473684,0.9429,0.8667,30,11
BIma,3,0.05357142857142857,1.0,1.0,7,0
BImasena,3,0.15789473684210525,1.0,1.0,4,0
BIzaRaka,3,1.0,1.0,1.0,2,0
BOma,4,0.08163265306122448,0.8,0.6667,6,3
BU,20,0.12738853503184713,0.3368,0.2526,92,30
BUBuj,3,0.375,1.0,1.0,2,0
BUDara,4,0.17391304347826086,1.0,1.0,2,0
BUcara,3,0.5,1.0,1.0,2,1
BUmi,5,0.078125,-0.1,0.0,5,2
BUmiBAga,3,0.3,-0.5,-0.3333,2,0
BUmiDara,3,0.42857142857142855,1.0,1.0,1,0
BUmicala,4,0.6666666666666666,1.0,1.0,5,0
BUmikA,7,0.2413793103448276,0.9286,0.8095,5,1
BUmikampana,3,1.0,0.5,0.3333,2,0
BUmipAla,3,0.5,1.0,1.0,2,0
BUmizWa,3,0.25,1.0,1.0,3,0
BUpati,5,0.18518518518518517,0.9,0.8,5,1
BUridyumna,3,0.42857142857142855,1.0,1.0,3,1
BUstfRa,3,0.5,1.0,1.0,4,0
BUtAtman,4,0.21052631578947367,0.8,0.6667,2,0
BUta,7,0.08433734939759036,0.0357,0.0476,11,8
BUti,6,0.1111111111111111,-0.3143,-0.2,2,6
BUzaRa,3,0.10714285714285714,1.0,1.0,4,0
BaNga,9,0.15789473684210525,0.7167,0.5556,6,3
BaNgi,3,0.08333333333333333,1.0,1.0,16,0
BaR,6,0.3333333333333333,0.9429,0.8667,10,1
BaYj,7,0.14893617021276595,0.4286,0.3333,17,3
BaYjana,6,0.46153846153846156,0.8286,0.7333,3,0
Badra,6,0.07228915662650602,0.6571,0.4667,9,8
Badraka,3,0.12,0.5,0.3333,2,0
BagIraTa,3,0.1875,1.0,1.0,5,0
Baga,3,0.05357142857142857,1.0,1.0,20,6
Baj,8,0.08888888888888889,0.4524,0.4286,41,21
Bakti,8,0.13114754098360656,-0.119,-0.1429,8,6
Bakz,6,0.11538461538461539,0.3714,0.3333,15,5
BakzaRa,3,0.13636363636363635,0.5,0.3333,3,1
Bakzin,3,0.5,-0.5,-0.3333,3,0
Bandana,3,0.6,1.0,1.0,1,1
Bara,4,0.125,0.8,0.6667,4,6
BaraRIya,3,0.375,1.0,1.0,2,0
Barata,8,0.15384615384615385,0.7381,0.6429,7,5
Barga,4,0.13793103448275862,1.0,1.0,3,0
Barts,3,0.125,0.5,0.3333,5,6
Basad,3,0.125,1.0,1.0,11,3
Bava,6,0.0821917808219178,1.0,1.0,9,6
Bavya,8,0.16326530612244897,0.2143,0.2143,6,9
BayaMkara,3,0.16666666666666666,1.0,1.0,3,0
Beda,7,0.10144927536231885,0.9643,0.9048,18,8
Bedaka,5,0.3125,0.7,0.6,3,0
Bedana,6,0.20689655172413793,1.0,1.0,6,1
Bedin,7,0.3181818181818182,0.75,0.619,3,0
Bedya,3,0.15,1.0,1.0,2,2
BfNgAra,3,0.15789473684210525,1.0,1.0,2,0
BfNgarAja,3,0.1875,1.0,1.0,4,1
Bfgu,6,0.09836065573770492,1.0,1.0,20,6
BfgutuNga,3,0.75,-0.5,-0.3333,3,0
Bid,10,0.09615384615384616,0.4667,0.3333,58,15
Bikz,3,0.11538461538461539,0.5,0.3333,6,0
Boga,7,0.10294117647058823,0.3214,0.3333,8,8
Bogin,3,0.08333333333333333,1.0,1.0,5,0
Bogya,3,0.09375,1.0,1.0,1,2
Boja,4,0.12121212121212122,0.8,0.6667,5,3
Bojana,4,0.09523809523809523,1.0,1.0,5,1
BojyA,3,0.375,1.0,1.0,3,0
Bojya,5,0.1388888888888889,0.7,0.6,9,4
Boktavya,3,0.25,1.0,1.0,2,0
BrAj,5,0.18518518518518517,0.3,0.2,19,6
BrAja,4,0.21052631578947367,0.8,0.6667,2,0
BrAjizRu,3,0.2727272727272727,0.5,0.3333,3,0
BrAnti,3,0.08823529411764706,1.0,1.0,3,1
BrAtfvya,3,0.14285714285714285,1.0,1.0,5,0
BraMS,5,0.0847457627118644,0.7,0.6,28,6
BraMSa,3,0.125,1.0,1.0,2,2
Brajj,4,0.14814814814814814,0.8,0.6667,17,2
Bram,10,0.125,0.7091,0.6444,42,8
Brama,7,0.16666666666666666,0.9643,0.9048,4,1
BramaRa,6,0.21428571428571427,1.0,1.0,4,1
Brez,4,0.5,0.4,0.3333,4,1
Buj,9,0.08823529411764706,0.2167,0.1667,49,15
BujaMga,4,0.16,0.8,0.6667,2,0
Bukta,5,0.35714285714285715,0.4,0.4,2,0
Bukti,3,0.16666666666666666,1.0,1.0,4,1
Burij,3,0.21428571428571427,-0.5,-0.3333,3,2
Buvana,6,0.14285714285714285,0.9429,0.8667,2,2
Buvas,3,0.11538461538461539,0.5,0.3333,2,1
CAdana,5,0.35714285714285715,0.9,0.8,4,0
CAga,3,0.13043478260869565,1.0,1.0,5,0
CAgala,5,0.35714285714285715,0.4,0.4,4,1
CAndasa,4,0.2,0.8,0.6667,4,0
CAttra,3,0.2727272727272727,1.0,1.0,3,2
CAya,3,0.05660377358490566,1.0,1.0,4,1
Cad,8,0.10666666666666667,0.7143,0.5,39,11
Cada,4,0.26666666666666666,0.8,0.6667,4,0
Cadana,4,0.4,1.0,1.0,1,0
Cadis,6,0.3,1.0,1.0,9,2
Cadman,6,0.25,0.8857,0.7333,5,1
Cala,5,0.13157894736842105,0.6,0.4,7,2
Calana,3,0.75,0.5,0.3333,1,0
Canda,4,0.1111111111111111,1.0,1.0,3,3
Candas,9,0.18,0.9333,0.8333,19,2
Cattra,3,0.06976744186046512,1.0,1.0,10,1
Cattrin,3,0.42857142857142855,1.0,1.0,2,1
Cavi,8,0.26666666666666666,0.9048,0.7857,7,0
CawA,6,0.5,0.4857,0.3333,8,0
Ceda,6,0.15384615384615385,0.8286,0.7333,8,3
Cedya,4,0.5,0.4,0.3333,5,1
Cid,9,0.09473684210526316,0.5833,0.4444,41,13
Cidra,8,0.22857142857142856,0.8571,0.7857,10,2
CowikA,3,0.6,-0.5,-0.3333,3,0
Cur,3,0.12,0.5,0.3333,5,0
DA,9,0.05625,0.0,0.0556,100,117
DAman,5,0.09803921568627451,0.8,0.6,14,9
DArA,5,0.08196721311475409,0.7,0.6,10,2
DAraRa,6,0.09090909090909091,0.7143,0.6,8,4
DArya,3,0.1875,1.0,1.0,2,0
DAtrI,4,0.16,0.4,0.3333,4,1
DAtu,8,0.13333333333333333,1.0,1.0,14,12
DAv,9,0.1232876712328767,0.55,0.4444,26,10
DAvana,4,0.2857142857142857,1.0,1.0,2,0
DErya,3,0.10344827586206896,-0.5,-0.3333,2,2
DI,3,0.06382978723404255,-0.5,-0.3333,9,13
DIra,4,0.06557377049180328,-0.4,-0.3333,4,4
DOmya,3,0.25,1.0,1.0,2,0
DU,6,0.06315789473684211,0.5429,0.3333,34,21
DUmaketu,3,0.13636363636363635,1.0,1.0,3,2
DUmra,5,0.17857142857142858,0.1,0.0,1,1
DUmravarRa,3,0.3333333333333333,1.0,1.0,1,0
DUpa,3,0.16666666666666666,1.0,1.0,4,0
DUrjawi,3,0.2727272727272727,1.0,1.0,2,0
DUrv,3,0.21428571428571427,1.0,1.0,5,1
Damani,3,0.12,1.0,1.0,3,2
Dammilla,3,0.2727272727272727,1.0,1.0,1,0
DanADyakza,3,0.3,1.0,1.0,1,0
Dana,3,0.08333333333333333,1.0,1.0,4,3
DanaMjaya,8,0.23529411764705882,0.9286,0.8571,5,2
Danada,3,0.1111111111111111,1.0,1.0,1,0
Danadatta,3,0.75,1.0,1.0,2,0
Danus,3,0.07894736842105263,-0.5,-0.3333,3,1
Danvantari,5,0.20833333333333334,0.9,0.8,6,1
DaraRIDara,3,0.11538461538461539,1.0,1.0,1,1
DaraRa,4,0.0975609756097561,1.0,1.0,5,2
DaritrI,3,0.16666666666666666,1.0,1.0,4,0
Darma,6,0.07407407407407407,0.6,0.4667,13,6
DarmacArin,3,0.3,1.0,1.0,1,0
Darmacakra,3,0.2727272727272727,1.0,1.0,3,0
Darman,5,0.23809523809523808,1.0,1.0,7,4
Darmanetra,3,0.3333333333333333,1.0,1.0,2,0
DarmarAja,3,0.21428571428571427,0.5,0.3333,3,0
Darmasetu,3,0.42857142857142855,-0.5,-0.3333,2,0
Darmin,6,0.1875,0.8286,0.7333,6,3
DarzaRIya,3,0.5,1.0,1.0,2,0
Dava,6,0.2857142857142857,1.0,1.0,4,0
Denuka,3,0.14285714285714285,-0.5,-0.3333,2,2
DftarAzwra,5,0.18518518518518517,0.9,0.8,3,2
Dftavrata,3,0.23076923076923078,1.0,1.0,4,0
Dfti,3,0.046875,1.0,1.0,9,7
DfzRu,4,0.2857142857142857,0.4,0.3333,4,1
Dfzwaketu,4,0.4444444444444444,1.0,1.0,2,0
Dfzwi,3,0.25,0.5,0.3333,1,2
Diz,3,0.6,0.5,0.3333,2,0
DizRya,4,0.10256410256410256,0.4,0.3333,9,7
Dru,3,0.6,1.0,1.0,3,1
Druva,5,0.05319148936170213,0.6,0.4,14,10
DunDu,4,0.6666666666666666,0.8,0.6667,3,0
DunDumAra,4,0.3076923076923077,1.0,1.0,1,0
DuraMDara,4,0.21052631578947367,0.8,0.6667,3,1
Durya,4,0.16,-0.4,-0.3333,2,2
DvaMs,8,0.16666666666666666,0.9762,0.9286,18,8
DvaMsana,3,0.42857142857142855,1.0,1.0,1,0
Dvaja,3,0.0967741935483871,1.0,1.0,4,4
Dvajin,3,0.2,0.5,0.3333,1,1
ESvara,3,0.42857142857142855,1.0,1.0,3,1
Ekamatya,3,0.5,0.5,0.3333,2,0
Ekya,3,0.21428571428571427,1.0,1.0,2,1
EndrAgna,4,0.36363636363636365,1.0,1.0,4,0
Endra,4,0.1111111111111111,0.8,0.6667,4,1
EndrajAlika,3,0.5,1.0,1.0,1,0
Endri,3,0.42857142857142855,1.0,1.0,0,0
ErAvaRa,3,0.42857142857142855,-0.5,-0.3333,2,0
ErAvata,8,0.25,0.9048,0.7857,8,1
EzIka,3,0.42857142857142855,1.0,1.0,1,1
GAsa,5,0.4166666666666667,0.7,0.6,4,0
GAta,3,0.11538461538461539,0.5,0.3333,5,1
GAtana,3,0.2727272727272727,1.0,1.0,2,0
GAtin,3,0.2,0.5,0.3333,3,1
GUrR,5,0.2,0.7,0.6,5,0
GaRwa,3,0.15789473684210525,1.0,1.0,2,2
GanAGana,4,0.19047619047619047,0.8,0.6667,4,0
GanIBUta,3,1.0,-1.0,-1.0,2,0
Gana,10,0.1694915254237288,0.6364,0.5111,17,4
GarmAnta,3,0.6,1.0,1.0,2,0
Garma,6,0.17142857142857143,0.6571,0.6,18,4
Gas,5,0.2777777777777778,0.9,0.8,22,9
Gasmara,3,0.17647058823529413,0.5,0.3333,4,0
Gaw,14,0.2916666666666667,0.3187,0.2747,37,5
Gawa,3,0.06521739130434782,1.0,1.0,4,3
Gawaka,3,0.2727272727272727,1.0,1.0,0,2
Gawana,3,0.2,1.0,1.0,2,1
Gawodara,4,0.8,-0.2,0.0,0,0
Gaww,4,0.12903225806451613,0.6,0.3333,7,2
Gawwana,3,0.3333333333333333,1.0,1.0,2,1
GfRi,3,0.125,0.5,0.3333,1,3
GfRin,3,0.25,1.0,1.0,5,1
GftAcI,5,0.23809523809523808,0.9,0.8,7,2
Gfta,5,0.16666666666666666,0.2,0.2,3,2
Gna,6,0.4,0.6,0.4667,10,1
GoRA,4,0.4444444444444444,-0.8,-0.6667,4,0
Gora,6,0.13043478260869565,0.2571,0.2,14,3
Goza,10,0.18518518518518517,0.6121,0.5111,12,0
Gozin,3,0.3,1.0,1.0,3,1
GrA,5,0.10869565217391304,0.6,0.4,14,2
IS,6,0.24,1.0,1.0,20,16
ISAna,3,0.11538461538461539,1.0,1.0,7,1
ISa,3,0.10714285714285714,0.5,0.3333,6,3
ISvara,7,0.13725490196078433,0.9643,0.9048,10,2
IdfS,4,0.25,1.0,1.0,5,1
Ih,4,0.14285714285714285,0.0,0.0,8,8
IhA,3,0.2,0.5,0.3333,4,0
IhAmfga,3,0.3,1.0,1.0,1,0
Ikz,4,0.043478260869565216,1.0,1.0,13,17
IkzaRa,4,0.16,1.0,1.0,7,0
Ipsu,3,0.3333333333333333,0.5,0.3333,3,1
Iq,3,0.2,-1.0,-1.0,6,6
Ir,7,0.14893617021276595,0.2143,0.3333,19,28
Irzy,3,0.5,-0.5,-0.3333,3,0
IrzyA,3,0.2,1.0,1.0,3,0
Iti,3,0.23076923076923078,0.5,0.3333,2,0
JarJara,3,0.1875,1.0,1.0,3,1
KARqava,4,0.3333333333333333,1.0,1.0,5,0
KAd,5,0.13157894736842105,-0.1,0.0,10,2
KAdya,3,0.75,0.5,0.3333,2,1
Ka,3,0.075,0.5,0.3333,10,1
KaRqa,7,0.11290322580645161,0.3214,0.2381,10,3
KaRqaSas,3,0.5,-0.5,-0.3333,2,0
KaRqaka,4,0.2857142857142857,-0.4,-0.3333,1,0
KaRqana,8,0.5714285714285714,0.5476,0.5,6,0
KaYj,3,0.75,1.0,1.0,3,0
KaYjarIwa,3,0.6,1.0,1.0,2,1
Kacara,4,0.26666666666666666,1.0,1.0,3,0
Kaja,3,0.3,0.5,0.3333,1,1
Kala,7,0.1891891891891892,0.9286,0.8095,6,2
Kalati,4,0.2222222222222222,1.0,1.0,5,0
Kalu,3,0.07692307692307693,-1.0,-1.0,13,2
Kalva,3,0.375,1.0,1.0,4,0
Kan,8,0.1951219512195122,0.0714,0.0714,20,6
Kani,4,0.3076923076923077,1.0,1.0,3,0
Kaqgin,3,0.2727272727272727,1.0,1.0,4,0
Kara,6,0.14285714285714285,0.4286,0.2,12,5
KarjUra,4,0.21052631578947367,0.8,0.6667,2,0
KawvA,3,0.2,-0.5,-0.3333,1,1
KawvANga,5,0.20833333333333334,-0.9,-0.8,4,1
Kecara,3,0.15,0.5,0.3333,3,2
Keda,3,0.17647058823529413,1.0,1.0,0,1
Kel,5,0.625,0.6,0.4,4,0
Kid,8,0.17777777777777778,0.9048,0.7857,12,6
Kila,3,0.0967741935483871,1.0,1.0,6,1
KyA,7,0.0958904109589041,0.8571,0.7143,11,12
KyAti,6,0.3333333333333333,-0.0286,-0.0667,9,0
Ocitya,3,0.3333333333333333,0.5,0.3333,3,0
OdArya,3,0.2,-0.5,-0.3333,2,0
OdBida,3,0.6,-0.5,-0.3333,1,1
Odaka,3,0.3333333333333333,-0.5,-0.3333,3,0
Odumbara,5,0.1388888888888889,1.0,1.0,5,1
Ojjvalya,3,0.5,0.5,0.3333,2,0
OrDvadehika,3,0.21428571428571427,1.0,1.0,3,2
Orasa,4,0.18181818181818182,0.8,0.6667,3,1
Orva,4,0.15384615384615385,1.0,1.0,10,0
Otsukya,7,0.4375,0.75,0.619,4,1
Ozwrika,3,0.75,1.0,1.0,0,0
PARita,3,0.1875,-0.5,-0.3333,5,2
PARwa,3,0.16666666666666666,1.0,1.0,2,0
PAla,5,0.20833333333333334,1.0,1.0,4,0
PAlakfzwa,3,0.3333333333333333,1.0,1.0,3,0
PAlguna,3,0.08333333333333333,1.0,1.0,5,1
PaR,4,0.25,0.6,0.3333,4,1
PaRa,3,0.11538461538461539,1.0,1.0,1,0
Pal,6,0.15789473684210525,0.8286,0.7333,23,1
Pala,6,0.10714285714285714,-0.3143,-0.2,8,2
Palaka,6,0.12,0.7714,0.6,7,3
Palgu,3,0.1,1.0,1.0,2,1
Palin,3,0.15,-0.5,-0.3333,0,0
Perava,3,0.2727272727272727,-0.5,-0.3333,2,0
Pulla,3,0.11538461538461539,1.0,1.0,2,0
SAKin,4,0.16,0.8,0.6667,6,1
SASvata,3,0.07894736842105263,0.5,0.3333,0,1
SAkala,5,0.16129032258064516,1.0,1.0,4,2
SAkvara,5,0.25,1.0,1.0,3,1
SAlakawaNkawa,3,0.6,0.5,0.3333,0,0
SAlivAha,3,0.75,0.5,0.3333,2,0
SAnta,7,0.11290322580645161,0.5714,0.4286,8,1
SAnti,7,0.1320754716981132,0.6429,0.5238,6,3
SArNga,5,0.22727272727272727,1.0,1.0,2,0
SArdUla,3,0.1111111111111111,1.0,1.0,2,0
SAri,3,0.09375,-1.0,-1.0,2,1
SAs,4,0.0547945205479452,0.8,0.6667,27,9
SAsana,4,0.09302325581395349,-0.8,-0.6667,9,1
SAstratas,3,0.5,1.0,1.0,3,0
SAtakumBamaya,3,0.75,1.0,1.0,2,0
SAtana,3,0.17647058823529413,1.0,1.0,3,0
SAtrava,3,0.25,1.0,1.0,2,0
SEGra,3,0.6,-0.5,-0.3333,1,0
SETilya,4,0.17391304347826086,0.2,0.0,2,0
SElUza,3,0.14285714285714285,0.5,0.3333,1,0
SEla,3,0.0967741935483871,1.0,1.0,2,1
SElaputrI,3,0.75,1.0,1.0,2,0
SEvAla,3,0.1875,1.0,1.0,2,0
SEvala,3,0.15789473684210525,1.0,1.0,2,1
SI,7,0.0958904109589041,-0.4643,-0.3333,27,8
SIBam,3,0.6,1.0,1.0,3,0
SIGra,3,0.08108108108108109,0.5,0.3333,3,1
SIGraga,4,0.6666666666666666,1.0,1.0,2,0
SIkarin,3,0.75,0.5,0.3333,1,0
SIrza,4,0.14814814814814814,0.8,0.6667,4,0
SIrzacCedya,3,0.5,1.0,1.0,1,0
SItakara,3,0.5,0.5,0.3333,1,0
SItala,3,0.08333333333333333,1.0,1.0,2,2
SORqIrya,3,0.5,-0.5,-0.3333,2,0
SORqika,3,0.15,1.0,1.0,4,0
SOwIrya,3,0.375,0.5,0.3333,2,1
SUdraka,3,0.21428571428571427,1.0,1.0,2,0
SUla,3,0.06382978723404255,0.5,0.3333,6,2
SUnya,5,0.06666666666666667,0.9,0.8,17,1
SUnyatA,3,0.15,0.5,0.3333,4,0
SUrasena,5,0.3125,0.3,0.2,2,0
SUrpAraka,4,0.4,0.0,0.0,4,0
SUza,3,0.25,1.0,1.0,5,0
SaMkara,4,0.0975609756097561,1.0,1.0,5,0
SaMs,5,0.07575757575757576,0.9,0.8,33,22
SaMsana,3,0.375,-1.0,-1.0,0,0
SaMyu,3,0.23076923076923078,1.0,1.0,3,0
SaNKa,6,0.11764705882352941,0.8286,0.7333,11,4
SaNKaka,3,0.2727272727272727,1.0,1.0,1,0
SaNKapAla,3,0.3,1.0,1.0,1,0
SaNKapada,3,1.0,1.0,1.0,1,0
SaNKin,3,0.14285714285714285,1.0,1.0,1,1
SaNk,3,0.05555555555555555,1.0,1.0,9,5
SaNkA,3,0.08823529411764706,1.0,1.0,3,0
SaNkin,3,0.2727272727272727,0.5,0.3333,3,1
SaNku,5,0.07692307692307693,0.5,0.4,18,3
SaNkukarRa,4,0.4,1.0,1.0,2,0
SaPa,3,0.13636363636363635,0.5,0.3333,8,0
SaSikalA,3,0.42857142857142855,-0.5,-0.3333,3,0
Sabda,3,0.038461538461538464,0.5,0.3333,4,0
SacI,4,0.13793103448275862,0.4,0.3333,4,2
Sagma,3,0.3333333333333333,1.0,1.0,4,3
Sak,3,0.07317073170731707,0.5,0.3333,26,5
Saka,5,0.14285714285714285,0.7,0.6,4,2
Sakala,4,0.0975609756097561,0.4,0.3333,1,3
Sakft,3,0.13043478260869565,1.0,1.0,5,0
Sakra,5,0.16666666666666666,0.9,0.8,5,0
Sakti,8,0.11428571428571428,0.1429,0.2143,20,3
Sakula,3,0.17647058823529413,1.0,1.0,2,1
Sakuna,3,0.07894736842105263,1.0,1.0,4,0
Sal,3,0.21428571428571427,1.0,1.0,4,0
Sala,5,0.20833333333333334,0.9,0.8,0,0
Salka,3,0.15,1.0,1.0,3,1
Salya,5,0.125,0.7,0.6,4,3
Sam,8,0.0975609756097561,0.3333,0.2857,28,15
SamI,3,0.08333333333333333,0.5,0.3333,3,0
Samala,4,0.3333333333333333,1.0,1.0,4,1
SambUka,4,0.26666666666666666,0.8,0.6667,3,0
Sambara,4,0.10810810810810811,-0.2,0.0,3,2
Sambuka,3,0.375,1.0,1.0,0,1
Sap,9,0.20930232558139536,0.7667,0.6111,24,8
SarAvara,3,0.75,1.0,1.0,0,0
SarAvatI,3,0.2727272727272727,1.0,1.0,1,0
SarIra,3,0.06382978723404255,1.0,1.0,5,2
SarIrin,4,0.14814814814814814,0.8,0.6667,4,0
SaraBa,3,0.07692307692307693,1.0,1.0,3,1
SaraRa,4,0.08333333333333333,-0.2,0.0,4,4
Saras,3,0.3333333333333333,0.5,0.3333,2,0
SaravaRa,4,0.6666666666666666,1.0,1.0,3,0
Sarman,3,0.07894736842105263,0.5,0.3333,3,2
Sasta,4,0.16,0.4,0.3333,2,0
Sastrin,3,0.42857142857142855,-0.5,-0.3333,2,0
SatAnIka,3,0.15789473684210525,0.5,0.3333,2,0
SatAnanda,3,0.3,1.0,1.0,2,0
SatAyus,5,0.35714285714285715,1.0,1.0,5,0
SataBizaj,3,0.3333333333333333,1.0,1.0,3,0
SataSfNga,3,0.375,1.0,1.0,2,0
Satadru,3,0.2,1.0,1.0,4,0
Satadyumna,3,0.42857142857142855,1.0,1.0,3,0
SataguRa,3,0.5,-0.5,-0.3333,3,0
Sataka,3,0.3333333333333333,1.0,1.0,2,0
Satakratu,3,0.14285714285714285,1.0,1.0,5,0
SatamAna,4,0.26666666666666666,1.0,1.0,5,0
Satapattra,3,0.12,1.0,1.0,5,0
SatarudrIya,3,0.5,1.0,1.0,2,0
SatasAhasra,3,0.375,1.0,1.0,4,0
SatavIrya,3,0.25,1.0,1.0,3,0
Satodara,3,1.0,0.5,0.3333,1,0
SatruGna,4,0.26666666666666666,1.0,1.0,2,0
SatruMjaya,5,0.4166666666666667,0.9,0.8,1,0
Saya,3,0.13043478260869565,-0.5,-0.3333,3,3
Scut,3,0.125,1.0,1.0,9,0
SeKara,5,0.16666666666666666,0.7,0.6,5,0
Sepa,3,0.3,1.0,1.0,3,0
Seza,5,0.06666666666666667,0.9,0.8,19,4
SfNgAra,6,0.16216216216216217,-0.9429,-0.8667,9,1
SfNgAwaka,3,0.10714285714285714,-0.5,-0.3333,3,2
SfNga,9,0.13432835820895522,0.4667,0.3333,10,4
SfNgin,3,0.12,1.0,1.0,1,8
Sftatva,3,1.0,1.0,1.0,2,0
SiKA,3,0.05660377358490566,-0.5,-0.3333,5,1
SiKaRqin,5,0.13513513513513514,1.0,1.0,7,3
SiKara,4,0.13333333333333333,0.8,0.6667,2,1
SiKarin,3,0.10344827586206896,0.5,0.3333,2,0
SiKin,5,0.08771929824561403,1.0,1.0,8,1
SiSirAMSu,3,0.6,0.5,0.3333,1,0
SiSira,4,0.1,0.2,0.0,7,1
SiSu,3,0.1,1.0,1.0,3,0
SiSumAra,3,0.13636363636363635,1.0,1.0,2,1
SiTila,4,0.1111111111111111,0.8,0.6667,1,0
Sigru,3,0.21428571428571427,1.0,1.0,3,0
Sikz,7,0.14893617021276595,-0.1429,-0.0476,19,3
SilA,3,0.1,0.5,0.3333,0,2
SilImuKa,4,0.19047619047619047,0.8,0.6667,3,0
Silpa,6,0.13953488372093023,0.0857,0.0667,10,3
SiraHkapAla,3,0.75,1.0,1.0,2,0
Siras,3,0.05263157894736842,0.5,0.3333,14,3
SiroDara,3,0.23076923076923078,1.0,1.0,4,0
SitAman,3,0.75,1.0,1.0,3,0
SitikaRWa,4,0.18181818181818182,1.0,1.0,2,1
Siva,5,0.0641025641025641,0.9,0.8,23,5
Siz,5,0.06944444444444445,0.9,0.8,14,12
SlAG,5,0.20833333333333334,0.7,0.6,14,1
SlAGin,3,0.375,1.0,1.0,2,1
Sleza,3,0.125,1.0,1.0,3,1
Slezman,4,0.13793103448275862,0.2,0.0,5,0
Sliz,6,0.08823529411764706,0.9429,0.8667,18,7
Sloka,4,0.0975609756097561,-0.4,-0.3333,9,1
Snaptra,3,1.0,-0.5,-0.3333,0,0
SoBana,3,0.0625,-0.5,-0.3333,5,0
SoDanIya,3,0.5,1.0,1.0,0,0
SoDana,6,0.2222222222222222,0.6,0.4667,8,0
Socitavya,3,0.75,1.0,1.0,2,0
Soza,4,0.15384615384615385,0.8,0.6667,4,2
SozaRa,7,0.2413793103448276,0.9643,0.9048,6,0
Sozin,3,0.375,1.0,1.0,3,0
SrA,3,0.10714285714285714,1.0,1.0,9,3
SrAvaRa,4,0.125,0.8,0.6667,3,1
SrAvya,4,0.5,0.8,0.6667,2,0
SrI,6,0.08823529411764706,0.9429,0.8667,21,7
SrIgarBa,3,0.25,1.0,1.0,0,0
SrIkaRWa,3,0.1111111111111111,1.0,1.0,1,1
SrOta,3,0.10714285714285714,1.0,1.0,2,2
SraR,3,0.25,1.0,1.0,1,0
SraT,3,0.16666666666666666,0.5,0.3333,20,2
SradDA,4,0.06451612903225806,0.4,0.3333,14,2
Sram,6,0.12244897959183673,0.4857,0.3333,17,4
Srava,5,0.4166666666666667,0.1,0.0,2,0
SravaRa,6,0.0967741935483871,0.4286,0.4667,11,0
Sravas,4,0.23529411764705882,0.4,0.3333,5,1
SrezWa,3,0.07894736842105263,1.0,1.0,3,1
Sri,7,0.07216494845360824,0.3214,0.2381,33,26
Sru,6,0.07142857142857142,0.9429,0.8667,43,12
Sruta,6,0.13333333333333333,0.5429,0.4667,8,2
Srutasena,4,0.36363636363636365,1.0,1.0,1,0
Sruti,9,0.11538461538461539,0.9167,0.8333,21,2
SrutiDara,3,0.42857142857142855,1.0,1.0,2,0
SrutipaTa,3,0.42857142857142855,1.0,1.0,1,0
SuB,7,0.1794871794871795,-0.1786,-0.1429,30,11
SuBa,4,0.07142857142857142,0.8,0.6667,7,4
SuD,15,0.22058823529411764,0.9393,0.8476,26,1
Suc,7,0.14285714285714285,0.6071,0.4286,36,11
Suci,5,0.07575757575757576,0.7,0.6,5,4
SudDa,4,0.0625,0.8,0.6667,4,0
SudDi,6,0.16666666666666666,0.9429,0.8667,8,0
Suka,3,0.06521739130434782,0.5,0.3333,1,3
Sukla,5,0.0847457627118644,-0.4,-0.4,11,0
Sukra,7,0.1111111111111111,0.9643,0.9048,20,3
Sukriya,4,0.23529411764705882,1.0,1.0,3,0
Sukti,4,0.12903225806451613,0.2,0.0,1,0
Sulka,3,0.09090909090909091,1.0,1.0,5,1
Sunaka,3,0.15,1.0,1.0,0,0
Suz,3,0.06818181818181818,1.0,1.0,10,1
Suzma,4,0.18181818181818182,1.0,1.0,5,3
SvAsa,5,0.15625,1.0,1.0,4,0
SvEtya,3,0.42857142857142855,1.0,1.0,2,0
SvaSura,3,0.11538461538461539,-1.0,-1.0,10,0
Svas,5,0.07352941176470588,0.4,0.4,15,3
Svasana,4,0.15384615384615385,1.0,1.0,6,0
Sveta,5,0.08333333333333333,-0.1,0.0,6,1
Svetaparvata,3,0.75,1.0,1.0,2,0
Svitra,5,0.23809523809523808,0.6,0.4,2,1
SyAmAka,3,0.1111111111111111,1.0,1.0,3,0
SyAma,8,0.13114754098360656,0.5714,0.5,7,7
SyAmalita,3,1.0,1.0,1.0,2,0
SyAva,3,0.14285714285714285,0.5,0.3333,2,0
Syena,4,0.08,1.0,1.0,3,4
Uh,3,0.04918032786885246,0.5,0.3333,8,16
Una,5,0.1724137931034483,1.0,1.0,10,0
UrDvagati,4,0.8,0.4,0.3333,1,0
UrDvaretas,3,0.42857142857142855,0.5,0.3333,5,0
UrRAyu,3,0.2727272727272727,1.0,1.0,1,0
UrRu,4,0.25,0.4,0.3333,5,7
Urja,4,0.14285714285714285,-0.2,0.0,7,0
Urmi,10,0.30303030303030304,0.9636,0.8667,13,11
UrmimAlin,3,0.75,1.0,1.0,1,0
Uru,5,0.14285714285714285,0.6,0.4,6,0
Urva,3,0.21428571428571427,0.5,0.3333,4,2
Uzman,3,0.13043478260869565,1.0,1.0,6,0
Uzmapa,3,0.5,1.0,1.0,2,0
aBiBu,4,0.36363636363636365,1.0,1.0,7,0
aBigama,3,0.42857142857142855,0.5,0.3333,1,0
aBijit,5,0.21739130434782608,1.0,1.0,1,0
aBisAra,4,0.2,0.8,0.6667,1,0
aBra,3,0.0967741935483871,1.0,1.0,2,1
aByantara,6,0.24,0.0286,0.0667,5,0
aByavahArya,3,0.5,1.0,1.0,1,0
aByutTAna,5,0.7142857142857143,0.9,0.8,1,0
aNgAra,3,0.15,1.0,1.0,4,3
aS,7,0.14,0.6071,0.5238,26,23
aSlIla,3,0.13043478260869565,1.0,1.0,5,0
aSmaka,3,0.2727272727272727,0.5,0.3333,2,0
aSoka,5,0.16129032258064516,0.8,0.6,3,0
aSva,3,0.08333333333333333,0.5,0.3333,2,2
aSvagrIva,3,0.75,1.0,1.0,1,0
aSvapati,4,0.3333333333333333,1.0,1.0,2,0
aSvatTAman,3,0.3,-0.5,-0.3333,1,0
aSvatara,4,0.14285714285714285,0.4,0.3333,2,0
abrahmaRya,4,0.5,-0.2,0.0,2,0
agni,3,0.08823529411764706,0.5,0.3333,2,5
ah,5,0.10204081632653061,0.9,0.8,15,2
ahaMkfta,3,0.375,1.0,1.0,1,0
ahita,3,0.13636363636363635,-0.5,-0.3333,4,1
ahnAya,3,0.3333333333333333,1.0,1.0,2,0
ahorAtra,3,0.11538461538461539,-0.5,-0.3333,8,2
akfzwapacya,3,0.75,0.5,0.3333,2,0
akzi,3,0.15789473684210525,1.0,1.0,13,9
alAbu,3,0.21428571428571427,1.0,1.0,1,0
alIka,3,0.15,0.5,0.3333,1,0
alaMkfti,3,0.75,0.5,0.3333,1,0
alam,3,0.07317073170731707,1.0,1.0,4,2
alarka,4,0.26666666666666666,0.8,0.6667,2,0
alinda,3,0.3,1.0,1.0,1,1
am,3,0.1875,-0.5,-0.3333,10,3
amAvasu,3,1.0,-0.5,-0.3333,2,0
amBas,5,0.17857142857142858,0.6,0.4,0,0
amBfRa,3,0.2727272727272727,1.0,1.0,0,1
amUrtarajas,3,0.6,0.5,0.3333,1,0
amara,4,0.13793103448275862,0.4,0.3333,1,1
amareSvara,3,0.6,-0.5,-0.3333,1,0
amati,3,0.2727272727272727,-0.5,-0.3333,3,1
ambA,5,0.15151515151515152,1.0,1.0,3,0
ambarIza,5,0.2,0.1,0.0,0,0
ambikA,6,0.17647058823529413,0.6,0.4667,2,0
ameni,3,1.0,1.0,1.0,2,0
amfta,9,0.16363636363636364,0.65,0.4444,4,1
amutra,3,0.16666666666666666,1.0,1.0,2,0
apada,3,0.75,1.0,1.0,0,0
aparAjita,4,0.12121212121212122,1.0,1.0,0,1
arBaka,3,0.16666666666666666,1.0,1.0,3,0
arDacandra,4,0.16666666666666666,1.0,1.0,5,1
arRava,4,0.16,1.0,1.0,4,1
arTamAtra,3,1.0,1.0,1.0,1,0
arTin,3,0.09090909090909091,1.0,1.0,3,0
arTitva,3,1.0,1.0,1.0,1,0
arTya,4,0.3333333333333333,1.0,1.0,3,0
araRya,4,0.13793103448275862,1.0,1.0,2,2
arbuda,4,0.11764705882352941,0.8,0.6667,5,3
arc,4,0.1,-0.8,-0.6667,14,5
ard,5,0.16666666666666666,0.9,0.8,6,0
ardana,4,0.4444444444444444,0.8,0.6667,1,0
arh,3,0.09090909090909091,0.5,0.3333,9,0
arizwa,6,0.17647058823529413,0.6,0.4667,2,0
arizwanemi,3,0.25,0.5,0.3333,1,1
arj,3,0.12,1.0,1.0,2,3
arjuna,6,0.14285714285714285,0.2571,0.2,5,2
arka,5,0.10416666666666667,-0.4,-0.4,4,2
arpaRa,5,0.3333333333333333,0.0,0.2,0,0
aruRa,7,0.14285714285714285,0.8571,0.7143,2,3
aruja,3,0.5,0.5,0.3333,0,0
arunDatI,3,0.13043478260869565,1.0,1.0,1,2
aruza,3,0.42857142857142855,0.5,0.3333,2,1
aryaman,3,0.08823529411764706,0.5,0.3333,6,3
as,6,0.06060606060606061,0.6571,0.4667,34,20
asaMKyAta,3,0.6,-0.5,-0.3333,3,0
asaNga,3,0.1875,1.0,1.0,3,0
asahana,3,0.3333333333333333,1.0,1.0,1,0
asfj,4,0.2,-0.2,0.0,3,0
asita,6,0.13043478260869565,0.2571,0.2,7,0
asta,6,0.13333333333333333,-0.3143,-0.2,6,3
astra,3,0.13043478260869565,-0.5,-0.3333,1,1
asu,3,0.12,0.5,0.3333,2,1
asura,4,0.11428571428571428,1.0,1.0,5,3
av,3,0.13636363636363635,-1.0,-1.0,16,9
avaSyAya,3,0.2727272727272727,0.5,0.3333,2,0
avadAraRa,4,0.6666666666666666,-0.6,-0.3333,1,0
avagAQa,3,0.375,1.0,1.0,7,0
avahAsa,4,0.6666666666666666,1.0,1.0,3,0
avalamba,4,0.3076923076923077,-0.6,-0.3333,0,0
avaloka,3,0.42857142857142855,0.5,0.3333,2,0
avamAnana,3,0.5,0.5,0.3333,2,0
avamarda,3,0.3333333333333333,0.5,0.3333,1,0
avamardana,3,1.0,1.0,1.0,1,0
avani,5,0.45454545454545453,1.0,1.0,2,0
avapAta,3,0.2727272727272727,1.0,1.0,0,0
avaroDa,5,0.25,0.7,0.6,2,1
avasAna,4,0.13793103448275862,0.4,0.3333,8,2
avasTAna,5,0.45454545454545453,0.9,0.8,2,1
avaskanda,3,0.375,0.5,0.3333,2,0
avatAna,3,0.3,0.5,0.3333,2,1
avawa,3,0.17647058823529413,0.5,0.3333,1,1
avekzya,3,1.0,-1.0,-1.0,2,0
aviza,4,0.4,-0.4,-0.3333,3,0
ayana,4,0.11428571428571428,0.6,0.3333,2,1
ayomuKa,6,0.75,1.0,1.0,0,0
azwApada,3,0.17647058823529413,0.5,0.3333,2,1
bAD,7,0.11290322580645161,0.3571,0.2381,18,8
bADa,8,0.23529411764705882,0.9762,0.9286,6,4
bADaka,3,0.14285714285714285,1.0,1.0,3,0
bARa,7,0.1320754716981132,0.6786,0.5238,5,0
bAhu,6,0.13636363636363635,0.8286,0.7333,9,3
bAhuSAlin,3,0.6,1.0,1.0,2,0
bAhudA,3,0.3,0.5,0.3333,2,0
bAhya,3,0.06,1.0,1.0,4,2
bAla,4,0.07142857142857142,0.8,0.6667,8,3
bAleya,3,0.14285714285714285,1.0,1.0,0,0
bAlhIka,3,0.11538461538461539,0.5,0.3333,12,1
bAlhika,3,0.15,1.0,1.0,9,0
bArhaspatya,6,0.21428571428571427,0.9429,0.8667,4,0
bAzpa,5,0.2,0.7,0.6,3,0
bIBatsa,4,0.13333333333333333,1.0,1.0,3,0
bIBatsu,3,0.375,1.0,1.0,2,0
bIja,4,0.07142857142857142,0.8,0.6667,6,1
bIjaka,3,0.2727272727272727,0.5,0.3333,2,0
bIjamAtra,3,0.42857142857142855,0.5,0.3333,3,0
baBru,4,0.0784313725490196,1.0,1.0,7,0
bahala,3,0.21428571428571427,0.5,0.3333,3,0
bahiScara,3,0.3,1.0,1.0,2,1
bahu,3,0.05454545454545454,1.0,1.0,5,4
bahula,3,0.05454545454545454,0.5,0.3333,5,3
balAka,3,0.08823529411764706,0.5,0.3333,1,2
balAsa,3,0.375,1.0,1.0,1,1
bala,5,0.078125,-0.1,0.0,11,5
bali,4,0.07142857142857142,0.4,0.3333,11,6
banD,11,0.08870967741935484,0.8,0.6364,45,18
banDana,6,0.10909090909090909,0.8286,0.7333,7,2
banDura,3,0.08571428571428572,0.5,0.3333,6,0
baqiSa,3,0.2,1.0,1.0,4,0
barbara,4,0.13333333333333333,1.0,1.0,1,2
bekuri,4,0.6666666666666666,0.4,0.3333,3,0
bfhadaSva,3,0.3333333333333333,1.0,1.0,3,0
bfhadukTa,3,0.25,0.5,0.3333,1,0
bilva,4,0.125,0.8,0.6667,5,1
bimba,3,0.058823529411764705,1.0,1.0,8,1
bindu,7,0.1794871794871795,0.4286,0.3333,4,3
bis,4,1.0,1.0,1.0,3,0
boDa,3,0.09375,1.0,1.0,5,1
boDana,7,0.22580645161290322,0.9643,0.9048,6,2
boDi,4,0.15384615384615385,-0.2,0.0,3,4
boDya,4,0.36363636363636365,1.0,1.0,2,1
bodDavya,4,0.3333333333333333,0.4,0.3333,3,0
brAhmaRa,4,0.07407407407407407,1.0,1.0,12,1
brAhmaRasAt,3,1.0,1.0,1.0,3,1
brU,4,0.05555555555555555,1.0,1.0,25,15
braDna,4,0.15384615384615385,0.4,0.3333,3,3
brahmAstra,3,0.5,1.0,1.0,2,0
brahmaSiras,3,0.6,0.5,0.3333,2,0
brahmabanDu,3,0.14285714285714285,-1.0,-1.0,5,0
brahmadaRqa,3,0.21428571428571427,1.0,1.0,3,0
brahmadatta,5,0.20833333333333334,0.9,0.8,3,0
brahmajyezWa,3,1.0,1.0,1.0,1,0
brahman,12,0.14814814814814814,0.6713,0.5758,28,9
brahmatejas,4,0.4444444444444444,1.0,1.0,2,0
brahmatva,3,0.16666666666666666,1.0,1.0,4,0
brahmavarcasin,3,0.3333333333333333,1.0,1.0,3,0
brahmaveda,3,0.3333333333333333,0.5,0.3333,2,0
buD,6,0.06060606060606061,0.7714,0.6,42,9
budDi,7,0.1346153846153846,-0.6071,-0.3333,12,2
budbuda,3,0.14285714285714285,-0.5,-0.3333,3,1
busa,4,0.2222222222222222,-0.6,-0.3333,2,4
cARUra,3,0.375,1.0,1.0,3,1
cARakya,3,0.2,-0.5,-0.3333,3,0
cARqAla,3,0.10714285714285714,1.0,1.0,5,0
cAkrika,3,0.2,-0.5,-0.3333,1,3
cAkzuza,7,0.23333333333333334,1.0,1.0,11,0
cAlana,4,0.25,0.2,0.0,6,0
cAmIkara,3,0.2,1.0,1.0,5,1
cAndra,3,0.125,-1.0,-1.0,5,1
cApa,3,0.13636363636363635,0.5,0.3333,1,1
cApalya,5,0.7142857142857143,0.2,0.2,4,0
cAra,4,0.16,1.0,1.0,6,0
cAraRa,4,0.15384615384615385,1.0,1.0,8,1
cAraka,4,0.21052631578947367,1.0,1.0,1,2
cArin,4,0.2,0.4,0.3333,3,2
cAritra,3,0.16666666666666666,1.0,1.0,4,2
cAru,7,0.21212121212121213,0.4643,0.5238,9,2
cArvAka,4,0.26666666666666666,0.4,0.3333,6,0
cAturhotra,3,0.3333333333333333,1.0,1.0,9,0
cAturmAsya,3,0.15789473684210525,-1.0,-1.0,7,2
cAturvidya,3,0.3333333333333333,1.0,1.0,3,0
cAturya,6,0.6,1.0,1.0,5,0
cAtvAla,4,0.26666666666666666,-0.2,0.0,5,0
cAwa,3,0.25,1.0,1.0,2,1
cAza,3,0.1875,1.0,1.0,4,0
cEdya,3,0.3333333333333333,-0.5,-0.3333,4,1
cEla,5,0.2777777777777778,-0.1,0.0,5,2
cEtanya,3,0.15,1.0,1.0,2,2
cEtra,5,0.1388888888888889,0.9,0.8,6,1
cEtraraTa,6,0.3333333333333333,0.8857,0.7333,7,0
cIcIkUcI,3,0.6,1.0,1.0,2,0
cIna,4,0.2222222222222222,1.0,1.0,6,0
cIra,3,0.11538461538461539,1.0,1.0,3,2
cItkAra,3,0.75,0.5,0.3333,2,0
cIvara,3,0.15789473684210525,1.0,1.0,3,1
cOrya,4,0.36363636363636365,0.8,0.6667,2,0
cUcuka,4,0.36363636363636365,0.2,0.0,3,1
cUqAmaRi,6,0.25,-0.0857,-0.0667,5,0
cUrRa,3,0.1,1.0,1.0,5,1
ca,8,0.21621621621621623,0.4524,0.2857,37,2
caNkramaRa,3,0.23076923076923078,-0.5,-0.3333,6,0
caRaka,3,0.23076923076923078,0.5,0.3333,3,0
caRqa,6,0.15789473684210525,0.1429,0.0667,6,4
caYc,5,0.4166666666666667,-0.6,-0.4,3,0
caYcu,4,0.21052631578947367,1.0,1.0,4,0
cakAs,5,0.29411764705882354,0.9,0.8,11,1
cakora,9,0.32142857142857145,-0.1667,-0.1667,8,1
cakrAhva,3,0.2727272727272727,1.0,1.0,4,0
cakrAyuDa,4,1.0,1.0,1.0,3,0
cakra,11,0.15714285714285714,0.7364,0.6,36,6
cakraDara,6,0.3,0.8286,0.7333,3,1
cakraka,3,0.375,1.0,1.0,0,0
cakravAka,3,0.2,1.0,1.0,4,1
cakravartin,3,0.125,0.5,0.3333,6,0
cakrin,3,0.125,-0.5,-0.3333,5,5
cakz,3,0.061224489795918366,1.0,1.0,12,11
cakzuHSravas,4,0.6666666666666666,0.8,0.6667,2,0
cakzus,4,0.11428571428571428,1.0,1.0,9,2
cakzuzya,3,0.15,1.0,1.0,4,0
cal,10,0.17857142857142858,0.3697,0.2444,25,4
calAcala,3,0.1875,1.0,1.0,4,0
calana,6,0.24,0.9429,0.8667,5,1
cam,4,0.19047619047619047,-0.2,0.0,5,3
camU,4,0.23529411764705882,1.0,1.0,9,5
camara,4,0.18181818181818182,1.0,1.0,5,0
camasa,3,0.1,0.5,0.3333,4,1
campU,3,0.42857142857142855,1.0,1.0,2,1
campaka,3,0.13043478260869565,1.0,1.0,2,0
candana,6,0.2,0.9429,0.8667,3,0
candrArDa,3,0.42857142857142855,1.0,1.0,2,0
candra,10,0.16666666666666666,0.6848,0.5111,13,3
candraSeKara,3,0.23076923076923078,1.0,1.0,1,1
candrakAnta,5,0.29411764705882354,0.6,0.4,2,0
candraka,6,0.21428571428571427,0.4286,0.4667,3,0
candraketu,5,0.7142857142857143,0.3,0.2,2,0
candramOli,3,0.3,-0.5,-0.3333,3,0
candramas,4,0.17391304347826086,-0.8,-0.6667,7,1
capala,3,0.07317073170731707,0.5,0.3333,3,3
car,12,0.1111111111111111,0.4266,0.3333,71,41
carAcara,5,0.20833333333333334,-0.5,-0.2,10,0
cara,4,0.10526315789473684,0.2,0.0,10,1
caraRAyuDa,3,0.5,1.0,1.0,2,0
caraRa,12,0.2222222222222222,0.958,0.9091,22,2
caraka,3,0.09375,1.0,1.0,8,0
caritArTa,3,0.23076923076923078,1.0,1.0,4,0
carita,5,0.2,0.4,0.4,6,0
caritra,5,0.20833333333333334,0.7,0.6,7,0
carizRu,3,0.15,1.0,1.0,5,0
carman,4,0.14814814814814814,1.0,1.0,8,1
caru,6,0.2,1.0,1.0,10,1
carusTAlI,3,1.0,1.0,1.0,2,1
carv,4,0.25,0.8,0.6667,5,0
carzaRi,4,0.3076923076923077,-0.8,-0.6667,4,2
cat,3,0.2727272727272727,-0.5,-0.3333,5,1
catuHSAla,4,0.26666666666666666,1.0,1.0,5,1
catuHzazwi,3,0.3333333333333333,1.0,1.0,3,0
catuScatvAriMSa,5,0.7142857142857143,1.0,1.0,0,0
caturBuja,6,0.4,1.0,1.0,5,0
caturDA,3,0.3,1.0,1.0,6,0
caturTa,4,0.18181818181818182,1.0,1.0,8,0
caturTaka,3,0.3,1.0,1.0,3,0
catura,6,0.2608695652173913,0.4857,0.3333,6,0
caturaNga,3,0.1111111111111111,1.0,1.0,4,3
caturdaSa,3,0.21428571428571427,1.0,1.0,4,0
caturmuKa,5,0.3333333333333333,0.4,0.4,4,0
caturveda,3,0.42857142857142855,0.5,0.3333,2,0
caturviMSa,6,0.3157894736842105,0.6571,0.6,12,0
catustriMSa,3,0.42857142857142855,1.0,1.0,2,0
catuzka,7,0.25,1.0,1.0,12,1
catuzpAda,4,0.3076923076923077,0.2,0.0,6,0
catuzpada,4,0.14285714285714285,0.4,0.3333,7,2
catuzwaya,3,0.10344827586206896,-0.5,-0.3333,7,2
catuzwoma,4,0.2857142857142857,1.0,1.0,7,0
catvara,3,0.23076923076923078,-1.0,-1.0,1,0
cawaka,4,0.19047619047619047,1.0,1.0,4,1
cawula,4,0.26666666666666666,1.0,1.0,4,0
caya,5,0.21739130434782608,0.9,0.8,5,2
cazaka,3,0.16666666666666666,0.5,0.3333,2,0
ced,13,0.26,0.7088,0.5385,41,3
cekitAna,3,1.0,1.0,1.0,2,0
cela,3,0.15789473684210525,1.0,1.0,5,0
cetana,4,0.0975609756097561,0.8,0.6667,7,4
cetas,5,0.17857142857142858,1.0,1.0,5,1
cetavya,3,0.6,1.0,1.0,3,0
cewa,3,0.3,0.5,0.3333,1,0
cewaka,3,0.375,0.5,0.3333,1,0
cezw,8,0.21621621621621623,0.9524,0.8571,20,2
cezwita,3,0.15,-0.5,-0.3333,6,0
ci,17,0.18085106382978725,0.2157,0.2059,59,29
cid,3,0.3333333333333333,-0.5,-0.3333,5,3
cihna,4,0.2222222222222222,0.4,0.3333,2,0
cikIrzA,3,0.375,0.5,0.3333,3,1
cikIrzu,3,0.3333333333333333,0.5,0.3333,4,0
cikitsA,4,0.4,-0.4,-0.3333,5,3
cikitsaka,3,0.2727272727272727,-0.5,-0.3333,3,0
cint,8,0.20512820512820512,0.7381,0.6429,13,7
cintAmaRi,3,0.21428571428571427,1.0,1.0,2,1
cintaka,4,0.4,0.8,0.6667,5,1
cintana,3,0.2727272727272727,0.5,0.3333,5,1
cintya,6,0.375,1.0,1.0,4,0
cira,5,0.10869565217391304,-0.5,-0.2,6,2
cirajIvin,3,0.25,0.5,0.3333,2,0
cit,16,0.3333333333333333,0.9,0.8167,72,29
citi,5,0.1724137931034483,1.0,1.0,6,1
citrANga,3,0.2727272727272727,0.5,0.3333,3,0
citrANgada,3,0.2727272727272727,1.0,1.0,2,0
citrAvasu,3,0.5,0.5,0.3333,2,1
citra,13,0.1625,0.9451,0.8462,25,10
citraBAnu,7,0.3181818181818182,0.8929,0.8095,10,0
citraPalaka,3,0.375,-0.5,-0.3333,2,1
citragrIva,3,1.0,0.5,0.3333,2,0
citrakAra,3,0.42857142857142855,1.0,1.0,2,0
citrakUwa,4,0.4444444444444444,1.0,1.0,5,0
citraka,5,0.4166666666666667,0.4,0.4,2,1
citraraTa,8,0.34782608695652173,0.9762,0.9286,14,1
citrasena,3,0.16666666666666666,1.0,1.0,7,0
citta,9,0.21428571428571427,0.75,0.6667,10,1
cittavftti,4,0.25,0.2,0.0,7,0
citti,5,0.3333333333333333,1.0,1.0,7,3
citya,3,0.15,1.0,1.0,4,1
codana,3,0.15789473684210525,1.0,1.0,5,2
cola,4,0.19047619047619047,-0.2,0.0,6,0
cozya,3,0.6,1.0,1.0,2,0
cud,5,0.13157894736842105,0.6,0.4,33,9
cumb,5,0.21739130434782608,0.4,0.4,6,0
cumbana,3,0.375,1.0,1.0,3,0
cur,4,0.26666666666666666,0.4,0.3333,6,0
cyavana,5,0.16129032258064516,0.4,0.4,8,0
cyu,7,0.1076923076923077,0.9286,0.8095,47,15
cyuti,4,0.21052631578947367,0.2,0.0,6,2
dA,32,0.2318840579710145,0.4916,0.3992,204,65
dASa,3,0.14285714285714285,1.0,1.0,3,0
dASaraTi,4,0.5714285714285714,0.8,0.6667,3,0
dAha,5,0.2,-0.5,-0.2,7,0
dAman,4,0.10810810810810811,0.8,0.6667,6,4
dAna,4,0.10256410256410256,0.2,0.0,8,3
dAnaSIla,3,0.6,1.0,1.0,1,1
dAnapati,3,0.375,1.0,1.0,2,0
dAnava,3,0.125,1.0,1.0,6,0
dAnta,5,0.23809523809523808,0.2,0.2,5,0
dAqima,3,0.21428571428571427,1.0,1.0,3,0
dAraka,3,0.13043478260869565,0.5,0.3333,3,0
dAru,6,0.1935483870967742,1.0,1.0,11,2
dAruRa,3,0.08333333333333333,1.0,1.0,6,1
dAtavya,3,0.15,1.0,1.0,5,0
dAyAda,3,0.13043478260869565,1.0,1.0,4,0
dAya,4,0.12903225806451613,1.0,1.0,4,3
dESika,5,0.5,1.0,1.0,2,1
dEteya,3,0.3333333333333333,1.0,1.0,3,0
dEva,4,0.08888888888888889,0.8,0.6667,10,0
dEvata,3,0.08823529411764706,1.0,1.0,5,1
dI,5,0.23809523809523808,0.7,0.6,21,20
dIDiti,3,0.15789473684210525,1.0,1.0,2,2
dIkz,4,0.16,1.0,1.0,11,7
dIkzA,4,0.125,0.8,0.6667,6,2
dIkzita,5,0.16129032258064516,1.0,1.0,7,2
dIp,7,0.11290322580645161,0.75,0.619,15,6
dIpaka,5,0.13513513513513514,1.0,1.0,3,1
dIpana,4,0.15384615384615385,0.8,0.6667,4,4
dIrGa,3,0.05555555555555555,-0.5,-0.3333,7,2
dIrGabAhu,3,0.3333333333333333,1.0,1.0,1,0
dIrGadarSin,3,0.3333333333333333,1.0,1.0,1,0
dOrBAgya,3,0.42857142857142855,1.0,1.0,1,0
dUzaRa,8,0.2222222222222222,0.7619,0.5714,9,1
dUzaka,4,0.21052631578947367,0.4,0.3333,4,0
dUzya,4,0.3333333333333333,1.0,1.0,2,2
daB,8,0.47058823529411764,-0.0238,0.0,27,9
daDIca,3,0.375,1.0,1.0,1,0
daDimuKa,4,0.5714285714285714,1.0,1.0,3,0
daG,4,0.36363636363636365,-0.6,-0.3333,10,6
daMS,9,0.1956521739130435,0.7,0.6111,24,9
daMSa,6,0.25,0.7714,0.6,6,0
daMSita,3,0.21428571428571427,1.0,1.0,4,2
daMSuka,3,1.0,-1.0,-1.0,2,0
daMzwrin,3,0.15,1.0,1.0,2,1
daRqa,7,0.08974358974358974,0.3571,0.2381,22,6
daRqaDAra,3,0.42857142857142855,0.5,0.3333,1,0
daRqaDara,3,0.15,0.5,0.3333,3,0
daRqakAzWa,5,0.7142857142857143,0.4,0.4,5,0
daRqaka,7,0.15555555555555556,0.5357,0.4286,14,1
daRqanIti,3,0.21428571428571427,1.0,1.0,2,0
daRqana,4,0.5,0.2,0.0,2,0
daRqin,3,0.08333333333333333,0.5,0.3333,5,1
daSA,8,0.2,0.9048,0.7857,9,4
daSArRa,5,0.29411764705882354,0.0,0.2,3,0
daSArha,3,0.21428571428571427,0.5,0.3333,8,0
daSAsya,3,0.42857142857142855,1.0,1.0,1,0
daSaSata,3,0.3333333333333333,-1.0,-1.0,2,0
daSagrIva,3,0.2727272727272727,0.5,0.3333,4,1
daSaka,3,0.1875,1.0,1.0,5,0
daSama,4,0.19047619047619047,1.0,1.0,7,1
daSamuKa,4,0.4,1.0,1.0,3,1
daSanacCada,3,0.6,1.0,1.0,3,0
daSarAtra,3,0.2,0.5,0.3333,10,0
daSaraTa,3,0.17647058823529413,1.0,1.0,7,1
daSasAhasra,3,1.0,-0.5,-0.3333,1,0
dah,12,0.14634146341463414,0.6853,0.5152,39,12
dahana,9,0.2727272727272727,0.95,0.8889,7,1
dakz,3,0.3,1.0,1.0,8,3
dakza,10,0.13157894736842105,0.2364,0.1556,45,13
dakziRA,5,0.1724137931034483,0.7,0.6,21,0
dakziRAgra,3,0.3333333333333333,1.0,1.0,5,0
dakziRApaTa,7,0.35,0.8571,0.7143,9,0
dakziRArDa,4,0.5,1.0,1.0,5,0
dakziRIya,3,0.23076923076923078,1.0,1.0,5,0
dakziRa,11,0.15492957746478872,0.8091,0.6364,20,11
dal,8,0.25806451612903225,0.6667,0.5,11,0
dala,6,0.18181818181818182,1.0,1.0,6,3
dalana,3,0.23076923076923078,-0.5,-0.3333,7,0
dam,3,0.08571428571428572,0.5,0.3333,15,4
dama,4,0.1111111111111111,0.4,0.3333,7,5
damana,4,0.12121212121212122,1.0,1.0,6,1
damya,5,0.35714285714285715,1.0,1.0,5,0
dandaSUka,4,0.26666666666666666,1.0,1.0,6,0
danta,7,0.18421052631578946,1.0,1.0,8,0
dantaBaNga,3,0.75,1.0,1.0,3,0
dantaDAvana,5,0.19230769230769232,0.3,0.2,7,0
dantavezwa,3,1.0,-1.0,-1.0,2,0
danu,4,0.4,1.0,1.0,4,2
darBa,4,0.14285714285714285,-0.4,-0.3333,6,2
darImuKa,3,0.42857142857142855,1.0,1.0,1,1
darSa,5,0.16129032258064516,-0.1,0.0,5,2
darSaka,3,0.14285714285714285,0.5,0.3333,5,2
darSanIya,5,0.20833333333333334,0.9,0.8,8,0
darSana,15,0.22727272727272727,0.4857,0.3524,34,4
darSin,7,0.2916666666666667,0.7143,0.5238,8,1
darada,3,0.17647058823529413,1.0,1.0,8,0
dardura,6,0.20689655172413793,1.0,1.0,7,0
daridra,5,0.22727272727272727,-0.3,-0.2,5,1
daridratA,4,0.8,0.4,0.3333,3,0
darpa,3,0.1111111111111111,0.5,0.3333,3,0
darpaRa,3,0.08823529411764706,1.0,1.0,2,1
das,3,0.15789473684210525,-0.5,-0.3333,7,4
dasra,3,0.15789473684210525,-0.5,-0.3333,2,1
dattAtreya,3,0.25,1.0,1.0,7,0
datta,4,0.14814814814814814,0.8,0.6667,11,1
davAgni,3,0.375,1.0,1.0,3,0
day,6,0.15789473684210525,-0.1429,-0.0667,17,4
dayA,7,0.3684210526315789,0.7143,0.5238,10,1
deSa,7,0.22580645161290322,0.8929,0.8095,11,2
deSaja,3,1.0,0.5,0.3333,2,2
deSya,4,0.19047619047619047,-0.2,0.0,1,1
devAnIka,3,0.42857142857142855,1.0,1.0,2,0
deva,7,0.09722222222222222,0.8214,0.619,20,13
devadarSin,3,0.75,1.0,1.0,1,1
devadatta,3,0.0967741935483871,1.0,1.0,1,0
devadeva,3,0.2727272727272727,1.0,1.0,0,1
devaganDarva,3,0.42857142857142855,1.0,1.0,2,0
devagfha,4,0.26666666666666666,1.0,1.0,3,0
devaguhya,3,1.0,1.0,1.0,2,0
devaheqana,3,0.6,0.5,0.3333,3,0
devaka,4,0.12903225806451613,1.0,1.0,5,1
devala,4,0.11428571428571428,0.0,0.0,7,1
devana,3,0.16666666666666666,1.0,1.0,2,0
devarAja,3,0.2,1.0,1.0,1,0
devarAjya,3,1.0,1.0,1.0,2,0
devarakzita,3,0.75,1.0,1.0,0,0
devatA,3,0.0967741935483871,1.0,1.0,5,1
devavrata,4,0.3076923076923077,1.0,1.0,3,1
devayAna,3,0.125,1.0,1.0,6,2
deya,5,0.25,0.9,0.8,5,2
dfQamuzwi,3,0.375,-1.0,-1.0,1,2
dfS,3,0.061224489795918366,-0.5,-0.3333,68,0
dfSya,3,0.10714285714285714,1.0,1.0,4,1
dfzwi,3,0.07317073170731707,-0.5,-0.3333,7,0
diS,13,0.11926605504587157,0.8736,0.7436,49,26
digambara,3,0.13636363636363635,1.0,1.0,2,0
dih,4,0.07017543859649122,0.4,0.3333,17,6
dina,3,0.125,1.0,1.0,6,0
dineSvara,3,1.0,1.0,1.0,2,0
diti,5,0.2631578947368421,1.0,1.0,4,3
div,5,0.08333333333333333,0.0,-0.2,52,26
divAkara,4,0.16666666666666666,0.8,0.6667,2,0
divicArin,3,1.0,1.0,1.0,2,1
divizad,5,0.625,1.0,1.0,3,0
divodAsa,4,0.25,1.0,1.0,6,1
divya,8,0.1951219512195122,0.9762,0.9286,10,0
dohada,5,0.3125,0.8,0.6,5,2
dohana,3,0.15789473684210525,1.0,1.0,4,0
dos,5,0.23809523809523808,0.7,0.6,6,2
doza,3,0.05660377358490566,0.5,0.3333,10,6
drA,4,0.1111111111111111,0.8,0.6667,9,6
drApi,3,0.6,0.5,0.3333,2,0
drAviqa,3,0.15789473684210525,1.0,1.0,3,0
drORi,3,0.25,1.0,1.0,2,0
dram,3,0.6,1.0,1.0,2,0
dravIBU,3,0.6,-0.5,-0.3333,2,1
drava,6,0.18181818181818182,0.9429,0.8667,4,3
draviRa,5,0.16129032258064516,0.9,0.8,8,3
dravya,4,0.09302325581395349,0.8,0.6667,6,2
drazwavya,3,0.15789473684210525,0.5,0.3333,3,1
droRa,5,0.09090909090909091,1.0,1.0,8,2
dru,10,0.125,0.7333,0.6,27,11
druh,5,0.15151515151515152,-0.3,-0.2,24,5
drupada,4,0.2222222222222222,1.0,1.0,4,0
du,6,0.17142857142857143,0.4286,0.4667,20,6
duHKa,6,0.14634146341463414,-0.3143,-0.2,7,6
duHSIla,3,0.3333333333333333,1.0,1.0,1,0
duScara,3,0.2,-0.5,-0.3333,3,0
duScarita,3,0.1875,1.0,1.0,3,0
duScarman,3,0.42857142857142855,1.0,1.0,2,0
duh,5,0.1,0.9,0.8,41,15
dukUla,4,0.14814814814814814,1.0,1.0,3,0
dunduBi,6,0.14634146341463414,-0.0286,0.0667,6,0
durBaga,4,0.21052631578947367,1.0,1.0,5,1
duranvaya,3,0.42857142857142855,0.5,0.3333,1,0
durdama,3,0.3333333333333333,1.0,1.0,1,0
durdarSa,3,0.3,1.0,1.0,4,0
durdina,4,0.21052631578947367,0.8,0.6667,4,0
durgama,3,0.17647058823529413,1.0,1.0,2,0
durganDa,3,0.2727272727272727,0.5,0.3333,1,0
durgraha,4,0.4,1.0,1.0,4,0
durjAta,3,0.25,1.0,1.0,1,0
durmati,5,0.20833333333333334,0.9,0.8,4,4
durmuKa,5,0.2,0.6,0.4,4,0
durnIta,3,1.0,-0.5,-0.3333,2,1
duz,3,0.046153846153846156,0.5,0.3333,7,12
duzkara,3,0.125,1.0,1.0,5,0
duzkula,5,0.4166666666666667,1.0,1.0,3,0
duzpraveSa,3,0.5,1.0,1.0,1,0
dvApara,4,0.19047619047619047,1.0,1.0,8,0
dvAra,3,0.061224489795918366,0.5,0.3333,6,1
dvEDIBAva,3,0.2727272727272727,1.0,1.0,2,0
dvEraTa,3,0.6,1.0,1.0,3,0
dvIpa,4,0.12121212121212122,0.8,0.6667,11,2
dvIpin,3,0.23076923076923078,0.5,0.3333,2,0
dvaMdva,4,0.08888888888888889,1.0,1.0,10,3
dvaya,5,0.18518518518518517,1.0,1.0,6,0
dvezin,3,0.1875,-1.0,-1.0,3,2
dvija,4,0.16666666666666666,0.8,0.6667,5,1
dvijihva,4,0.2,1.0,1.0,2,1
dvimUrDan,3,0.42857142857142855,-0.5,-0.3333,2,1
dvipada,3,0.13636363636363635,-1.0,-1.0,2,3
dviz,3,0.06818181818181818,1.0,1.0,23,12
dyotana,3,0.15,1.0,1.0,2,3
dyumna,4,0.19047619047619047,1.0,1.0,4,1
dyut,6,0.13636363636363635,0.9429,0.8667,18,9
dyuti,3,0.13636363636363635,-0.5,-0.3333,4,2
eD,4,0.13793103448275862,0.8,0.6667,10,3
eRa,3,0.21428571428571427,-1.0,-1.0,3,0
ekAdaSa,3,0.16666666666666666,1.0,1.0,5,0
ekAdaSaka,3,0.6,0.5,0.3333,1,0
ekAkzara,3,0.23076923076923078,-0.5,-0.3333,3,2
ekAnaMSA,3,0.375,1.0,1.0,1,1
ekAnta,4,0.1111111111111111,0.4,0.3333,5,0
ekArTa,3,0.21428571428571427,1.0,1.0,4,0
eka,7,0.12727272727272726,0.6071,0.5238,22,4
ekaDA,3,0.375,1.0,1.0,1,3
ekaSaPa,3,0.1875,1.0,1.0,3,0
ekacakra,3,0.2727272727272727,1.0,1.0,3,0
ekacitta,6,0.75,0.7714,0.6,3,1
ekadA,4,0.4,1.0,1.0,2,0
ekadeSa,4,0.2222222222222222,1.0,1.0,3,0
ekamati,3,0.6,1.0,1.0,2,0
ekata,3,0.3,0.5,0.3333,2,0
ekatra,6,0.375,0.9429,0.8667,5,1
ekaviMSa,3,0.2,1.0,1.0,6,0
elA,3,0.25,0.5,0.3333,1,2
eta,4,0.17391304347826086,0.4,0.3333,4,1
etad,3,0.07692307692307693,1.0,1.0,11,5
eva,5,0.1724137931034483,0.3,0.2,24,6
ezaRa,3,0.2,1.0,1.0,0,0
ezya,3,0.75,1.0,1.0,2,2
fRa,5,0.13513513513513514,0.7,0.6,15,4
fRin,4,1.0,1.0,1.0,2,0
fceyu,3,1.0,1.0,1.0,1,0
fdDi,5,0.15625,0.9,0.8,7,0
fjIza,5,0.2631578947368421,0.4,0.4,4,1
fju,5,0.17857142857142858,0.4,0.4,14,2
fkza,8,0.21052631578947367,0.7381,0.6429,15,3
ftAvan,3,0.5,0.5,0.3333,3,3
fta,9,0.2727272727272727,0.45,0.4444,14,6
ftaDAman,3,0.5,1.0,1.0,1,0
fte,3,0.1111111111111111,1.0,1.0,2,0
ftu,6,0.13953488372093023,0.9429,0.8667,16,2
ftviya,3,0.3333333333333333,0.5,0.3333,4,2
fzaBa,6,0.13636363636363635,0.9429,0.8667,8,5
fzi,7,0.13725490196078433,0.9643,0.9048,22,4
gA,8,0.0963855421686747,0.3333,0.5,29,28
gADa,4,0.17391304347826086,0.4,0.3333,5,0
gADi,3,0.375,1.0,1.0,5,0
gANga,4,0.3076923076923077,0.8,0.6667,1,1
gANgeya,3,0.15789473684210525,0.5,0.3333,3,1
gAQa,3,0.13636363636363635,0.5,0.3333,1,0
gARapatya,3,0.3,-0.5,-0.3333,3,1
gARqIva,3,0.2,1.0,1.0,3,0
gARqIvaDanvan,3,1.0,1.0,1.0,2,0
gAh,4,0.0851063829787234,1.0,1.0,10,15
gAlava,3,0.12,-0.5,-0.3333,3,0
gAmBIrya,6,0.46153846153846156,0.7714,0.6,2,0
gAmin,7,0.25925925925925924,0.4286,0.3333,7,0
gAnDAra,3,0.10344827586206896,1.0,1.0,9,4
gAnDarva,5,0.14285714285714285,0.5,0.4,9,3
gAna,3,0.2727272727272727,1.0,1.0,3,0
gArdaBa,3,0.75,1.0,1.0,2,0
gArgya,5,0.1724137931034483,0.6,0.4,7,0
gArhapatya,3,0.15,1.0,1.0,5,1
gAruqa,3,0.16666666666666666,1.0,1.0,1,0
gAtra,6,0.14634146341463414,0.0857,0.0667,7,0
gAtu,4,0.36363636363636365,0.8,0.6667,6,3
gAyaka,3,0.3333333333333333,1.0,1.0,3,0
gAyatra,3,0.09375,1.0,1.0,4,2
gErika,3,0.25,1.0,1.0,3,1
gItaka,4,0.4,1.0,1.0,2,0
gORa,3,0.21428571428571427,1.0,1.0,2,0
gOpatya,3,1.0,1.0,1.0,2,0
gOqa,7,0.22580645161290322,0.5,0.3333,10,2
gOra,5,0.08620689655172414,1.0,1.0,2,3
gOrava,4,0.125,0.8,0.6667,5,1
gOtama,6,0.16216216216216217,0.6571,0.6,15,1
ga,5,0.20833333333333334,1.0,1.0,7,1
gaBIra,6,0.17647058823529413,0.6571,0.6,5,2
gaBasti,5,0.2631578947368421,0.0,0.2,4,1
gaNgA,4,0.14814814814814814,0.8,0.6667,9,0
gaRa,7,0.15555555555555556,-0.2143,-0.1429,10,6
gaRaka,4,0.2857142857142857,1.0,1.0,3,0
gaReSvara,3,0.75,1.0,1.0,1,0
gaRikA,3,0.13636363636363635,-0.5,-0.3333,3,0
gaRqUza,4,0.14814814814814814,0.8,0.6667,4,0
gaRqa,8,0.16,0.8333,0.7143,11,3
gaRqaBitti,3,1.0,-0.5,-0.3333,2,0
gaRqaSEla,3,0.3,1.0,1.0,3,0
gaRqasTala,3,0.3333333333333333,-1.0,-1.0,1,0
gad,4,0.11428571428571428,-0.4,-0.3333,5,1
gadA,3,0.17647058823529413,1.0,1.0,2,0
gada,4,0.23529411764705882,1.0,1.0,3,0
gadya,4,0.3333333333333333,0.8,0.6667,2,0
gahana,4,0.13333333333333333,1.0,1.0,4,2
gahvara,8,0.3333333333333333,-0.2143,-0.0714,5,3
gaja,4,0.13333333333333333,0.4,0.3333,1,1
gal,9,0.20454545454545456,0.5167,0.5556,13,5
galagaRqa,3,0.6,1.0,1.0,1,0
gam,14,0.1111111111111111,0.4769,0.3846,87,79
gamana,4,0.17391304347826086,0.8,0.6667,6,3
gamya,4,0.11764705882352941,0.4,0.3333,4,3
ganDa,8,0.16326530612244897,0.5476,0.3571,10,1
ganDadvipa,3,1.0,1.0,1.0,2,0
ganDamAdana,3,0.15789473684210525,1.0,1.0,3,0
ganDarva,13,0.19696969696969696,0.6374,0.5897,70,11
ganDarvanagara,3,0.23076923076923078,1.0,1.0,6,0
ganDatEla,3,1.0,-0.5,-0.3333,2,0
ganDi,3,0.23076923076923078,1.0,1.0,2,0
ganDin,4,0.4444444444444444,1.0,1.0,3,0
gantavya,5,0.23809523809523808,1.0,1.0,5,1
garBADAna,3,0.2,-0.5,-0.3333,5,0
garBa,6,0.10526315789473684,0.9429,0.8667,14,4
garBagfha,3,0.23076923076923078,1.0,1.0,3,0
garBasTa,4,1.0,-0.2,0.0,3,0
garBavAsa,3,0.6,1.0,1.0,3,0
garBin,3,0.125,1.0,1.0,7,1
garDin,3,0.5,1.0,1.0,3,1
garIyastva,3,0.6,-0.5,-0.3333,2,0
gara,3,0.11538461538461539,1.0,1.0,7,2
garala,3,0.3333333333333333,1.0,1.0,2,0
garga,4,0.11764705882352941,0.8,0.6667,6,1
gargara,3,0.16666666666666666,1.0,1.0,2,0
garhA,3,0.375,1.0,1.0,2,0
garhaRa,4,0.4444444444444444,-0.2,0.0,2,0
gariman,5,0.4166666666666667,0.9,0.8,4,0
garj,4,0.14814814814814814,-0.2,0.0,6,5
garmut,3,0.3333333333333333,1.0,1.0,1,1
garta,4,0.11764705882352941,0.8,0.6667,5,2
garuqa,4,0.18181818181818182,0.8,0.6667,10,3
garva,3,0.2,-0.5,-0.3333,2,0
gatAgata,3,0.21428571428571427,1.0,1.0,1,0
gatAyus,4,1.0,1.0,1.0,3,0
gati,14,0.2,0.7758,0.7363,23,4
gavAkza,5,0.19230769230769232,0.4,0.4,7,1
gavAkzaka,3,0.6,1.0,1.0,3,0
gavaya,3,0.125,1.0,1.0,6,1
gavezaRa,5,0.5555555555555556,1.0,1.0,3,0
gavezin,3,0.75,0.5,0.3333,2,0
gavyUti,4,0.2,1.0,1.0,8,1
gavya,3,0.1,-0.5,-0.3333,9,2
gaya,5,0.15625,1.0,1.0,17,2
geya,6,0.2727272727272727,1.0,1.0,5,0
gfDnu,3,0.21428571428571427,1.0,1.0,2,0
gfDra,4,0.12121212121212122,0.8,0.6667,7,1
gfDrakUwa,3,0.375,0.5,0.3333,1,0
gfha,4,0.10810810810810811,1.0,1.0,7,2
gfhameDin,5,0.22727272727272727,1.0,1.0,7,1
gfhapati,4,0.13333333333333333,1.0,1.0,11,0
gfhya,7,0.16666666666666666,0.1786,0.1429,11,4
gftsa,3,0.6,1.0,1.0,1,2
gftsamada,3,0.2,1.0,1.0,10,1
gfzwi,3,0.15,1.0,1.0,4,0
gir,4,0.13333333333333333,0.2,0.0,8,2
giri,6,0.1935483870967742,0.1429,0.0667,8,2
giriSa,3,0.2,1.0,1.0,2,2
girivraja,3,0.5,1.0,1.0,3,0
glAni,3,0.15,1.0,1.0,2,1
glO,3,0.16666666666666666,1.0,1.0,1,2
glaha,4,0.2857142857142857,-0.6,-0.3333,6,0
go,12,0.16901408450704225,0.9161,0.8182,31,9
goDA,5,0.21739130434782608,1.0,1.0,4,1
goDUma,3,0.14285714285714285,1.0,1.0,4,0
goDana,3,0.3333333333333333,1.0,1.0,3,1
goGna,3,0.2727272727272727,1.0,1.0,4,0
goSfNga,4,0.4444444444444444,0.4,0.3333,3,0
gocara,5,0.1111111111111111,1.0,1.0,6,4
godAna,5,0.23809523809523808,0.9,0.8,9,1
godAvarI,4,0.2857142857142857,1.0,1.0,3,0
gokarRa,5,0.20833333333333334,0.4,0.4,5,0
gola,3,0.11538461538461539,-0.5,-0.3333,4,1
golaka,5,0.14285714285714285,-0.6,-0.4,3,1
goloka,3,0.2727272727272727,0.5,0.3333,3,1
gomAyu,4,0.16,1.0,1.0,2,0
gomaya,3,0.13043478260869565,1.0,1.0,4,1
gomuKa,5,0.22727272727272727,0.7,0.6,3,0
gopA,3,0.23076923076923078,0.5,0.3333,6,2
gopAla,7,0.21212121212121213,0.6786,0.5238,3,0
gopAyana,3,0.375,1.0,1.0,2,0
gopITa,4,0.3076923076923077,-0.4,-0.3333,6,0
gopa,3,0.075,1.0,1.0,4,0
gopana,3,0.23076923076923078,1.0,1.0,3,0
gopati,5,0.23809523809523808,0.2,0.2,9,1
gopratAra,3,0.75,0.5,0.3333,2,0
gopucCa,3,0.2,-0.5,-0.3333,4,0
gopura,3,0.2,1.0,1.0,4,0
gopya,5,0.35714285714285715,0.6,0.4,2,0
gorasa,4,0.3333333333333333,1.0,1.0,4,0
gotama,3,0.10714285714285714,0.5,0.3333,5,0
gotra,4,0.09302325581395349,-0.2,0.0,7,2
gotraBid,3,0.2727272727272727,1.0,1.0,4,0
govarDana,4,0.15384615384615385,1.0,1.0,5,0
govinda,3,0.13636363636363635,0.5,0.3333,3,2
govraja,3,0.6,1.0,1.0,3,0
gozWa,4,0.09523809523809523,1.0,1.0,3,2
grAha,6,0.23076923076923078,0.9429,0.8667,4,2
grAhaka,9,0.3103448275862069,0.2833,0.3333,6,1
grAhin,6,0.24,0.9429,0.8667,4,1
grAhya,8,0.21052631578947367,0.8333,0.6429,12,2
grAma,4,0.09302325581395349,0.8,0.6667,11,2
grAmaRI,6,0.24,0.8286,0.7333,8,3
grAmavAsin,3,0.42857142857142855,0.5,0.3333,2,0
grAmya,7,0.15555555555555556,0.6071,0.5238,12,4
grAmyaDarma,4,0.4,-0.2,0.0,4,0
grAsa,4,0.14814814814814814,0.8,0.6667,4,1
grAvan,7,0.2692307692307692,1.0,1.0,7,1
grEveya,3,0.375,-0.5,-0.3333,3,0
grEzma,3,0.3,1.0,1.0,3,0
grIvA,3,0.12,1.0,1.0,3,1
grIzma,5,0.20833333333333334,1.0,1.0,5,0
graT,8,0.21621621621621623,-0.0952,0.0,10,3
graTana,4,0.6666666666666666,1.0,1.0,2,0
graha,15,0.2112676056338028,0.9429,0.8476,37,8
grahaRa,17,0.30357142857142855,0.8309,0.75,22,3
granTa,3,0.1,-0.5,-0.3333,5,1
granTi,11,0.2894736842105263,0.5455,0.4545,8,7
granTika,3,0.2727272727272727,0.5,0.3333,2,1
gras,4,0.0975609756097561,-0.2,0.0,14,5
gu,4,0.25,1.0,1.0,3,1
guRa,16,0.1951219512195122,0.5206,0.45,60,6
guRajYa,3,0.5,-0.5,-0.3333,3,0
guRavattA,3,0.75,1.0,1.0,2,0
guda,4,0.2,1.0,1.0,3,0
guggulu,5,0.20833333333333334,1.0,1.0,5,0
guh,4,0.08163265306122448,-0.8,-0.6667,12,5
guhA,5,0.1724137931034483,1.0,1.0,7,2
guha,4,0.16666666666666666,1.0,1.0,5,1
guhya,6,0.16666666666666666,0.8857,0.7333,4,1
guhyaka,4,0.2,1.0,1.0,3,0
gulPa,5,0.3125,1.0,1.0,4,0
gulma,5,0.1724137931034483,0.7,0.6,8,0
gup,6,0.10344827586206896,0.9429,0.8667,18,5
gupti,6,0.2,0.7714,0.6,6,2
guqa,4,0.14285714285714285,1.0,1.0,4,1
guru,13,0.19402985074626866,0.6923,0.5128,18,6
guruka,3,1.0,1.0,1.0,1,0
gurulAGava,3,0.3333333333333333,-0.5,-0.3333,3,0
gurutA,5,0.7142857142857143,1.0,1.0,1,0
gurutva,4,0.4,0.8,0.6667,2,0
guwikA,3,0.3333333333333333,1.0,1.0,0,0
hA,12,0.10909090909090909,0.6014,0.4242,66,18
hAni,3,0.07894736842105263,1.0,1.0,4,0
hArIta,4,0.15384615384615385,1.0,1.0,3,0
hAraka,3,0.1875,1.0,1.0,0,2
hArda,3,0.2,1.0,1.0,3,1
hArdikya,3,1.0,1.0,1.0,1,0
hArin,3,0.0967741935483871,1.0,1.0,5,2
hArita,3,0.16666666666666666,1.0,1.0,4,1
hArya,6,0.2727272727272727,0.6571,0.6,3,0
hAsa,4,0.13333333333333333,1.0,1.0,3,1
hEhaya,3,0.2,0.5,0.3333,5,0
hEmavata,4,0.13793103448275862,1.0,1.0,2,2
hEraRya,3,0.5,1.0,1.0,1,0
hEtuka,3,0.25,0.5,0.3333,4,1
hEyaMgavIna,3,0.3,1.0,1.0,2,0
haMsa,4,0.05063291139240506,1.0,1.0,16,4
haWa,4,0.16,1.0,1.0,5,0
halin,3,0.23076923076923078,1.0,1.0,1,0
hamm,3,0.75,-0.5,-0.3333,1,0
han,9,0.06666666666666667,0.65,0.4444,44,27
hanana,4,0.3076923076923077,1.0,1.0,3,0
hara,3,0.06,-0.5,-0.3333,4,2
haraRa,3,0.07894736842105263,-0.5,-0.3333,8,0
hari,5,0.078125,0.0,0.2,20,4
hariSmaSru,3,0.5,1.0,1.0,2,0
haricandana,5,0.19230769230769232,-0.5,-0.2,4,1
harihara,3,0.15789473684210525,1.0,1.0,3,0
harikeSa,3,0.3,1.0,1.0,3,1
harit,4,0.1111111111111111,-0.2,0.0,6,3
harita,4,0.06666666666666667,-0.2,0.0,2,2
hary,3,0.3,0.5,0.3333,3,1
haryaSva,3,0.21428571428571427,1.0,1.0,6,0
haryakza,3,0.1875,1.0,1.0,2,0
harza,3,0.07894736842105263,1.0,1.0,4,0
harzaRa,4,0.23529411764705882,1.0,1.0,5,1
harzin,3,0.6,0.5,0.3333,1,0
has,5,0.08333333333333333,0.9,0.8,14,2
hasana,4,0.36363636363636365,1.0,1.0,1,0
hasta,5,0.07042253521126761,0.3,0.2,7,1
hastin,4,0.08333333333333333,1.0,1.0,5,0
hastipa,3,0.5,1.0,1.0,3,0
hatOjas,3,1.0,1.0,1.0,1,0
hati,3,0.3,1.0,1.0,2,1
havana,3,0.21428571428571427,1.0,1.0,3,0
havirDAna,4,0.18181818181818182,1.0,1.0,5,0
havya,4,0.17391304347826086,1.0,1.0,3,0
havyavAha,3,0.3333333333333333,-0.5,-0.3333,2,0
havyavAhana,4,0.16666666666666666,1.0,1.0,4,0
haya,4,0.10526315789473684,0.4,0.3333,2,1
hayaSiras,3,0.3333333333333333,0.5,0.3333,3,1
hayagrIva,5,0.25,0.3,0.2,2,0
helA,3,0.0967741935483871,1.0,1.0,4,2
hemakUwa,3,0.25,1.0,1.0,2,0
heman,6,0.18181818181818182,0.5429,0.4667,4,1
heramba,3,0.21428571428571427,1.0,1.0,1,0
hetu,5,0.08771929824561403,0.6,0.4,16,1
hetuka,5,0.22727272727272727,1.0,1.0,4,0
hez,4,0.26666666666666666,0.4,0.3333,6,0
hfdaya,3,0.057692307692307696,1.0,1.0,5,0
hfdayaMgama,3,0.21428571428571427,1.0,1.0,1,0
hi,5,0.078125,0.7,0.6,32,4
hiMs,3,0.08823529411764706,0.5,0.3333,12,1
hiMsra,3,0.10344827586206896,0.5,0.3333,0,1
hiNgu,3,0.17647058823529413,0.5,0.3333,3,1
hikk,3,0.42857142857142855,1.0,1.0,4,0
hikkA,3,0.3,0.5,0.3333,2,0
hiraRya,5,0.1282051282051282,0.7,0.6,7,4
hiraRyagarBa,5,0.15151515151515152,0.5,0.4,3,0
hiraRyajyotis,3,0.5,1.0,1.0,2,1
hiraRyakaSipu,4,0.23529411764705882,1.0,1.0,8,0
hiraRyanABa,3,0.23076923076923078,-0.5,-0.3333,2,0
hiraRyaparRa,3,0.42857142857142855,-1.0,-1.0,3,0
hiraRyapura,3,0.42857142857142855,1.0,1.0,2,0
hiraRyaroman,3,0.5,1.0,1.0,2,0
hiraRyavarRa,3,0.23076923076923078,0.5,0.3333,4,0
hita,3,0.07894736842105263,1.0,1.0,6,8
hlAd,5,0.20833333333333334,0.9,0.8,7,0
hlAdana,4,0.5714285714285714,1.0,1.0,3,0
hnu,3,0.08108108108108109,0.5,0.3333,8,3
hotra,3,0.16666666666666666,-0.5,-0.3333,6,1
hrAda,4,0.25,1.0,1.0,3,1
hrAsa,3,0.1875,1.0,1.0,2,0
hrI,4,0.10526315789473684,0.8,0.6667,8,0
hradin,3,0.3333333333333333,1.0,1.0,2,0
hu,6,0.10714285714285714,0.3714,0.3333,23,9
i,8,0.058394160583941604,0.5952,0.5,55,122
iNg,3,0.25,1.0,1.0,5,0
iNgita,4,0.2857142857142857,0.8,0.6667,5,1
iNguda,4,0.3333333333333333,0.8,0.6667,4,2
icCA,3,0.14285714285714285,1.0,1.0,3,0
icCu,3,0.375,1.0,1.0,3,0
idam,4,0.10810810810810811,1.0,1.0,21,10
ikzu,7,0.3684210526315789,0.6786,0.5238,4,1
ikzumatI,3,0.6,1.0,1.0,2,0
ikzvAku,8,0.3333333333333333,0.9286,0.8571,6,2
il,4,0.3076923076923077,-0.6,-0.3333,10,8
ilvala,3,0.3,1.0,1.0,2,0
inDana,3,0.17647058823529413,-0.5,-0.3333,4,1
ind,3,0.75,0.5,0.3333,4,0
indIvara,5,0.2631578947368421,0.7,0.6,3,2
indrARI,6,0.2727272727272727,0.1429,0.3333,4,0
indra,9,0.1836734693877551,0.7,0.6111,18,3
indrajAla,6,0.5454545454545454,1.0,1.0,4,0
indriyArTa,3,0.3333333333333333,1.0,1.0,3,0
indriya,6,0.13333333333333333,0.7714,0.6,22,10
indu,5,0.16666666666666666,1.0,1.0,8,5
iqA,4,0.11764705882352941,0.4,0.3333,12,10
iriRa,5,0.25,1.0,1.0,6,1
itTam,3,0.15,1.0,1.0,6,0
itara,5,0.11904761904761904,0.9,0.8,12,2
itarajana,3,0.23076923076923078,1.0,1.0,4,2
itas,4,0.10526315789473684,0.6,0.3333,8,2
iz,10,0.14084507042253522,0.9515,0.8667,56,30
izIkA,5,0.25,1.0,1.0,6,0
iza,3,0.25,1.0,1.0,3,0
izu,4,0.13793103448275862,0.8,0.6667,7,2
izuDi,3,0.25,1.0,1.0,3,0
izvAsa,3,0.375,0.5,0.3333,2,0
izwApUrta,3,0.15789473684210525,1.0,1.0,5,2
izwa,5,0.12195121951219512,0.7,0.6,14,3
izwi,3,0.1111111111111111,1.0,1.0,8,4
jANgala,4,0.2222222222222222,0.6,0.3333,5,0
jAWara,3,0.42857142857142855,1.0,1.0,3,1
jAbAli,3,0.21428571428571427,1.0,1.0,5,0
jAgarUka,4,0.25,1.0,1.0,6,0
jAgara,3,0.15789473684210525,1.0,1.0,2,0
jAgaraRa,3,0.3,1.0,1.0,3,0
jAgata,3,0.2,1.0,1.0,3,1
jAgfvi,3,0.25,-0.5,-0.3333,3,3
jAjali,3,0.3,1.0,1.0,6,0
jAla,7,0.12280701754385964,0.6071,0.5238,12,1
jAlaka,8,0.3076923076923077,0.6667,0.5,6,1
jAlapAda,3,0.25,1.0,1.0,4,0
jAlma,4,0.25,-0.2,0.0,5,0
jAmadagnya,4,0.2222222222222222,0.4,0.3333,6,0
jAmbUnada,4,0.2857142857142857,1.0,1.0,5,1
jAmbUnadamaya,4,1.0,1.0,1.0,3,1
jAmbava,3,0.3333333333333333,-0.5,-0.3333,1,1
jAmi,8,0.2857142857142857,0.0476,0.1429,11,7
jAnapada,4,0.25,-0.2,0.0,6,0
jAnu,3,0.1111111111111111,0.5,0.3333,6,0
jAqya,7,0.5,-0.1071,0.0476,4,0
jArUTI,3,1.0,1.0,1.0,0,1
jArUTya,3,0.42857142857142855,1.0,1.0,4,1
jAra,6,0.24,1.0,1.0,9,0
jAta,6,0.09090909090909091,-0.0857,-0.2,20,4
jAtaka,3,0.1111111111111111,1.0,1.0,6,2
jAtarUpa,4,0.23529411764705882,1.0,1.0,1,1
jAtavedas,4,0.2222222222222222,0.8,0.6667,6,5
jAti,10,0.18867924528301888,0.8424,0.7333,14,3
jAtismara,3,0.3333333333333333,1.0,1.0,4,0
jAtu,3,0.1,1.0,1.0,7,1
jAtuza,4,0.5714285714285714,0.8,0.6667,1,0
jAtya,5,0.21739130434782608,0.9,0.8,6,0
jEmini,4,0.16,-0.4,-0.3333,11,0
jEtra,4,0.18181818181818182,1.0,1.0,8,0
jImUta,6,0.20689655172413793,0.9429,0.8667,4,0
jIv,7,0.12280701754385964,0.8214,0.7143,41,11
jIva,7,0.125,0.4643,0.5238,13,5
jIvaka,4,0.13333333333333333,1.0,1.0,4,1
jIvana,5,0.12195121951219512,0.0,-0.2,11,2
jIvaputra,4,0.36363636363636365,-0.8,-0.6667,5,0
jIvin,4,0.26666666666666666,-0.6,-0.3333,4,0
jIvita,8,0.2857142857142857,0.7143,0.5714,5,0
jIvitavya,3,0.75,1.0,1.0,2,0
jU,4,0.14814814814814814,0.8,0.6667,13,8
jUrv,3,0.6,1.0,1.0,2,0
jYA,9,0.09,0.6333,0.5556,39,34
jYAnin,4,0.25,0.4,0.3333,4,0
jYApaka,5,0.20833333333333334,-0.5,-0.2,4,3
jYAtavya,3,0.375,1.0,1.0,2,0
jYa,4,0.10256410256410256,1.0,1.0,12,0
jYeya,4,0.2,0.0,0.0,5,0
jaB,6,0.3333333333333333,0.7714,0.6,6,1
jaGana,6,0.20689655172413793,0.8857,0.7333,6,2
jaGanya,7,0.25,1.0,1.0,8,2
jaNgama,3,0.14285714285714285,1.0,1.0,6,1
jaWara,8,0.2,0.4762,0.5,4,6
jagadISvara,4,0.5,1.0,1.0,2,0
jagadguru,3,0.42857142857142855,1.0,1.0,1,0
jagannATa,3,0.16666666666666666,1.0,1.0,4,2
jagat,7,0.1320754716981132,0.1429,0.0476,6,4
jagatpati,4,0.3333333333333333,1.0,1.0,3,0
jahnu,3,0.16666666666666666,1.0,1.0,10,2
jahnukanyA,4,0.6666666666666666,0.8,0.6667,3,0
jalAYjali,3,0.42857142857142855,1.0,1.0,4,0
jalOkas,3,0.3333333333333333,1.0,1.0,4,0
jala,3,0.09375,-0.5,-0.3333,3,0
jalacara,3,0.5,1.0,1.0,3,0
jalada,4,0.26666666666666666,1.0,1.0,3,0
jalaja,6,0.2608695652173913,0.9429,0.8667,12,1
jalakrIqA,3,0.5,1.0,1.0,3,0
jalakukkuwa,3,0.75,1.0,1.0,2,0
jalaniDi,4,0.36363636363636365,0.8,0.6667,4,0
jalarASi,3,1.0,1.0,1.0,1,0
jaleSaya,4,0.6666666666666666,0.8,0.6667,1,0
jaleSvara,3,0.375,1.0,1.0,1,0
jaleyu,3,0.6,1.0,1.0,3,0
jalp,4,0.13793103448275862,0.6,0.3333,7,0
jalpa,3,0.15,0.5,0.3333,8,0
jam,4,0.8,1.0,1.0,2,1
jamBa,6,0.2727272727272727,1.0,1.0,10,1
jamBaka,5,0.2777777777777778,0.9,0.8,3,2
jamBana,3,0.75,1.0,1.0,1,1
jamadagni,3,0.13043478260869565,-0.5,-0.3333,4,1
jambuka,3,0.2,1.0,1.0,2,0
jan,12,0.14814814814814814,-0.1469,-0.0909,67,30
janArdana,4,0.25,1.0,1.0,5,0
jana,5,0.10204081632653061,1.0,1.0,14,6
janaka,6,0.20689655172413793,0.4286,0.4667,12,0
janamejaya,3,0.14285714285714285,1.0,1.0,11,0
janana,4,0.11764705882352941,1.0,1.0,6,4
janasTAna,3,1.0,1.0,1.0,2,0
janatA,4,0.2222222222222222,1.0,1.0,5,1
janeSvara,3,1.0,1.0,1.0,2,0
janitra,6,0.4,1.0,1.0,8,3
janmAntara,4,0.4,1.0,1.0,3,0
janmaBUmi,4,0.5,0.8,0.6667,4,0
janman,8,0.2,0.9762,0.9286,14,1
jantu,4,0.125,0.2,0.0,11,0
janya,11,0.22,0.8909,0.7818,22,2
jap,5,0.1388888888888889,-0.5,-0.2,17,1
jaqa,6,0.13636363636363635,0.6,0.4667,9,4
jaqatA,3,0.3,1.0,1.0,2,0
jaqiman,3,0.3333333333333333,0.5,0.3333,2,0
jarAyu,3,0.16666666666666666,1.0,1.0,2,0
jarAyuja,3,0.3333333333333333,1.0,1.0,4,0
jaradgava,4,0.4,1.0,1.0,2,0
jaras,4,0.19047619047619047,0.8,0.6667,4,2
jarjara,4,0.16,-0.4,-0.3333,7,3
jatru,7,0.3684210526315789,0.6429,0.619,8,1
jatu,5,0.35714285714285715,1.0,1.0,6,0
javanikA,3,0.3333333333333333,1.0,1.0,2,0
jawADara,3,0.17647058823529413,1.0,1.0,2,0
jawila,7,0.21875,0.8929,0.8095,6,1
jawin,3,0.21428571428571427,1.0,1.0,3,0
jaya,5,0.09433962264150944,0.7,0.6,23,2
jayadraTa,4,0.6666666666666666,1.0,1.0,6,0
jayanta,4,0.10526315789473684,1.0,1.0,8,0
jayasena,3,0.42857142857142855,1.0,1.0,3,0
jayin,8,0.5333333333333333,0.881,0.7143,10,2
jetavya,3,0.6,1.0,1.0,1,0
jfmBa,3,0.15789473684210525,1.0,1.0,2,0
jfmBaRa,5,0.35714285714285715,1.0,1.0,6,0
ji,9,0.10714285714285714,-0.0167,0.0,39,17
jiGAMsu,6,0.5454545454545454,0.9429,0.8667,5,0
jiGfkzu,3,0.42857142857142855,1.0,1.0,2,0
jigIzA,3,0.23076923076923078,0.5,0.3333,3,1
jihma,6,0.17647058823529413,0.9429,0.8667,9,2
jijYAsA,4,0.26666666666666666,0.8,0.6667,3,0
jina,3,0.0967741935483871,-1.0,-1.0,5,0
jinv,3,0.21428571428571427,0.5,0.3333,20,3
jivri,3,0.3,-0.5,-0.3333,3,0
jizRu,6,0.20689655172413793,0.6,0.4667,4,0
jugupsA,3,0.3,1.0,1.0,2,0
juz,10,0.2777777777777778,0.697,0.5111,51,19
juzwi,3,0.42857142857142855,1.0,1.0,6,2
jvAlAjihva,3,0.6,-0.5,-0.3333,1,0
jvAla,3,0.13636363636363635,1.0,1.0,1,1
jval,6,0.1111111111111111,0.6571,0.6,11,3
jvalana,4,0.17391304347826086,0.8,0.6667,3,2
jyA,5,0.13513513513513514,0.9,0.8,11,4
jyApASa,3,1.0,1.0,1.0,2,0
jyezWasAman,3,0.42857142857142855,1.0,1.0,1,0
jyotIrasa,3,0.6,0.5,0.3333,2,1
jyotirvid,3,0.3333333333333333,0.5,0.3333,2,0
jyotis,12,0.2,0.8252,0.6364,27,4
jyotsnA,5,0.19230769230769232,0.8,0.6,3,0
jyut,3,0.2727272727272727,1.0,1.0,4,0
kAMsya,5,0.25,0.3,0.2,8,1
kANkz,6,0.2222222222222222,0.7714,0.6,6,6
kANkzA,3,0.5,0.5,0.3333,3,0
kANkzin,4,0.4444444444444444,0.4,0.3333,4,0
kARa,6,0.23076923076923078,0.8286,0.7333,8,2
kARqa,10,0.20408163265306123,0.6848,0.5556,11,2
kASa,4,0.14814814814814814,-0.6,-0.3333,4,2
kASi,4,0.15384615384615385,0.8,0.6667,5,0
kASipati,3,1.0,1.0,1.0,2,0
kASirAja,4,0.3076923076923077,1.0,1.0,2,0
kASmIra,4,0.14814814814814814,0.4,0.3333,3,0
kASmarI,4,0.6666666666666666,1.0,1.0,3,0
kASya,3,0.1875,1.0,1.0,6,0
kAYcI,4,0.15384615384615385,0.4,0.3333,6,0
kAYcana,7,0.20588235294117646,0.9643,0.9048,15,0
kAca,3,0.15789473684210525,1.0,1.0,2,2
kAdamba,5,0.3125,0.9,0.8,3,0
kAdraveya,4,0.19047619047619047,1.0,1.0,8,0
kAka,7,0.22580645161290322,0.9643,0.9048,9,0
kAkatAlIya,3,0.25,-0.5,-0.3333,0,2
kAkutsTa,3,0.3333333333333333,1.0,1.0,2,0
kAkza,3,0.3333333333333333,-0.5,-0.3333,2,0
kAlAnala,4,0.6666666666666666,0.8,0.6667,2,0
kAlIyaka,3,0.3,1.0,1.0,2,1
kAla,9,0.10588235294117647,0.85,0.7222,19,20
kAlaDarma,3,0.5,0.5,0.3333,2,0
kAlacakra,3,0.3,1.0,1.0,2,0
kAlaka,5,0.21739130434782608,0.0,0.2,0,0
kAlakaYja,4,0.5714285714285714,1.0,1.0,1,0
kAlakeya,3,1.0,1.0,1.0,2,0
kAlanemi,4,0.3333333333333333,0.8,0.6667,1,0
kAlarAtri,3,0.21428571428571427,0.5,0.3333,1,1
kAliNga,4,0.23529411764705882,0.4,0.3333,2,1
kAlika,3,0.07692307692307693,0.5,0.3333,1,4
kAliya,3,0.2727272727272727,-0.5,-0.3333,1,0
kAma,9,0.16071428571428573,0.9667,0.8889,20,5
kAmacAra,4,0.3076923076923077,1.0,1.0,4,1
kAmacArin,4,0.36363636363636365,1.0,1.0,2,2
kAmada,3,0.375,1.0,1.0,1,0
kAmaduGa,4,0.2222222222222222,0.8,0.6667,4,1
kAmaga,3,0.5,0.5,0.3333,1,1
kAmagama,3,0.5,1.0,1.0,1,0
kAmakAra,3,0.6,1.0,1.0,3,0
kAmam,7,0.19444444444444445,1.0,1.0,23,1
kAmarUpa,5,0.2631578947368421,1.0,1.0,3,0
kAmarUpin,3,0.21428571428571427,1.0,1.0,4,0
kAmatas,3,0.375,1.0,1.0,3,0
kAmboja,3,0.11538461538461539,1.0,1.0,5,0
kAmin,3,0.1,0.5,0.3333,5,3
kAmpilya,4,0.26666666666666666,-0.2,0.0,4,0
kAmuka,3,0.13636363636363635,1.0,1.0,2,2
kAmyA,3,0.17647058823529413,1.0,1.0,6,0
kAmya,7,0.1891891891891892,0.7857,0.7143,17,1
kAnIna,4,0.26666666666666666,1.0,1.0,6,2
kAnana,4,0.3333333333333333,-0.4,-0.3333,5,0
kAntAra,6,0.2727272727272727,0.7714,0.6,4,1
kAnti,7,0.2413793103448276,0.75,0.5238,7,0
kApAlika,4,0.21052631578947367,1.0,1.0,4,2
kApaTa,4,0.4,0.4,0.3333,4,0
kApila,4,0.25,1.0,1.0,4,1
kApuruza,5,0.7142857142857143,1.0,1.0,4,0
kArUza,3,0.2727272727272727,1.0,1.0,3,0
kAraRa,6,0.1276595744680851,0.7714,0.6,6,1
kArkaSya,3,0.6,0.5,0.3333,0,0
kArpaRya,3,0.2727272727272727,1.0,1.0,0,0
kArttika,3,0.11538461538461539,1.0,1.0,4,0
kAru,3,0.15,1.0,1.0,2,1
kAruRya,3,0.23076923076923078,-0.5,-0.3333,1,0
kArya,7,0.16279069767441862,0.8571,0.7143,7,1
kArzRa,5,0.38461538461538464,0.9,0.8,2,0
kAs,4,0.5714285714285714,0.4,0.3333,2,2
kAsAra,3,0.23076923076923078,-0.5,-0.3333,3,0
kAtara,6,0.2727272727272727,-0.0286,-0.0667,6,0
kAtarya,3,1.0,1.0,1.0,2,0
kAtyAyana,3,0.11538461538461539,1.0,1.0,3,0
kAvya,8,0.24242424242424243,0.9286,0.7857,13,2
kAya,4,0.09302325581395349,1.0,1.0,6,0
kAzAya,4,0.23529411764705882,1.0,1.0,4,0
kAzWA,6,0.18181818181818182,0.5429,0.4667,9,0
kESika,6,0.2608695652173913,0.1429,0.2,3,0
kEkeya,3,0.17647058823529413,-0.5,-0.3333,2,1
kElAsa,3,0.10714285714285714,1.0,1.0,4,1
kErAta,3,0.25,0.5,0.3333,1,0
kErava,4,0.26666666666666666,1.0,1.0,2,2
kEtava,4,0.21052631578947367,-0.2,0.0,3,0
kEvalya,3,0.14285714285714285,-0.5,-0.3333,3,1
kEwaBa,3,0.13636363636363635,1.0,1.0,4,0
kIcaka,4,0.2,0.8,0.6667,3,1
kIlAla,5,0.45454545454545453,0.9,0.8,2,1
kIlaka,3,0.3,1.0,1.0,1,1
kInASa,5,0.18518518518518517,1.0,1.0,4,5
kIrti,4,0.10810810810810811,1.0,1.0,8,1
kOSala,4,0.25,0.4,0.3333,4,0
kOSika,8,0.13114754098360656,-0.4286,-0.2857,14,0
kOkila,3,0.5,1.0,1.0,2,0
kOlIna,5,0.29411764705882354,0.4,0.4,3,0
kOmAra,5,0.16666666666666666,0.9,0.8,10,2
kOpIna,4,0.2222222222222222,0.4,0.3333,5,1
kOrava,3,0.3,1.0,1.0,3,0
kOstuBa,4,0.2,1.0,1.0,3,1
kOtUhala,3,0.25,0.5,0.3333,3,1
kOtsa,4,0.19047619047619047,-0.2,0.0,3,1
kOtuka,4,0.17391304347826086,1.0,1.0,8,5
kU,4,0.26666666666666666,0.8,0.6667,2,1
kUj,3,0.10344827586206896,1.0,1.0,4,0
kUja,3,0.5,-0.5,-0.3333,1,0
kUrca,3,0.08333333333333333,1.0,1.0,4,1
kUrd,4,0.6666666666666666,0.8,0.6667,3,0
kUrma,5,0.125,1.0,1.0,2,0
kUwa,10,0.2,0.6727,0.5556,12,1
kUwaSAlmali,3,0.42857142857142855,0.5,0.3333,0,0
kUwamudgara,3,0.6,1.0,1.0,3,0
ka,6,0.08,0.4857,0.3333,35,27
kaMDara,3,0.21428571428571427,1.0,1.0,2,0
kaMsa,4,0.12903225806451613,1.0,1.0,8,1
kaNka,5,0.15625,0.7,0.6,7,1
kaNkaRa,3,0.1111111111111111,1.0,1.0,2,1
kaNkata,3,0.21428571428571427,0.5,0.3333,1,0
kaNkawa,3,0.23076923076923078,1.0,1.0,2,1
kaRWa,6,0.15,0.2571,0.2,6,1
kaRWya,3,0.3,1.0,1.0,4,1
kaRa,10,0.2777777777777778,1.0,1.0,7,1
kaRva,5,0.20833333333333334,0.0,0.2,11,0
kaRwaka,8,0.16666666666666666,0.9286,0.7857,6,1
kaSa,3,0.2,1.0,1.0,1,0
kaSeru,3,0.15789473684210525,0.5,0.3333,3,0
kaSyapa,6,0.16216216216216217,1.0,1.0,24,2
kaTA,8,0.2,-0.3571,-0.2143,9,2
kaTaka,3,0.375,1.0,1.0,1,0
kaTana,3,0.5,1.0,1.0,2,0
kaWina,8,0.25806451612903225,0.9524,0.8571,4,3
kaWora,6,0.375,0.6571,0.6,3,1
kaYcuka,3,0.15789473684210525,-0.5,-0.3333,1,1
kabanDa,8,0.2222222222222222,0.9048,0.7857,10,2
kacCa,4,0.2,0.8,0.6667,5,1
kacCapa,3,0.15,1.0,1.0,2,0
kaca,3,0.13636363636363635,-0.5,-0.3333,3,0
kad,3,0.12,0.5,0.3333,6,2
kadA,5,0.15625,-0.1,0.0,13,1
kadala,3,0.125,0.5,0.3333,2,3
kadamba,7,0.21212121212121213,0.8929,0.8095,3,0
kadana,3,0.2727272727272727,0.5,0.3333,2,0
kakuB,4,0.14814814814814814,-0.6,-0.3333,6,2
kakuBa,6,0.25,0.9429,0.8667,2,1
kakud,3,0.17647058823529413,1.0,1.0,6,2
kakuda,4,0.21052631578947367,1.0,1.0,2,1
kakudmin,3,0.3333333333333333,1.0,1.0,3,0
kakutsTa,3,0.375,-0.5,-0.3333,3,1
kakza,8,0.12903225806451613,0.3333,0.2857,14,8
kakzeyu,3,1.0,1.0,1.0,2,0
kakzya,3,0.13636363636363635,1.0,1.0,0,5
kal,9,0.13636363636363635,0.8833,0.7778,24,12
kalA,12,0.1875,0.2308,0.303,14,0
kalApa,4,0.10526315789473684,0.8,0.6667,4,2
kalApaka,3,0.2,1.0,1.0,0,1
kalApin,3,0.14285714285714285,0.5,0.3333,2,1
kalAya,3,0.375,1.0,1.0,1,0
kala,4,0.12903225806451613,1.0,1.0,4,3
kalaBa,4,0.26666666666666666,0.8,0.6667,2,0
kalaDOta,3,0.25,1.0,1.0,2,0
kalahaMsa,3,0.23076923076923078,1.0,1.0,2,0
kalama,3,0.25,1.0,1.0,4,0
kalatra,4,0.16,1.0,1.0,2,0
kalaviNka,3,0.15,1.0,1.0,1,0
kali,5,0.11627906976744186,0.9,0.8,12,4
kaliNga,5,0.16129032258064516,1.0,1.0,4,4
kalila,3,0.2,1.0,1.0,2,0
kalka,4,0.17391304347826086,1.0,1.0,2,4
kalmAza,4,0.17391304347826086,1.0,1.0,4,1
kalmAzapAda,4,0.8,0.4,0.3333,3,0
kalmaza,3,0.11538461538461539,0.5,0.3333,4,1
kalpa,8,0.09195402298850575,0.5,0.3571,24,6
kalpavfkza,3,0.23076923076923078,1.0,1.0,4,0
kaluza,6,0.25,0.8286,0.7333,3,0
kalyARa,9,0.1956521739130435,0.6167,0.3889,15,1
kam,8,0.1509433962264151,0.8333,0.7143,32,11
kamaWa,3,0.16666666666666666,1.0,1.0,1,0
kamala,5,0.09615384615384616,0.4,0.4,2,2
kamalinI,3,0.3,-0.5,-0.3333,1,1
kambala,4,0.125,0.8,0.6667,5,0
kamp,4,0.09302325581395349,0.4,0.3333,6,3
kampana,4,0.19047619047619047,1.0,1.0,3,0
kanaka,3,0.09090909090909091,1.0,1.0,2,5
kandara,3,0.125,1.0,1.0,3,1
kandarpa,4,0.2857142857142857,1.0,1.0,3,0
kandu,3,0.23076923076923078,1.0,1.0,1,0
kanduka,3,0.14285714285714285,1.0,1.0,2,0
kanizWa,3,0.07894736842105263,0.5,0.3333,4,2
kanyA,4,0.1111111111111111,1.0,1.0,3,3
kanyakubja,3,0.375,-0.5,-0.3333,7,0
kapAla,9,0.1956521739130435,0.9,0.8333,21,3
kapAlin,5,0.20833333333333334,0.7,0.6,6,0
kapAwa,3,0.21428571428571427,0.5,0.3333,3,1
kapardin,4,0.26666666666666666,1.0,1.0,2,2
kapawa,3,0.15,1.0,1.0,2,0
kapi,4,0.13793103448275862,1.0,1.0,7,0
kapiYjala,5,0.18518518518518517,1.0,1.0,3,1
kapila,8,0.18604651162790697,0.7381,0.6429,6,2
kapola,4,0.26666666666666666,0.8,0.6667,2,1
kapota,5,0.25,1.0,1.0,5,0
kapotaka,3,0.25,-0.5,-0.3333,2,1
karAla,6,0.17142857142857143,1.0,1.0,7,1
karRa,12,0.24489795918367346,0.972,0.9091,16,5
karRika,3,0.11538461538461539,1.0,1.0,0,1
karRin,5,0.38461538461538464,1.0,1.0,3,0
kara,7,0.18421052631578946,0.5357,0.4286,12,3
karaBa,5,0.1388888888888889,1.0,1.0,3,0
karaRa,9,0.12857142857142856,0.8667,0.7778,23,12
karaYjaka,3,0.5,0.5,0.3333,2,0
karahAwaka,3,0.75,1.0,1.0,0,0
karaka,3,0.17647058823529413,1.0,1.0,2,2
karamBa,5,0.21739130434782608,0.9,0.8,2,0
karavIra,5,0.2777777777777778,0.7,0.6,3,0
karawa,4,0.21052631578947367,1.0,1.0,4,0
kardama,6,0.23076923076923078,0.9429,0.8667,2,2
kareRu,5,0.2777777777777778,0.7,0.6,4,0
karka,3,0.15,0.5,0.3333,2,1
karkaSa,3,0.15,1.0,1.0,2,1
karkanDu,3,0.125,1.0,1.0,4,0
karkara,4,0.3333333333333333,0.4,0.3333,6,0
karkawa,3,0.10714285714285714,1.0,1.0,2,4
karkawaka,3,0.2727272727272727,1.0,1.0,1,0
karkowaka,3,0.2727272727272727,1.0,1.0,1,0
karmAnta,3,0.23076923076923078,1.0,1.0,4,0
karmaRya,3,0.1875,1.0,1.0,3,2
karman,11,0.24444444444444444,0.5545,0.5273,21,4
karpUra,5,0.3125,0.9,0.8,2,1
kartavya,3,0.1875,1.0,1.0,5,0
kartavyatA,3,0.75,0.5,0.3333,1,0
karuRa,7,0.2,0.75,0.619,4,2
karzaRa,4,0.18181818181818182,1.0,1.0,5,3
karzin,3,0.5,1.0,1.0,1,0
kas,5,0.16129032258064516,0.9,0.8,3,1
katT,3,0.3,1.0,1.0,7,0
katTana,3,0.6,1.0,1.0,3,0
kavaca,5,0.1724137931034483,1.0,1.0,4,2
kavacin,4,0.4444444444444444,1.0,1.0,4,0
kavala,5,0.29411764705882354,0.7,0.6,4,0
kavara,5,0.22727272727272727,0.4,0.4,5,1
kavi,12,0.2608695652173913,0.9441,0.8485,20,4
kavya,4,0.18181818181818182,0.8,0.6667,3,0
kavyavAhana,3,0.21428571428571427,0.5,0.3333,4,0
kawAgni,3,0.6,1.0,1.0,2,0
kawAha,5,0.2631578947368421,0.7,0.6,2,0
kawa,6,0.1875,0.2571,0.2,3,5
kawaka,6,0.15384615384615385,0.7714,0.6,4,6
kawu,7,0.30434782608695654,0.8571,0.7143,7,0
kazAya,9,0.16981132075471697,0.9,0.7778,11,3
kazwa,9,0.225,0.4,0.3333,11,1
keSAnta,5,0.22727272727272727,0.9,0.8,7,0
keSa,4,0.09302325581395349,1.0,1.0,4,1
keSahasta,4,0.5714285714285714,0.4,0.3333,2,0
keSava,4,0.17391304347826086,0.4,0.3333,4,0
keSin,3,0.10714285714285714,1.0,1.0,3,1
kekA,3,0.25,1.0,1.0,2,0
kerala,3,0.21428571428571427,1.0,1.0,2,0
kesara,7,0.21875,0.8571,0.7143,13,1
keta,3,0.25,1.0,1.0,3,2
ketaka,3,0.1875,1.0,1.0,2,0
ketana,5,0.23809523809523808,0.7,0.6,8,2
ketu,8,0.19047619047619047,0.9762,0.9286,17,6
ketumAla,4,0.36363636363636365,0.4,0.3333,3,0
kevala,3,0.061224489795918366,1.0,1.0,7,3
keyUra,4,0.23529411764705882,1.0,1.0,2,0
kfSAnu,4,0.2,0.8,0.6667,8,0
kfSa,4,0.11428571428571428,0.8,0.6667,6,1
kfSana,4,0.5,-0.2,0.0,1,1
kfSatA,3,1.0,1.0,1.0,2,0
kfcCra,6,0.15384615384615385,0.9429,0.8667,13,2
kfdara,3,0.6,0.5,0.3333,0,0
kfkavAku,3,0.1875,1.0,1.0,2,0
kfmi,7,0.2692307692307692,0.7857,0.619,12,4
kfmuka,4,0.6666666666666666,-0.2,0.0,3,0
kfpA,3,0.17647058823529413,0.5,0.3333,2,0
kfpa,3,0.2,1.0,1.0,6,1
kfpaRa,5,0.11904761904761904,0.7,0.6,8,1
kfsara,5,0.20833333333333334,0.6,0.4,7,0
kft,3,0.11538461538461539,-0.5,-0.3333,25,4
kftAgas,4,1.0,1.0,1.0,2,0
kftAkfta,3,0.17647058823529413,-0.5,-0.3333,4,0
kftAnta,7,0.35,1.0,1.0,4,0
kfta,9,0.1875,1.0,1.0,13,4
kftabudDi,4,0.2857142857142857,-0.6,-0.3333,3,0
kftakArya,4,0.5714285714285714,0.8,0.6667,2,0
kftaka,6,0.42857142857142855,0.9429,0.8667,4,0
kftalakzaRa,4,0.4,-0.6,-0.3333,2,0
kftapratikfta,3,1.0,1.0,1.0,1,0
kftavIrya,4,0.5,1.0,1.0,3,0
kftavidya,3,1.0,1.0,1.0,2,0
kftayuga,3,0.5,1.0,1.0,3,0
kfti,12,0.2608695652173913,0.4476,0.3939,11,2
kftin,4,0.16,0.2,0.0,5,0
kftrima,5,0.16129032258064516,0.4,0.4,5,0
kftti,4,0.2857142857142857,1.0,1.0,5,2
kfttikA,3,0.10714285714285714,-1.0,-1.0,6,3
kfttivAsas,4,0.4444444444444444,1.0,1.0,3,0
kftya,3,0.06818181818181818,0.5,0.3333,3,4
kfzRa,15,0.24193548387096775,0.6857,0.5429,40,9
kfzRadvEpAyana,3,0.6,1.0,1.0,4,0
kfzRagrIva,4,0.6666666666666666,0.4,0.3333,4,0
kfzRala,5,0.2631578947368421,0.1,0.0,6,3
kfzRasAra,3,0.13043478260869565,0.5,0.3333,5,0
kfzRasarpa,4,0.6666666666666666,0.4,0.3333,3,0
kfzRavartman,3,0.3,1.0,1.0,3,0
kfzi,4,0.15384615384615385,0.4,0.3333,3,1
kiMSila,3,0.42857142857142855,1.0,1.0,3,0
kiMSuka,3,0.21428571428571427,-0.5,-0.3333,1,0
kiMkara,4,0.26666666666666666,0.8,0.6667,2,0
kiSora,3,0.2727272727272727,1.0,1.0,2,0
kilAsa,4,0.2857142857142857,0.4,0.3333,4,0
kila,3,0.07894736842105263,1.0,1.0,4,2
kilbiza,3,0.13043478260869565,1.0,1.0,2,0
kim,9,0.16981132075471697,0.4167,0.3889,17,1
kirIwin,3,0.2727272727272727,0.5,0.3333,3,0
kiraRa,4,0.17391304347826086,1.0,1.0,2,0
kitava,5,0.16666666666666666,0.7,0.6,4,0
klIba,5,0.16129032258064516,1.0,1.0,6,3
kleSa,4,0.14814814814814814,1.0,1.0,7,0
kleda,4,0.5,0.4,0.3333,3,0
kliS,5,0.13157894736842105,0.0,-0.2,13,9
klid,4,0.18181818181818182,0.8,0.6667,7,1
kloman,4,0.19047619047619047,0.8,0.6667,5,1
koRa,4,0.13333333333333333,1.0,1.0,5,3
koSAgAra,3,1.0,1.0,1.0,2,0
koSa,10,0.15151515151515152,0.7091,0.6444,29,7
kodaRqa,4,0.36363636363636365,0.6,0.3333,5,0
kodrava,3,0.375,1.0,1.0,3,0
koka,5,0.22727272727272727,0.9,0.8,5,0
kokanada,3,0.375,0.5,0.3333,2,0
kokila,5,0.22727272727272727,0.7,0.6,6,0
kolAhala,3,0.15,1.0,1.0,3,1
kola,5,0.16129032258064516,0.9,0.8,3,1
komala,4,0.125,0.8,0.6667,4,1
kopa,5,0.19230769230769232,0.5,0.4,6,0
kopana,4,0.25,1.0,1.0,1,0
kopin,3,0.42857142857142855,1.0,1.0,1,0
koraka,4,0.3076923076923077,0.8,0.6667,3,0
kovidAra,5,0.45454545454545453,1.0,1.0,5,0
kowi,3,0.057692307692307696,1.0,1.0,4,1
kozWa,4,0.11764705882352941,0.8,0.6667,10,1
krIq,6,0.15,0.1429,0.2,12,10
krOYca,5,0.09803921568627451,0.3,0.2,15,2
krUra,5,0.1111111111111111,0.5,0.4,10,3
krUrakarman,4,0.2857142857142857,1.0,1.0,4,1
kraTana,5,0.625,1.0,1.0,1,1
kram,9,0.0891089108910891,0.8167,0.6667,34,34
kramAgata,3,0.25,1.0,1.0,3,0
krama,13,0.22033898305084745,0.8407,0.7436,14,5
kramaRa,5,0.2777777777777778,0.9,0.8,4,0
kramaSas,3,0.25,0.5,0.3333,5,0
krand,6,0.15384615384615385,0.8286,0.7333,24,7
kratu,6,0.12,0.8286,0.7333,18,3
kravyAd,5,0.21739130434782608,1.0,1.0,7,0
kravya,3,0.3,-0.5,-0.3333,1,0
krayika,3,0.375,-0.5,-0.3333,1,0
kriyA,6,0.13333333333333333,0.5429,0.4667,9,2
kriyAyoga,3,0.1875,-0.5,-0.3333,4,1
kroDa,6,0.2,0.8286,0.7333,5,0
kroDana,4,0.23529411764705882,0.8,0.6667,0,0
kroSa,4,0.18181818181818182,1.0,1.0,5,1
kroqa,9,0.23076923076923078,1.0,1.0,6,1
kruD,5,0.14705882352941177,0.4,0.4,17,4
kruS,5,0.11363636363636363,0.7,0.6,16,3
kruYc,4,0.3076923076923077,0.8,0.6667,4,3
kuNkuma,3,0.16666666666666666,0.5,0.3333,2,0
kuRapa,5,0.15625,0.7,0.6,5,0
kuRqASin,3,0.2727272727272727,0.5,0.3333,3,0
kuRqaka,3,0.75,1.0,1.0,0,0
kuRqalin,3,0.13636363636363635,1.0,1.0,1,0
kuRqina,4,0.19047619047619047,1.0,1.0,3,0
kuSAmba,3,0.375,0.5,0.3333,2,1
kuSAvatI,3,0.75,-0.5,-0.3333,3,0
kuSIlava,3,0.2727272727272727,-0.5,-0.3333,3,1
kuSa,6,0.11320754716981132,0.5429,0.4667,9,2
kuSala,5,0.08928571428571429,0.7,0.6,12,1
kuSanABa,3,0.42857142857142855,1.0,1.0,3,0
kuSeSaya,4,0.3076923076923077,0.8,0.6667,1,2
kuSika,3,0.13043478260869565,1.0,1.0,5,0
kuWAra,3,0.2,1.0,1.0,1,0
kuYjara,5,0.17857142857142858,0.7,0.6,5,1
kubera,3,0.08823529411764706,1.0,1.0,4,2
kuhU,4,0.16,0.4,0.3333,4,1
kuhaka,5,0.3125,0.7,0.6,3,0
kuhara,5,0.2631578947368421,1.0,1.0,3,0
kukkura,5,0.2777777777777778,1.0,1.0,6,0
kukura,4,0.2857142857142857,1.0,1.0,3,0
kukzi,9,0.32142857142857145,0.6833,0.5556,8,0
kulAla,3,0.17647058823529413,1.0,1.0,2,0
kulAya,3,0.10714285714285714,0.5,0.3333,6,3
kulIna,4,0.16,0.4,0.3333,5,0
kulIra,3,0.3333333333333333,1.0,1.0,2,1
kula,4,0.08888888888888889,0.8,0.6667,6,4
kulapati,3,0.42857142857142855,1.0,1.0,2,0
kuliSa,8,0.2962962962962963,0.9762,0.9286,6,0
kulyA,4,0.21052631578947367,0.6,0.3333,2,2
kulya,3,0.15,1.0,1.0,2,1
kumAra,8,0.1509433962264151,0.7857,0.6429,7,5
kumBIpAka,3,0.3,1.0,1.0,2,0
kumBa,9,0.12857142857142856,0.7333,0.6111,15,0
kumBaka,3,0.16666666666666666,-0.5,-0.3333,2,0
kumBakarRa,4,0.5,0.8,0.6667,3,0
kumuda,7,0.21875,0.6429,0.619,5,2
kumudinI,3,0.3,1.0,1.0,1,0
kunaKin,3,0.25,1.0,1.0,2,0
kuntala,4,0.18181818181818182,0.8,0.6667,3,1
kunti,4,0.19047619047619047,0.8,0.6667,3,0
kup,4,0.12903225806451613,-0.4,-0.3333,13,2
kupaTa,3,0.375,1.0,1.0,1,0
kuqmala,3,0.17647058823529413,1.0,1.0,5,0
kuraNga,4,0.25,1.0,1.0,2,1
kurara,3,0.15789473684210525,1.0,1.0,1,0
kuru,4,0.10810810810810811,0.2,0.0,6,1
kusumBa,3,0.1875,0.5,0.3333,2,0
kusuma,4,0.19047619047619047,1.0,1.0,2,0
kutas,7,0.14583333333333334,0.9286,0.8095,11,0
kutra,4,0.2222222222222222,0.4,0.3333,3,1
kutsa,4,0.2222222222222222,0.4,0.3333,12,2
kuvala,3,0.1875,0.5,0.3333,3,2
kuvalayApIqa,3,0.6,1.0,1.0,1,1
kuvalaya,3,0.15789473684210525,1.0,1.0,2,0
kuwila,4,0.11428571428571428,0.4,0.3333,2,3
kuwumbin,5,0.20833333333333334,0.9,0.8,4,0
kuzWa,7,0.3333333333333333,0.5714,0.4286,6,2
kuzmARqa,5,0.21739130434782608,0.9,0.8,3,2
kva,15,0.30612244897959184,0.5571,0.4286,21,0
kvaR,4,0.25,0.0,0.0,7,0
kvaT,4,0.21052631578947367,-0.8,-0.6667,6,0
kxpti,4,0.23529411764705882,0.8,0.6667,5,2
kzA,3,0.2,1.0,1.0,2,2
kzAlana,3,0.375,0.5,0.3333,3,0
kzAma,6,0.1875,0.4857,0.3333,7,2
kzAnti,3,0.1875,1.0,1.0,2,0
kzAra,6,0.21428571428571427,0.3714,0.3333,4,2
kzAtra,3,0.25,1.0,1.0,3,1
kzIra,9,0.32142857142857145,0.3333,0.3889,9,2
kzIrin,5,0.23809523809523808,1.0,1.0,6,1
kzIroda,4,0.2,1.0,1.0,5,1
kzOma,4,0.125,1.0,1.0,6,1
kzOra,3,0.2,-0.5,-0.3333,1,0
kzRu,3,0.23076923076923078,0.5,0.3333,4,1
kzaRa,6,0.11764705882352941,0.7143,0.6,9,2
kzaRadAcara,3,0.75,1.0,1.0,3,0
kzaRika,4,0.25,-0.2,0.0,3,0
kzal,4,0.16,0.4,0.3333,6,3
kzam,11,0.2894736842105263,0.5364,0.5273,39,18
kzama,6,0.10909090909090909,0.5429,0.4667,7,3
kzamin,4,0.36363636363636365,0.8,0.6667,5,0
kzan,3,0.13636363636363635,1.0,1.0,5,1
kzantavya,3,0.375,1.0,1.0,3,0
kzap,5,0.29411764705882354,1.0,1.0,6,1
kzar,6,0.1935483870967742,0.9429,0.8667,21,4
kzaraRa,3,0.75,0.5,0.3333,0,0
kzata,3,0.11538461538461539,1.0,1.0,2,3
kzataja,4,0.4444444444444444,1.0,1.0,4,0
kzati,4,0.26666666666666666,0.8,0.6667,2,2
kzatra,7,0.25,0.9643,0.9048,14,2
kzatraBft,4,0.5,0.8,0.6667,3,0
kzatraDarman,3,0.5,1.0,1.0,2,0
kzatriya,4,0.13333333333333333,1.0,1.0,11,4
kzaya,11,0.22916666666666666,0.8909,0.7818,21,2
kzayin,4,0.21052631578947367,1.0,1.0,6,1
kzema,8,0.16666666666666666,0.9048,0.7857,23,0
kzemaka,3,0.25,1.0,1.0,1,0
kzemya,6,0.24,1.0,1.0,10,1
kzepa,6,0.25,0.7714,0.6,3,3
kzepaka,3,0.2727272727272727,0.5,0.3333,1,0
kzepya,3,0.3,-0.5,-0.3333,1,0
kzetra,13,0.21666666666666667,0.9286,0.7949,24,5
kzetrajYa,3,0.09375,1.0,1.0,9,1
kzi,10,0.14925373134328357,0.8788,0.6889,36,20
kzip,12,0.14285714285714285,0.6154,0.4545,39,14
kziprakArin,3,0.75,-0.5,-0.3333,0,0
kziti,4,0.14285714285714285,-0.2,0.0,3,2
kzitiBft,3,0.6,1.0,1.0,2,0
kzitiBuj,3,0.6,1.0,1.0,3,0
kzitija,4,0.25,1.0,1.0,3,0
kzitipAla,4,0.5,0.4,0.3333,4,0
kzitipa,3,0.6,1.0,1.0,3,0
kzitipati,3,0.6,1.0,1.0,3,0
kzmA,5,0.3333333333333333,0.9,0.8,4,0
kzoBa,6,0.5,0.4857,0.3333,4,1
kzoBaRa,3,0.42857142857142855,1.0,1.0,1,1
kzu,6,0.1935483870967742,-0.0857,0.0667,13,3
kzuB,5,0.14285714285714285,0.1,0.0,9,4
kzuD,4,0.14285714285714285,0.2,0.0,11,5
kzud,4,0.16,1.0,1.0,8,2
kzudra,7,0.13725490196078433,0.75,0.619,10,4
kzudraka,3,0.23076923076923078,0.5,0.3333,3,0
kzullaka,4,0.2,1.0,1.0,3,2
kzupa,4,0.26666666666666666,1.0,1.0,3,0
kzura,3,0.1,1.0,1.0,5,3
kzurapavi,3,0.2727272727272727,-0.5,-0.3333,4,0
kzurapra,4,0.26666666666666666,1.0,1.0,5,0
kzviq,4,0.23529411764705882,-0.4,-0.3333,3,0
lA,4,0.3333333333333333,0.4,0.3333,7,1
lABa,5,0.14285714285714285,1.0,1.0,5,2
lAGava,6,0.17142857142857143,0.8286,0.7333,9,1
lAji,3,1.0,0.5,0.3333,1,1
lAlanIya,3,1.0,1.0,1.0,2,0
lAwa,3,0.11538461538461539,1.0,1.0,2,0
lI,5,0.054945054945054944,0.4,0.4,20,7
lIlA,4,0.09090909090909091,1.0,1.0,8,2
lOhitya,3,0.16666666666666666,1.0,1.0,1,0
lOkika,4,0.08163265306122448,0.4,0.3333,5,1
lOlya,3,0.17647058823529413,1.0,1.0,1,1
lU,3,0.08333333333333333,0.5,0.3333,14,2
laB,10,0.09615384615384616,0.2485,0.1556,39,12
laBya,3,0.08823529411764706,1.0,1.0,6,2
laGiman,4,0.2,0.8,0.6667,4,0
laGu,7,0.11864406779661017,0.3214,0.3333,10,3
laGutA,4,0.21052631578947367,0.8,0.6667,5,0
laGutva,3,0.1875,1.0,1.0,2,0
laNG,10,0.24390243902439024,0.8667,0.7778,30,1
laNGana,3,0.07894736842105263,0.5,0.3333,4,0
laNGya,4,0.2857142857142857,1.0,1.0,4,0
laNg,3,0.5,-0.5,-0.3333,2,1
lag,6,0.09836065573770492,0.7714,0.6,11,4
lajj,4,0.12121212121212122,0.4,0.3333,6,1
lakzaRa,6,0.07692307692307693,0.7143,0.4667,14,3
lakzmI,5,0.08333333333333333,0.3,0.2,16,2
lakzmaRa,3,0.075,1.0,1.0,5,2
lakzya,10,0.21739130434782608,0.8061,0.7333,12,0
lal,4,0.15384615384615385,0.8,0.6667,5,3
lalAma,3,0.13043478260869565,1.0,1.0,2,1
lalita,6,0.10909090909090909,-0.7714,-0.6,6,2
lamb,5,0.07936507936507936,0.7,0.6,19,2
lamba,3,0.07894736842105263,0.5,0.3333,1,0
lambakarRa,3,0.2727272727272727,1.0,1.0,1,0
lambana,3,0.16666666666666666,0.5,0.3333,1,0
lambodara,3,0.1875,1.0,1.0,3,0
lap,9,0.17647058823529413,1.0,1.0,17,1
las,6,0.16216216216216217,1.0,1.0,11,3
latA,5,0.11904761904761904,0.5,0.2,4,3
lava,5,0.08620689655172414,1.0,1.0,7,3
lavaRa,5,0.1282051282051282,-0.3,-0.2,3,0
laya,7,0.125,0.7143,0.5238,7,3
leKaka,3,0.15789473684210525,1.0,1.0,1,0
leKana,4,0.17391304347826086,1.0,1.0,4,3
leKya,8,0.34782608695652173,0.9762,0.9286,5,0
leSa,3,0.07317073170731707,1.0,1.0,4,0
lepa,4,0.10256410256410256,0.2,0.0,5,1
liK,10,0.12658227848101267,0.8424,0.6444,21,2
liNga,7,0.1,0.7143,0.619,18,4
lih,5,0.11627906976744186,1.0,1.0,16,3
lip,6,0.08695652173913043,0.7714,0.6,20,8
lipi,3,0.15,1.0,1.0,3,1
loha,4,0.10526315789473684,1.0,1.0,4,1
lohita,8,0.12903225806451613,0.3095,0.4286,5,4
lohitoda,3,0.75,1.0,1.0,1,0
lok,6,0.10714285714285714,0.0857,0.0667,5,2
lokAloka,3,0.1875,1.0,1.0,5,0
lokAyatika,3,0.23076923076923078,1.0,1.0,1,2
loka,7,0.10294117647058823,0.8929,0.8095,33,3
lokakft,4,0.36363636363636365,1.0,1.0,4,0
lomaSa,3,0.0967741935483871,0.5,0.3333,1,0
lomaharzaRa,5,0.625,1.0,1.0,4,0
lopa,4,0.12121212121212122,-0.8,-0.6667,8,1
luB,4,0.08333333333333333,0.8,0.6667,15,2
luRW,3,0.23076923076923078,0.5,0.3333,7,0
luW,6,0.16216216216216217,0.5429,0.4667,16,0
luYc,3,0.16666666666666666,1.0,1.0,7,0
lul,4,0.14814814814814814,1.0,1.0,3,2
lup,9,0.10843373493975904,0.5833,0.5,34,5
luq,3,0.13043478260869565,0.5,0.3333,5,0
luw,3,0.42857142857142855,-0.5,-0.3333,7,0
mA,14,0.11764705882352941,0.8066,0.6923,67,15
mADava,8,0.1568627450980392,0.9286,0.8571,11,1
mADvI,3,0.23076923076923078,-0.5,-0.3333,8,1
mAMsa,3,0.07142857142857142,1.0,1.0,2,1
mATura,3,0.21428571428571427,0.5,0.3333,1,0
mAdrI,3,0.375,1.0,1.0,2,0
mAgaDa,5,0.12195121951219512,0.4,0.4,8,1
mAheSvara,3,0.14285714285714285,1.0,1.0,4,1
mAlA,3,0.06976744186046512,1.0,1.0,4,3
mAlava,3,0.08823529411764706,1.0,1.0,6,1
mAlaya,3,0.3333333333333333,1.0,1.0,0,0
mAlyApaRa,3,0.75,0.5,0.3333,2,0
mAna,7,0.09333333333333334,0.7857,0.619,9,6
mAnasa,5,0.07575757575757576,0.8,0.6,6,1
mAnaskfta,3,1.0,1.0,1.0,0,0
mAnda,4,0.8,1.0,1.0,3,0
mAndya,3,0.17647058823529413,1.0,1.0,4,0
mArIca,4,0.18181818181818182,0.8,0.6667,3,1
mAraRa,3,0.2,1.0,1.0,3,1
mArg,6,0.25,0.9429,0.8667,20,2
mArgAra,4,1.0,0.4,0.3333,0,0
mArga,11,0.1896551724137931,-0.0091,0.1273,18,1
mArgaRa,4,0.2222222222222222,1.0,1.0,2,1
mArgitavya,3,1.0,0.5,0.3333,1,0
mArjAlIya,3,0.2,1.0,1.0,2,1
mArjAra,3,0.125,1.0,1.0,3,0
mArkaRqeya,3,0.16666666666666666,1.0,1.0,2,0
mArttikAvata,3,0.375,1.0,1.0,2,0
mAruta,7,0.1590909090909091,0.6429,0.4286,7,1
mAsara,4,0.4444444444444444,1.0,1.0,2,0
mAtAmaha,3,0.13043478260869565,0.5,0.3333,2,0
mAtariSvan,4,0.14285714285714285,-0.2,0.0,2,0
mAtra,4,0.044444444444444446,1.0,1.0,11,10
mAtsya,5,0.2631578947368421,1.0,1.0,6,1
mAyAvin,3,0.14285714285714285,1.0,1.0,3,2
mAyUra,4,0.3076923076923077,1.0,1.0,1,0
mEreya,3,0.17647058823529413,-0.5,-0.3333,1,0
mEtrAvaruRa,3,0.13043478260869565,0.5,0.3333,5,2
mEtra,6,0.10526315789473684,0.9429,0.8667,3,2
mEtreya,3,0.09375,1.0,1.0,1,1
mIl,3,0.05,1.0,1.0,10,3
mIlana,3,0.3333333333333333,1.0,1.0,1,0
mOdgalya,3,0.1875,0.5,0.3333,0,0
mOla,3,0.2727272727272727,1.0,1.0,3,1
mOli,3,0.10344827586206896,1.0,1.0,3,0
mOsala,4,0.3076923076923077,1.0,1.0,2,0
mUQatva,3,0.5,1.0,1.0,2,0
mUla,8,0.11267605633802817,0.1667,0.2143,10,3
mUlaka,4,0.17391304347826086,0.8,0.6667,3,0
mUlaprakfti,4,0.3333333333333333,1.0,1.0,4,2
mUlatas,3,0.375,0.5,0.3333,1,0
mUlya,4,0.14285714285714285,0.4,0.3333,6,0
mUrCana,5,0.18518518518518517,1.0,1.0,4,2
mUrDABizikta,3,0.16666666666666666,0.5,0.3333,1,0
mUrta,3,0.1111111111111111,1.0,1.0,0,1
mUzaka,3,0.10714285714285714,1.0,1.0,2,1
maDUcCizwa,3,0.3333333333333333,-0.5,-0.3333,2,0
maDu,8,0.1111111111111111,0.0952,0.1429,22,5
maDuhan,3,0.2727272727272727,1.0,1.0,4,0
maDuka,3,0.07894736842105263,1.0,1.0,1,6
maDumatta,3,0.6,0.5,0.3333,0,1
maDumiSra,3,0.6,1.0,1.0,2,0
maDura,4,0.07692307692307693,1.0,1.0,3,9
maDya,9,0.1111111111111111,-0.3167,-0.1111,16,3
maDyama,4,0.06060606060606061,0.6,0.3333,3,0
maGavan,5,0.1388888888888889,0.7,0.6,10,3
maNgala,3,0.04477611940298507,1.0,1.0,7,4
maNgalya,4,0.10810810810810811,0.4,0.3333,4,1
maRi,5,0.08333333333333333,0.4,0.4,5,5
maRiBadra,3,0.3333333333333333,1.0,1.0,2,0
maRqa,5,0.19230769230769232,1.0,1.0,6,6
maRqaka,3,0.21428571428571427,1.0,1.0,2,1
maRqala,6,0.07317073170731707,0.9429,0.8667,14,8
maRqalin,5,0.2631578947368421,0.7,0.6,2,0
maSaka,4,0.14285714285714285,0.4,0.3333,1,0
maT,9,0.14516129032258066,0.45,0.3333,34,9
maTita,3,0.23076923076923078,-0.5,-0.3333,3,0
maTurA,3,0.1,-0.5,-0.3333,5,0
mad,6,0.07407407407407407,0.5429,0.4667,27,11
mada,4,0.08333333333333333,0.8,0.6667,2,4
madana,4,0.08695652173913043,-0.4,-0.3333,4,3
madgu,4,0.16666666666666666,1.0,1.0,1,0
madgura,3,0.2727272727272727,1.0,1.0,2,0
madirAkza,3,0.6,1.0,1.0,1,1
madotkawa,3,0.21428571428571427,1.0,1.0,0,0
madraka,3,0.15789473684210525,1.0,1.0,2,2
madyapAna,3,0.42857142857142855,0.5,0.3333,2,0
mah,4,0.07142857142857142,1.0,1.0,26,14
mahABIzaRaka,3,1.0,1.0,1.0,2,0
mahABuja,3,0.3333333333333333,1.0,1.0,2,0
mahADana,7,0.30434782608695654,1.0,1.0,8,0
mahAGora,3,0.42857142857142855,0.5,0.3333,2,0
mahASana,3,0.375,1.0,1.0,2,0
mahAbala,5,0.21739130434782608,0.9,0.8,3,2
mahAbudDi,4,0.4444444444444444,1.0,1.0,1,0
mahAdaMzwra,3,0.75,0.5,0.3333,1,0
mahAdeva,3,0.06666666666666667,1.0,1.0,4,1
mahAgiri,3,0.3333333333333333,1.0,1.0,3,0
mahAguRa,3,0.375,0.5,0.3333,1,0
mahAjana,3,0.1875,1.0,1.0,3,0
mahAkAla,3,0.1,0.5,0.3333,3,0
mahAkAya,3,0.21428571428571427,-0.5,-0.3333,2,0
mahAkratu,3,1.0,1.0,1.0,2,0
mahAkula,3,0.21428571428571427,1.0,1.0,2,0
mahAmAtra,3,0.15789473684210525,1.0,1.0,3,1
mahAmAya,4,0.25,0.4,0.3333,1,0
mahAmUQa,3,1.0,-1.0,-1.0,2,0
mahAmanas,3,0.1875,1.0,1.0,5,1
mahAmati,3,0.1875,1.0,1.0,1,1
mahAnABa,3,1.0,-0.5,-0.3333,1,0
mahAnIla,3,0.12,1.0,1.0,3,1
mahAnuBAva,3,0.25,1.0,1.0,3,1
mahApArSva,3,0.75,1.0,1.0,1,0
mahApaTa,3,0.14285714285714285,1.0,1.0,2,3
mahApadma,6,0.1875,0.1429,0.3333,7,0
mahApura,3,0.5,1.0,1.0,2,0
mahApuruza,3,0.14285714285714285,1.0,1.0,5,0
mahArTa,3,0.25,1.0,1.0,1,2
mahAraTa,5,0.2,1.0,1.0,5,1
mahAsattva,3,0.1875,1.0,1.0,3,1
mahAsena,3,0.15789473684210525,1.0,1.0,2,0
mahAsvana,3,0.42857142857142855,1.0,1.0,1,0
mahAtapas,4,0.36363636363636365,1.0,1.0,3,0
mahAtman,4,0.15384615384615385,0.8,0.6667,6,0
mahAvana,3,0.2727272727272727,1.0,1.0,1,0
mahAvrata,10,0.25,0.6606,0.5556,7,2
mahAyaSas,3,0.42857142857142855,1.0,1.0,2,0
mahIDara,4,0.2222222222222222,1.0,1.0,1,0
mahIpAla,3,0.23076923076923078,0.5,0.3333,2,0
mahOzaDa,3,0.23076923076923078,0.5,0.3333,3,0
maha,3,0.15789473684210525,0.5,0.3333,2,2
mahas,6,0.16216216216216217,0.8286,0.7333,9,4
mahattara,4,0.2,1.0,1.0,2,2
maheSvara,3,0.07692307692307693,1.0,1.0,5,0
mahendra,4,0.0851063829787234,-0.8,-0.6667,1,0
mahiza,5,0.08196721311475409,0.9,0.8,1,2
majj,4,0.05405405405405406,1.0,1.0,16,4
makara,4,0.10526315789473684,0.4,0.3333,3,0
mala,3,0.08108108108108109,1.0,1.0,5,3
malaja,3,0.6,1.0,1.0,0,0
malina,5,0.1388888888888889,0.7,0.6,5,1
mallikAkza,3,0.42857142857142855,1.0,1.0,1,0
man,4,0.042105263157894736,0.2,0.0,48,25
manTAna,3,0.3,1.0,1.0,2,1
manTa,4,0.08888888888888889,0.8,0.6667,5,4
manTana,4,0.21052631578947367,0.8,0.6667,3,1
manaHprasAda,3,0.6,1.0,1.0,2,1
manana,3,0.15789473684210525,1.0,1.0,2,0
manasvin,4,0.19047619047619047,1.0,1.0,0,2
manda,3,0.05555555555555555,-1.0,-1.0,3,4
mandaga,3,0.3333333333333333,0.5,0.3333,0,0
mandatA,3,0.6,1.0,1.0,1,0
manojavas,4,0.5714285714285714,0.8,0.6667,2,0
manoraTa,3,0.10344827586206896,0.5,0.3333,1,1
mantavya,4,0.21052631578947367,-0.6,-0.3333,3,0
mantra,5,0.08620689655172414,-0.1,0.0,9,4
mantraRa,3,0.375,1.0,1.0,2,0
manu,7,0.12280701754385964,0.6786,0.5238,31,3
manyA,3,0.3,1.0,1.0,2,1
marIci,5,0.1,0.7,0.6,4,3
marIcipa,4,0.8,1.0,1.0,1,1
mardana,3,0.15,1.0,1.0,6,2
maru,3,0.07894736842105263,1.0,1.0,10,2
marudgaRa,3,0.42857142857142855,0.5,0.3333,3,0
marut,3,0.05454545454545454,-0.5,-0.3333,7,6
maruta,3,0.1875,1.0,1.0,2,0
mastaka,3,0.1111111111111111,0.5,0.3333,1,0
matasna,3,0.5,1.0,1.0,2,0
mati,4,0.07017543859649122,1.0,1.0,12,5
mav,3,0.375,1.0,1.0,0,0
mayUra,5,0.1282051282051282,0.7,0.6,2,3
meDA,4,0.08888888888888889,0.8,0.6667,3,7
meDAtiTi,3,0.13636363636363635,-0.5,-0.3333,1,1
meDAvin,3,0.11538461538461539,1.0,1.0,0,0
meDa,5,0.18518518518518517,1.0,1.0,8,2
meDya,3,0.09090909090909091,-0.5,-0.3333,7,4
meGamAlin,3,1.0,1.0,1.0,0,1
meGanAda,6,0.4,1.0,1.0,5,1
meGanAdin,3,1.0,0.5,0.3333,0,0
meGavarRa,4,0.5,1.0,1.0,2,0
meda,3,0.17647058823529413,1.0,1.0,2,2
menA,5,0.21739130434782608,1.0,1.0,2,0
meru,3,0.08108108108108109,1.0,1.0,5,1
mfd,3,0.09375,-0.5,-0.3333,21,0
mfdu,5,0.09615384615384616,0.7,0.6,3,2
mfgAra,3,0.6,1.0,1.0,1,0
mfga,3,0.05172413793103448,-1.0,-1.0,5,5
mfgarAja,3,0.2727272727272727,-0.5,-0.3333,2,1
mfgavyADa,4,0.4444444444444444,1.0,1.0,4,0
mfgendra,4,0.18181818181818182,1.0,1.0,2,0
mi,3,0.058823529411764705,1.0,1.0,12,25
miTu,3,0.375,1.0,1.0,1,1
miTuna,4,0.0784313725490196,-0.2,0.0,5,3
miTus,3,0.75,0.5,0.3333,1,0
mid,3,0.17647058823529413,1.0,1.0,12,2
mih,3,0.1111111111111111,1.0,1.0,11,4
mitra,5,0.08064516129032258,0.3,0.2,6,3
mitradroha,3,0.6,1.0,1.0,1,0
mitrasaha,3,0.42857142857142855,0.5,0.3333,1,1
moca,3,0.23076923076923078,1.0,1.0,0,0
mocana,3,0.1875,1.0,1.0,1,1
modaka,3,0.11538461538461539,1.0,1.0,2,2
modana,4,0.4444444444444444,1.0,1.0,2,0
moha,3,0.06818181818181818,1.0,1.0,4,1
mohana,11,0.3055555555555556,0.8636,0.8182,8,1
mokza,7,0.15555555555555556,-0.1071,-0.1429,9,1
mokzaRa,5,0.38461538461538464,0.5,0.2,3,0
muKa,7,0.08536585365853659,0.6071,0.5238,15,6
muKara,3,0.09090909090909091,1.0,1.0,5,0
muKyArTa,3,0.6,1.0,1.0,1,0
muKya,3,0.061224489795918366,1.0,1.0,1,2
muRqa,5,0.1282051282051282,0.5,0.4,2,0
muRqin,3,0.375,1.0,1.0,2,0
muYjakeSa,4,0.5714285714285714,1.0,1.0,1,0
muc,12,0.10909090909090909,0.6014,0.4545,50,16
mud,4,0.057971014492753624,0.8,0.6667,9,3
mudgala,5,0.2,0.9,0.8,2,0
mudrikA,3,0.3,1.0,1.0,0,0
mukta,3,0.11538461538461539,0.5,0.3333,5,0
mukulita,3,0.23076923076923078,1.0,1.0,3,0
mukuwin,3,1.0,1.0,1.0,2,0
mumukzu,3,0.125,1.0,1.0,2,1
munIndra,4,0.4444444444444444,0.8,0.6667,0,0
muni,8,0.12698412698412698,0.619,0.4286,6,1
muru,3,0.23076923076923078,1.0,1.0,1,1
musala,4,0.11428571428571428,1.0,1.0,2,0
muz,5,0.09803921568627451,0.6,0.4,22,5
muzka,3,0.15,1.0,1.0,3,2
muzwi,3,0.06976744186046512,-0.5,-0.3333,1,0
muzwika,3,0.25,0.5,0.3333,0,0
nABAgArizwa,3,1.0,1.0,1.0,2,0
nABAga,3,0.3,1.0,1.0,2,0
nASana,4,0.23529411764705882,1.0,1.0,3,0
nASin,3,0.3333333333333333,0.5,0.3333,2,0
nAT,8,0.5,0.7857,0.6429,15,1
nATa,3,0.13043478260869565,1.0,1.0,3,0
nAdeya,3,0.2,0.5,0.3333,2,2
nAga,6,0.08695652173913043,0.2571,0.2,10,6
nAgapASa,3,0.3333333333333333,1.0,1.0,0,1
nAgapuzpa,3,0.3,1.0,1.0,2,2
nAgara,3,0.07894736842105263,0.5,0.3333,2,3
nAhuza,3,0.375,1.0,1.0,1,0
nAka,6,0.25,0.4857,0.3333,3,6
nAkasad,4,0.36363636363636365,1.0,1.0,3,0
nAla,3,0.09375,0.5,0.3333,1,1
nAman,5,0.08620689655172414,0.9,0.8,12,8
nAndI,3,0.14285714285714285,1.0,1.0,4,0
nAqI,4,0.13793103448275862,0.8,0.6667,2,3
nArASaMsa,4,0.21052631578947367,-0.8,-0.6667,4,1
nAsA,3,0.14285714285714285,1.0,1.0,3,0
nAwaka,4,0.16666666666666666,0.8,0.6667,1,0
nEdAGa,3,0.375,1.0,1.0,2,0
nEgama,4,0.16,1.0,1.0,5,3
nErfta,5,0.15151515151515152,0.6,0.4,6,0
nEzWika,5,0.25,1.0,1.0,8,2
nI,12,0.09230769230769231,0.8112,0.697,66,32
nIcEs,5,0.19230769230769232,0.3,0.2,3,0
nIla,5,0.07692307692307693,-0.5,-0.2,8,9
nIlakaRWa,4,0.16666666666666666,1.0,1.0,3,1
nIpa,5,0.19230769230769232,0.9,0.8,2,0
nIrasa,3,0.21428571428571427,1.0,1.0,3,0
nIvi,3,0.10714285714285714,0.5,0.3333,6,1
na,3,0.05555555555555555,1.0,1.0,19,15
naB,4,0.36363636363636365,0.8,0.6667,7,1
naBas,6,0.13953488372093023,0.3714,0.3333,10,1
naS,5,0.07042253521126761,0.8,0.6,35,22
nad,3,0.075,0.5,0.3333,9,9
nadanadIpati,3,1.0,0.5,0.3333,1,1
naga,3,0.14285714285714285,1.0,1.0,3,0
nah,5,0.08196721311475409,0.9,0.8,12,17
nahuza,3,0.15789473684210525,0.5,0.3333,7,0
nakta,3,0.10714285714285714,1.0,1.0,10,0
nakula,5,0.15625,0.9,0.8,5,2
nakzatra,3,0.09090909090909091,1.0,1.0,7,1
nakzatrarAja,3,0.42857142857142855,1.0,1.0,1,0
nala,6,0.1875,0.8286,0.7333,8,2
nalasetu,3,1.0,1.0,1.0,2,0
nalva,3,0.375,-0.5,-0.3333,2,1
nam,10,0.08620689655172414,0.6485,0.5111,41,26
namas,4,0.10810810810810811,0.8,0.6667,6,3
nanda,6,0.12,0.9429,0.8667,7,3
nandana,4,0.09302325581395349,0.4,0.3333,5,2
nandivarDana,3,0.15,1.0,1.0,3,0
nanu,3,0.07894736842105263,1.0,1.0,7,2
napAt,4,0.13333333333333333,0.4,0.3333,11,8
nara,5,0.11627906976744186,1.0,1.0,6,6
naraka,4,0.12903225806451613,1.0,1.0,8,0
nard,3,0.13636363636363635,1.0,1.0,7,0
narya,4,0.4,1.0,1.0,4,1
nas,4,0.3076923076923077,1.0,1.0,21,1
nasya,4,0.23529411764705882,0.2,0.0,2,1
naw,3,0.17647058823529413,1.0,1.0,7,4
naya,6,0.17647058823529413,0.3714,0.3333,7,0
nayana,4,0.125,0.8,0.6667,6,2
ned,4,0.21052631578947367,-0.6,-0.3333,6,1
netra,7,0.15555555555555556,0.0,-0.0476,6,1
neya,4,0.2222222222222222,0.4,0.3333,3,1
nfcakzas,3,0.23076923076923078,1.0,1.0,4,0
nfga,3,0.25,1.0,1.0,0,0
nfmRa,4,0.36363636363636365,-0.4,-0.3333,4,2
niBa,4,0.17391304347826086,-0.4,-0.3333,3,2
niDAna,3,0.1,1.0,1.0,5,1
niDana,5,0.11627906976744186,1.0,1.0,7,5
niDipati,4,0.6666666666666666,1.0,1.0,1,1
niGna,3,0.2,-0.5,-0.3333,0,0
niHSeza,3,0.16666666666666666,1.0,1.0,1,0
niHsaMSaya,3,0.5,1.0,1.0,2,0
niHsaNga,3,0.17647058823529413,1.0,1.0,2,0
niHsneha,3,0.1875,0.5,0.3333,3,1
niMs,3,0.375,0.5,0.3333,2,1
niSAcara,3,0.14285714285714285,0.5,0.3333,1,2
niSAkara,3,0.21428571428571427,1.0,1.0,1,0
niSaWa,3,0.6,1.0,1.0,2,0
niScaya,3,0.08571428571428572,1.0,1.0,5,2
niSvAsa,3,0.6,-1.0,-1.0,2,0
nibanDa,3,0.17647058823529413,1.0,1.0,1,0
nibanDana,3,0.075,1.0,1.0,7,1
nibanDin,3,0.6,1.0,1.0,2,0
nidAGa,3,0.1111111111111111,1.0,1.0,1,1
nidarSana,5,0.15625,0.7,0.6,10,0
nidrAlu,3,0.23076923076923078,1.0,1.0,2,0
nigama,5,0.10416666666666667,0.9,0.8,7,2
nigraha,4,0.09302325581395349,0.8,0.6667,5,3
nih,3,1.0,-0.5,-0.3333,1,0
nihnava,3,0.12,-0.5,-0.3333,2,1
nij,3,0.09375,0.5,0.3333,17,6
nija,3,0.10714285714285714,-0.5,-0.3333,4,2
nikAma,3,0.14285714285714285,1.0,1.0,3,1
nikAya,4,0.16666666666666666,0.8,0.6667,1,1
nikaza,3,0.13636363636363635,0.5,0.3333,1,1
nikfti,4,0.2222222222222222,0.2,0.0,2,0
nikumBa,3,0.17647058823529413,-0.5,-0.3333,1,0
nilayana,3,0.3,1.0,1.0,2,1
nimantraRa,3,0.6,1.0,1.0,2,0
nimeza,5,0.20833333333333334,0.9,0.8,7,0
nimi,3,0.17647058823529413,1.0,1.0,5,2
nimitta,5,0.10204081632653061,1.0,1.0,11,0
nimiza,3,0.3,0.5,0.3333,2,2
nimruc,3,0.375,1.0,1.0,6,0
ninAdin,3,1.0,0.5,0.3333,2,0
nipAtana,5,0.3125,1.0,1.0,5,3
nipAtin,3,0.5,0.5,0.3333,2,0
nipuRa,3,0.0967741935483871,-1.0,-1.0,5,0
nipur,3,1.0,-0.5,-0.3333,1,0
nirASa,3,0.17647058823529413,0.5,0.3333,4,1
nirASraya,3,0.21428571428571427,1.0,1.0,1,0
nirAhAra,3,0.375,1.0,1.0,1,0
nirAkfti,3,0.16666666666666666,1.0,1.0,2,3
nirAkranda,3,0.6,0.5,0.3333,0,3
nirAloka,3,0.375,1.0,1.0,2,0
nirAmaya,4,0.26666666666666666,1.0,1.0,3,0
nirApad,3,1.0,1.0,1.0,1,0
nirBeda,4,0.8,0.2,0.0,1,0
nirGAta,3,0.14285714285714285,1.0,1.0,3,0
nirJara,3,0.13636363636363635,1.0,1.0,3,2
nirUpaRa,4,0.2222222222222222,0.4,0.3333,2,2
nirantara,3,0.09090909090909091,1.0,1.0,3,2
nirapAya,3,0.42857142857142855,1.0,1.0,1,0
nirapatrapa,3,0.6,1.0,1.0,2,0
nirarTa,3,0.25,-0.5,-0.3333,0,2
nirarTaka,3,0.14285714285714285,0.5,0.3333,3,0
nirasana,5,0.25,0.7,0.6,4,2
nirdvaMdva,3,0.2727272727272727,1.0,1.0,4,0
nirfti,4,0.11764705882352941,1.0,1.0,10,2
nirgama,4,0.2,0.8,0.6667,4,1
nirharaRa,3,0.42857142857142855,0.5,0.3333,3,0
nirjarjalpa,3,1.0,0.5,0.3333,1,0
nirmARa,4,0.21052631578947367,0.8,0.6667,2,3
nirmaTana,3,0.42857142857142855,0.5,0.3333,3,0
nirmanyu,3,1.0,1.0,1.0,1,0
nirmaryAda,3,0.375,1.0,1.0,2,1
nirnamaskAra,3,0.6,1.0,1.0,2,0
niroDa,3,0.08108108108108109,0.5,0.3333,3,0
niroDana,4,0.36363636363636365,1.0,1.0,0,0
nirutsAha,3,0.42857142857142855,1.0,1.0,1,0
nirvAsana,4,0.3333333333333333,-0.2,0.0,1,0
nirvfti,4,0.125,1.0,1.0,1,2
nirviSeza,3,0.14285714285714285,1.0,1.0,1,0
nirvizaya,3,0.23076923076923078,1.0,1.0,1,0
niryARa,4,0.21052631578947367,1.0,1.0,5,0
niryAsa,3,0.15789473684210525,0.5,0.3333,4,0
niryUha,4,0.25,0.8,0.6667,5,7
nistriMSa,3,0.12,0.5,0.3333,3,0
nisvana,3,0.15789473684210525,1.0,1.0,2,0
nisyanda,4,0.26666666666666666,0.8,0.6667,3,2
nivAraRa,3,0.15,-0.5,-0.3333,4,0
nivAsa,3,0.15789473684210525,-1.0,-1.0,1,0
nivartaka,3,0.21428571428571427,1.0,1.0,1,0
nivartana,5,0.19230769230769232,0.9,0.8,6,4
nivat,3,0.5,1.0,1.0,3,0
niveSana,9,0.2727272727272727,0.8333,0.6667,7,2
nivedana,4,0.26666666666666666,1.0,1.0,3,0
nivftti,6,0.125,0.7143,0.6,6,1
nivid,3,0.13636363636363635,1.0,1.0,14,1
niyama,4,0.06349206349206349,1.0,1.0,10,1
niyamana,3,0.21428571428571427,1.0,1.0,3,0
niyoga,5,0.20833333333333334,0.9,0.8,4,2
niyudDa,3,0.23076923076923078,1.0,1.0,3,0
nizAda,5,0.13513513513513514,0.5,0.4,4,0
nizAdin,3,0.42857142857142855,1.0,1.0,1,0
nizevaRa,3,0.3333333333333333,-0.5,-0.3333,2,0
nizkAraRa,3,0.21428571428571427,1.0,1.0,2,0
nizkarza,3,0.375,0.5,0.3333,1,1
nizkrama,3,0.5,1.0,1.0,2,1
nizpraBa,3,0.3,-0.5,-0.3333,1,0
nizprayojana,3,0.2,1.0,1.0,5,0
nu,4,0.06666666666666667,0.6,0.3333,29,11
nud,5,0.078125,0.7,0.6,18,6
nyAsa,6,0.12244897959183673,1.0,1.0,8,4
nyAya,3,0.05357142857142857,0.5,0.3333,5,10
nyUna,4,0.12903225806451613,0.8,0.6667,6,2
nyagroDa,3,0.10344827586206896,1.0,1.0,2,2
nyubja,3,0.15,-0.5,-0.3333,3,1
oGa,3,0.12,1.0,1.0,4,0
oRi,3,0.5,-0.5,-0.3333,2,1
odana,3,0.125,1.0,1.0,3,1
ojas,5,0.14285714285714285,0.7,0.6,10,5
otu,3,0.23076923076923078,1.0,1.0,3,0
ozWa,3,0.10714285714285714,0.5,0.3333,8,0
ozaDi,5,0.1724137931034483,-0.4,-0.4,8,7
pA,5,0.06666666666666667,0.9,0.8,52,17
pANkta,4,0.23529411764705882,1.0,1.0,3,0
pARin,4,0.8,0.8,0.6667,2,0
pARqu,3,0.07692307692307693,1.0,1.0,4,2
pARqura,3,0.13043478260869565,0.5,0.3333,2,0
pARqya,3,0.16666666666666666,1.0,1.0,2,1
pASava,3,0.5,0.5,0.3333,2,0
pAWa,3,0.14285714285714285,0.5,0.3333,1,0
pAYcaBOtika,3,0.375,1.0,1.0,1,0
pAcaka,3,0.16666666666666666,1.0,1.0,2,1
pAda,7,0.08641975308641975,0.0357,0.0476,13,5
pAka,5,0.09090909090909091,1.0,1.0,12,2
pAla,4,0.2222222222222222,1.0,1.0,4,2
pAlaka,5,0.20833333333333334,0.7,0.6,3,0
pAli,4,0.14814814814814814,0.4,0.3333,4,0
pAnIya,3,0.13043478260869565,0.5,0.3333,2,0
pAnaka,3,0.375,0.5,0.3333,2,1
pApa,5,0.08333333333333333,-0.3,-0.2,5,7
pArAvata,4,0.13333333333333333,1.0,1.0,5,0
pArTiva,4,0.09302325581395349,0.4,0.3333,4,1
pAra,5,0.09259259259259259,-0.5,-0.2,5,2
pAraRa,3,0.1875,1.0,1.0,4,0
pAradArika,3,0.375,1.0,1.0,2,0
pAraga,3,0.2,1.0,1.0,2,2
pArijAta,3,0.125,0.5,0.3333,4,2
pAriplava,3,0.13636363636363635,-0.5,-0.3333,3,2
pArzada,4,0.23529411764705882,0.4,0.3333,4,0
pArzata,3,0.375,-0.5,-0.3333,3,2
pAta,9,0.1836734693877551,0.8333,0.7222,9,1
pAtana,6,0.3157894736842105,0.6,0.4667,2,0
pAtin,3,0.2,0.5,0.3333,4,2
pAtra,6,0.09090909090909091,0.4286,0.4667,7,4
pAvaka,6,0.13953488372093023,0.8857,0.7333,8,4
pAvaki,3,1.0,1.0,1.0,2,0
pAvamAna,3,0.15789473684210525,1.0,1.0,3,0
pAwala,3,0.09090909090909091,1.0,1.0,4,0
pAwaliputra,3,0.15,0.5,0.3333,2,1
pAwava,4,0.2222222222222222,0.8,0.6667,4,1
pIlu,3,0.0967741935483871,1.0,1.0,1,2
pIq,5,0.07575757575757576,1.0,1.0,10,1
pIqana,5,0.20833333333333334,0.7,0.6,4,1
pItaka,3,0.25,1.0,1.0,2,0
pIyUza,3,0.15,1.0,1.0,3,2
pOlastya,4,0.23529411764705882,1.0,1.0,2,0
pOnaruktya,3,0.5,1.0,1.0,2,0
pOrARa,3,1.0,1.0,1.0,2,0
pOruza,4,0.1,1.0,1.0,6,1
pOruzeya,4,0.19047619047619047,0.8,0.6667,4,0
pOrvadehika,3,0.75,0.5,0.3333,2,0
pOtra,3,0.16666666666666666,1.0,1.0,2,0
pOzkara,3,0.3,1.0,1.0,3,0
pU,5,0.09615384615384616,0.8,0.6,33,14
pUj,3,0.06818181818181818,1.0,1.0,8,0
pUrRaka,3,0.25,0.5,0.3333,0,1
pUrRakumBa,3,0.21428571428571427,1.0,1.0,1,0
pUraRa,7,0.1590909090909091,0.6071,0.5238,3,3
pUrvApara,3,0.17647058823529413,0.5,0.3333,2,1
pUrvacitti,3,0.3,1.0,1.0,3,1
pUrvaja,4,0.14814814814814814,1.0,1.0,4,4
pUrvaka,3,0.125,1.0,1.0,5,1
pUrvakarman,3,0.75,0.5,0.3333,1,0
pUrvapakza,6,0.1935483870967742,0.7714,0.6,6,0
pUrvarUpa,3,0.23076923076923078,0.5,0.3333,2,1
pUrvaraNga,3,0.6,1.0,1.0,2,0
paR,4,0.18181818181818182,0.4,0.3333,10,1
paRa,5,0.1724137931034483,0.7,0.6,10,4
paRqaka,4,0.36363636363636365,-0.2,0.0,3,0
paRya,4,0.13793103448275862,0.8,0.6667,4,5
paS,3,0.0410958904109589,1.0,1.0,21,10
paSavya,3,0.21428571428571427,-0.5,-0.3333,4,0
paSu,5,0.14285714285714285,1.0,1.0,16,6
paSupati,3,0.12,0.5,0.3333,2,2
paTya,5,0.12195121951219512,0.7,0.6,4,0
paW,9,0.24324324324324326,0.7333,0.6111,21,1
paYcASat,3,0.16666666666666666,1.0,1.0,4,1
paYcaSata,3,0.3333333333333333,-0.5,-0.3333,3,2
paYcaSiKa,3,0.15789473684210525,1.0,1.0,1,0
paYcajana,4,0.19047619047619047,0.8,0.6667,2,0
paYcaka,4,0.10810810810810811,1.0,1.0,7,2
paYcama,6,0.16216216216216217,1.0,1.0,5,4
paYcanada,3,0.2,1.0,1.0,3,2
paYcarAtra,3,0.12,1.0,1.0,7,1
paYcatva,3,0.16666666666666666,-0.5,-0.3333,3,0
paYcavaktra,4,0.5,1.0,1.0,1,0
pac,8,0.17777777777777778,0.5238,0.4286,38,9
pad,6,0.04081632653061224,0.5429,0.4667,38,28
pada,5,0.06493506493506493,0.4,0.4,19,9
padavI,3,0.10714285714285714,1.0,1.0,4,1
padmAvatI,6,0.2727272727272727,0.9429,0.8667,0,2
padma,6,0.09836065573770492,0.9429,0.8667,8,7
padmanABa,3,0.15789473684210525,1.0,1.0,3,1
padmayoni,3,0.3,1.0,1.0,2,0
padya,3,0.1,0.5,0.3333,7,1
pakti,5,0.25,1.0,1.0,4,1
pakva,4,0.09523809523809523,-0.2,0.0,6,2
pakza,7,0.07692307692307693,0.8571,0.7143,12,5
pakzas,5,0.21739130434782608,1.0,1.0,5,1
pakzman,3,0.11538461538461539,0.5,0.3333,2,1
palAla,3,0.17647058823529413,0.5,0.3333,1,1
palAy,3,0.13043478260869565,1.0,1.0,11,1
pala,3,0.09090909090909091,1.0,1.0,7,0
palala,3,0.15789473684210525,1.0,1.0,2,1
palita,5,0.13513513513513514,0.2,0.2,7,0
palpUlana,3,1.0,1.0,1.0,2,0
pampA,3,0.25,1.0,1.0,1,0
panasa,3,0.2,1.0,1.0,2,0
papri,3,0.42857142857142855,1.0,1.0,3,0
parASara,3,0.125,1.0,1.0,2,1
parAjaya,4,0.26666666666666666,1.0,1.0,4,0
parAmarSa,5,0.22727272727272727,0.9,0.8,3,0
parArDa,3,0.11538461538461539,1.0,1.0,4,1
parArTa,3,0.12,1.0,1.0,4,3
parAyaRa,4,0.0975609756097561,-0.4,-0.3333,6,5
parRa,4,0.0851063829787234,0.8,0.6667,9,7
parRaSAlA,3,0.42857142857142855,1.0,1.0,3,0
parRamaya,3,0.75,1.0,1.0,2,0
parSu,6,0.25,0.6571,0.6,6,3
para,10,0.11904761904761904,0.7333,0.6,19,9
paraHSata,3,0.23076923076923078,1.0,1.0,2,0
paraHsAman,3,1.0,0.5,0.3333,2,1
paraMtapa,4,0.5,0.8,0.6667,1,0
paramezWin,3,0.08333333333333333,1.0,1.0,0,2
paraspara,3,0.08823529411764706,-0.5,-0.3333,1,1
paratantra,3,0.1875,1.0,1.0,2,0
paratas,6,0.21428571428571427,0.8857,0.7333,7,0
pariBU,3,0.15,0.5,0.3333,28,2
pariDeya,3,0.75,1.0,1.0,1,1
pariDi,3,0.1111111111111111,1.0,1.0,4,0
pariGa,4,0.12121212121212122,-0.4,-0.3333,5,2
pariRAha,3,0.1875,0.5,0.3333,3,0
pariRAma,7,0.1794871794871795,0.5357,0.2381,8,2
pariRati,5,0.2777777777777778,1.0,1.0,6,2
paricCada,3,0.125,-0.5,-0.3333,5,2
paricCeda,3,0.13043478260869565,0.5,0.3333,3,1
paricara,4,0.4,1.0,1.0,2,0
parigraha,3,0.04285714285714286,-0.5,-0.3333,14,9
parihAra,4,0.1,0.8,0.6667,4,1
parihArya,3,0.2,1.0,1.0,1,0
parijYAna,3,0.2,1.0,1.0,2,0
parikara,5,0.13513513513513514,1.0,1.0,5,6
parikarman,3,0.2,1.0,1.0,1,1
parikrama,3,0.1875,1.0,1.0,3,0
parikzit,3,0.375,1.0,1.0,3,1
parimokzaRa,3,1.0,0.5,0.3333,1,0
paripAka,3,0.11538461538461539,1.0,1.0,3,0
pariplava,4,0.21052631578947367,1.0,1.0,1,0
parirakzaRa,3,0.375,1.0,1.0,1,0
parisaMKyA,4,0.19047619047619047,1.0,1.0,12,0
parisamApti,3,0.375,1.0,1.0,2,0
parisarpaRa,3,0.42857142857142855,1.0,1.0,3,0
paritApa,3,0.125,1.0,1.0,4,2
paritApin,3,0.75,0.5,0.3333,1,0
parityAga,3,0.13636363636363635,1.0,1.0,1,3
parivApa,3,0.17647058823529413,1.0,1.0,1,1
parivarta,6,0.20689655172413793,0.8857,0.7333,3,1
parivartaka,5,0.5,0.9,0.8,3,0
parivartana,6,0.2727272727272727,0.6571,0.6,6,2
parivartin,4,0.26666666666666666,0.8,0.6667,3,0
parivatsara,5,0.22727272727272727,1.0,1.0,7,1
parivftti,3,0.15,0.5,0.3333,2,0
parivitta,3,0.375,1.0,1.0,1,0
parizadya,3,0.2727272727272727,0.5,0.3333,0,0
parizkanda,3,0.25,1.0,1.0,2,0
parizvaNga,3,0.17647058823529413,1.0,1.0,2,0
parjanya,4,0.10810810810810811,0.8,0.6667,4,2
parus,4,0.2857142857142857,0.0,0.0,5,2
paruza,4,0.0975609756097561,1.0,1.0,3,4
paruzita,3,0.75,1.0,1.0,2,0
parvan,6,0.1016949152542373,0.4857,0.3333,9,2
parvata,8,0.17391304347826086,0.2619,0.1429,4,4
paryAkula,3,0.375,0.5,0.3333,3,0
paryAya,6,0.11764705882352941,1.0,1.0,9,3
paryAyaSas,3,0.6,1.0,1.0,1,0
paryanta,3,0.08108108108108109,1.0,1.0,3,1
paryutsuka,3,0.42857142857142855,-0.5,-0.3333,1,0
pat,12,0.10909090909090909,0.7343,0.5758,59,21
patAkin,3,0.1875,0.5,0.3333,1,1
pataMga,6,0.10909090909090909,0.6571,0.6,5,3
patatrin,5,0.23809523809523808,0.6,0.4,3,0
patti,3,0.1875,0.5,0.3333,1,2
pattra,6,0.15384615384615385,0.1429,0.3333,14,9
pattrorRa,3,0.25,1.0,1.0,2,0
pavana,4,0.09090909090909091,0.4,0.3333,3,1
paw,4,0.12903225806451613,0.8,0.6667,10,0
pawa,3,0.06521739130434782,0.5,0.3333,3,5
pawala,3,0.058823529411764705,1.0,1.0,4,1
pawara,3,0.42857142857142855,1.0,1.0,1,0
pawwa,3,0.061224489795918366,1.0,1.0,6,8
peSI,5,0.22727272727272727,1.0,1.0,5,0
peSala,3,0.08333333333333333,0.5,0.3333,2,0
peru,3,0.21428571428571427,-1.0,-1.0,5,2
petva,3,0.23076923076923078,-0.5,-0.3333,3,3
pewaka,3,0.13043478260869565,0.5,0.3333,3,1
peya,3,0.17647058823529413,0.5,0.3333,3,1
pfSni,5,0.14285714285714285,0.9,0.8,8,4
pfTivI,4,0.10526315789473684,0.8,0.6667,4,3
pfTu,4,0.06451612903225806,0.2,0.0,3,2
pfTuSravas,3,0.25,1.0,1.0,4,0
pfTubuDna,3,0.375,1.0,1.0,4,0
pfTuka,4,0.21052631578947367,0.8,0.6667,4,0
pfTulAkza,3,0.6,1.0,1.0,3,0
pfTula,3,0.25,1.0,1.0,2,0
pfTuyaSas,3,0.375,1.0,1.0,2,0
pfdAku,4,0.2857142857142857,0.4,0.3333,3,3
pfzata,3,0.125,1.0,1.0,4,0
piDAna,3,0.1875,0.5,0.3333,3,0
piNgAkza,5,0.2777777777777778,0.9,0.8,1,0
piNgala,6,0.1016949152542373,0.3143,0.2,2,4
piRqa,4,0.05555555555555555,1.0,1.0,7,9
piRqadAna,3,0.3333333333333333,1.0,1.0,3,1
piRqada,3,0.5,1.0,1.0,1,2
piRqaka,4,0.23529411764705882,1.0,1.0,1,2
piS,3,0.25,1.0,1.0,7,4
piSitASin,3,0.6,1.0,1.0,0,1
piSuna,3,0.08571428571428572,-0.5,-0.3333,2,3
pinAka,4,0.14285714285714285,0.8,0.6667,4,0
pinAkin,3,0.1875,1.0,1.0,3,0
pippala,3,0.08823529411764706,0.5,0.3333,3,4
pitAmaha,3,0.09090909090909091,0.5,0.3333,2,0
pitu,4,0.4444444444444444,-0.8,-0.6667,4,0
piyAla,3,0.42857142857142855,1.0,1.0,2,1
piz,3,0.061224489795918366,1.0,1.0,19,8
plASi,3,0.42857142857142855,1.0,1.0,3,0
plIhan,3,0.25,1.0,1.0,7,0
plava,6,0.1276595744680851,0.7143,0.6,6,2
plavaMgama,3,0.2727272727272727,0.5,0.3333,3,0
plavaga,4,0.26666666666666666,1.0,1.0,3,0
plavana,5,0.38461538461538464,0.7,0.6,4,1
plu,6,0.07894736842105263,0.6,0.4667,36,12
pluz,3,0.15,0.5,0.3333,8,3
prADAnya,5,0.2631578947368421,0.9,0.8,4,1
prANmuKa,3,0.14285714285714285,0.5,0.3333,4,0
prARAntika,3,0.23076923076923078,1.0,1.0,3,0
prARa,9,0.13043478260869565,0.6333,0.4444,29,6
prASa,3,0.42857142857142855,-0.5,-0.3333,2,1
prASana,4,0.3076923076923077,0.8,0.6667,4,1
prASnika,3,0.375,1.0,1.0,2,0
prAcInAmalaka,3,0.6,1.0,1.0,2,0
prAcInabarhis,3,0.2727272727272727,-0.5,-0.3333,2,0
prAcya,6,0.1875,0.4286,0.4667,7,0
prAgBAra,3,0.2727272727272727,-0.5,-0.3333,4,0
prAgdvAra,3,0.2727272727272727,0.5,0.3333,3,0
prAgjyotiza,4,0.2222222222222222,1.0,1.0,5,2
prAguttara,3,0.6,1.0,1.0,2,0
prAjApatya,5,0.09259259259259259,0.7,0.6,7,1
prAjYa,3,0.1,1.0,1.0,5,1
prAkfta,3,0.06382978723404255,1.0,1.0,4,0
prAnta,4,0.18181818181818182,0.4,0.3333,3,0
prApaRIya,3,0.6,1.0,1.0,1,0
prApaRa,3,0.15789473684210525,-0.5,-0.3333,2,0
prApti,10,0.17857142857142858,0.3576,0.3333,9,2
prArTanIya,3,0.3333333333333333,-0.5,-0.3333,2,1
prAtyahika,3,0.75,1.0,1.0,2,0
prAvAra,3,0.3,1.0,1.0,2,1
prAya,3,0.07142857142857142,-0.5,-0.3333,11,1
prAyaRa,3,0.15,1.0,1.0,3,0
prI,6,0.10526315789473684,0.3714,0.3333,19,5
prIti,3,0.06,0.5,0.3333,5,2
prOQa,7,0.17073170731707318,0.3214,0.2381,9,1
prOzWapada,3,0.17647058823529413,1.0,1.0,2,0
praBA,3,0.061224489795918366,0.5,0.3333,5,0
praBAkara,4,0.12121212121212122,0.8,0.6667,3,0
praBaYjana,5,0.3125,1.0,1.0,3,0
praBadraka,3,0.5,1.0,1.0,1,0
praBeda,5,0.29411764705882354,0.6,0.4,5,0
praBu,4,0.07407407407407407,1.0,1.0,5,6
praButA,3,0.3,1.0,1.0,0,0
praC,4,0.07017543859649122,0.8,0.6667,20,11
praDAna,3,0.04918032786885246,0.5,0.3333,4,2
praDAnatA,4,0.6666666666666666,0.2,0.0,4,0
praDarzaka,3,1.0,0.5,0.3333,2,0
praDyAna,3,0.75,-0.5,-0.3333,3,0
praPulla,3,0.2,0.5,0.3333,2,0
praRASana,4,0.6666666666666666,0.4,0.3333,2,0
praRAda,3,0.3,1.0,1.0,1,0
praRaya,5,0.15151515151515152,0.9,0.8,4,0
praReya,3,0.3,1.0,1.0,3,0
praRiDAna,5,0.25,1.0,1.0,3,1
praRiDi,3,0.16666666666666666,1.0,1.0,1,0
praSAKA,3,0.6,1.0,1.0,1,1
praSaMsya,3,0.3333333333333333,1.0,1.0,4,0
praSamana,6,0.3,0.6571,0.6,8,0
praT,8,0.14285714285714285,0.5952,0.4286,24,2
praTama,3,0.061224489795918366,1.0,1.0,7,5
praTamatas,4,0.3333333333333333,1.0,1.0,2,0
prabala,3,0.09375,0.5,0.3333,1,1
praboDa,5,0.23809523809523808,0.6,0.4,4,1
praboDana,5,0.2631578947368421,0.7,0.6,4,1
praboDya,3,1.0,0.5,0.3333,2,0
pracAra,4,0.17391304347826086,0.0,0.0,5,2
pracetas,6,0.20689655172413793,0.6,0.3333,7,4
pradAna,7,0.175,0.0714,0.0476,5,1
pradakziRa,4,0.125,1.0,1.0,7,2
pradarSana,5,0.35714285714285715,0.9,0.8,3,0
pradarSin,4,1.0,1.0,1.0,3,0
pradeSa,3,0.08108108108108109,1.0,1.0,4,1
pradiS,5,0.2631578947368421,-0.3,-0.2,10,2
pradoza,3,0.10344827586206896,0.5,0.3333,2,0
pradyota,4,0.26666666666666666,1.0,1.0,3,1
pragAQa,4,0.4,1.0,1.0,0,2
pragraha,5,0.18518518518518517,0.7,0.6,4,3
prahAsa,3,0.15,1.0,1.0,1,1
praharaRIya,3,1.0,1.0,1.0,1,0
praharaRa,3,0.11538461538461539,1.0,1.0,1,1
prahartavya,3,0.5,1.0,1.0,3,0
prahasana,3,0.2727272727272727,1.0,1.0,3,0
prahasta,3,0.25,1.0,1.0,2,1
prahlAda,4,0.26666666666666666,0.2,0.0,5,0
prahlAdana,3,0.3333333333333333,0.5,0.3333,3,0
prahrAda,3,0.5,1.0,1.0,2,0
prajApati,4,0.07547169811320754,1.0,1.0,9,2
prajYAna,3,0.15,1.0,1.0,2,0
prajanana,4,0.16,0.8,0.6667,4,2
prakASa,9,0.15254237288135594,0.85,0.6667,10,2
prakASaka,6,0.24,1.0,1.0,6,0
prakASana,3,0.14285714285714285,1.0,1.0,3,1
prakASatva,3,0.6,-0.5,-0.3333,0,0
prakASya,5,0.45454545454545453,0.7,0.6,4,0
prakAma,3,0.16666666666666666,1.0,1.0,1,0
prakAra,3,0.09090909090909091,-0.5,-0.3333,4,1
prakampana,3,0.2727272727272727,1.0,1.0,1,0
prakaraRa,6,0.13953488372093023,0.2,0.2,5,5
prakarza,4,0.14285714285714285,0.8,0.6667,6,1
prakawa,3,0.11538461538461539,1.0,1.0,5,0
prakfti,9,0.10588235294117647,0.4,0.5556,21,11
prakopa,3,0.1875,-0.5,-0.3333,2,0
prakrama,4,0.2222222222222222,1.0,1.0,6,0
prakriyA,5,0.23809523809523808,0.9,0.8,8,3
prakzAlana,4,0.19047619047619047,0.8,0.6667,6,0
prakzepa,3,0.13636363636363635,0.5,0.3333,4,1
prakzeptavya,3,0.75,0.5,0.3333,3,0
pralApa,4,0.18181818181818182,1.0,1.0,2,0
pralApin,3,0.3333333333333333,0.5,0.3333,3,0
pralamba,4,0.17391304347826086,0.8,0.6667,5,1
pralaya,6,0.16216216216216217,0.0857,0.0667,7,0
praloBana,3,0.25,1.0,1.0,3,0
pramA,4,0.15384615384615385,0.4,0.3333,11,0
pramARa,4,0.06060606060606061,0.8,0.6667,18,8
pramATa,3,0.42857142857142855,1.0,1.0,1,0
pramArjana,4,0.5714285714285714,0.8,0.6667,4,0
pramaTana,4,0.4,0.8,0.6667,2,0
pramada,4,0.14285714285714285,0.8,0.6667,1,0
pramardana,5,0.625,0.7,0.6,2,1
pramati,3,0.1875,1.0,1.0,1,0
prameya,4,0.19047619047619047,1.0,1.0,4,1
pramocana,3,0.2727272727272727,1.0,1.0,3,0
pramoda,6,0.16216216216216217,1.0,1.0,5,0
pramuKa,4,0.12121212121212122,1.0,1.0,5,3
prapAta,6,0.25,0.8286,0.7333,2,1
prapaYca,8,0.24242424242424243,0.9048,0.7857,9,2
prapitAmaha,6,0.3,1.0,1.0,2,0
prarocana,5,0.35714285714285715,0.4,0.4,3,0
praroha,4,0.19047619047619047,0.8,0.6667,7,0
prarohaRa,3,0.42857142857142855,0.5,0.3333,3,0
prasADana,3,0.12,0.5,0.3333,1,2
prasAda,7,0.125,0.9643,0.9048,12,3
prasAdana,5,0.22727272727272727,0.9,0.8,4,3
prasAra,3,0.3,1.0,1.0,1,0
prasAraRa,3,0.1875,0.5,0.3333,2,1
prasTAna,4,0.12121212121212122,1.0,1.0,2,2
prasTApana,3,0.6,-0.5,-0.3333,0,0
prasTa,3,0.08571428571428572,-0.5,-0.3333,8,0
prasUti,7,0.23333333333333334,0.8571,0.7143,7,2
prasaMKyAna,3,0.42857142857142855,0.5,0.3333,1,1
prasaNga,6,0.12,0.4857,0.3333,9,2
prasaNgin,3,0.3333333333333333,1.0,1.0,3,0
prasara,3,0.07894736842105263,0.5,0.3333,3,3
prasava,8,0.1568627450980392,0.9048,0.7857,9,2
praseka,3,0.23076923076923078,1.0,1.0,2,2
prasenajit,3,0.23076923076923078,0.5,0.3333,3,0
prasfti,4,0.2222222222222222,-0.6,-0.3333,1,0
prasidDi,3,0.10714285714285714,1.0,1.0,5,1
prasiti,3,0.42857142857142855,-0.5,-0.3333,2,4
prasravaRa,3,0.09375,0.5,0.3333,5,2
prastAra,3,0.17647058823529413,1.0,1.0,1,0
prastAva,5,0.13157894736842105,-0.8,-0.6,8,3
prastAvanA,4,0.21052631578947367,0.4,0.3333,4,1
prastara,3,0.09375,1.0,1.0,3,1
prasveda,3,0.25,1.0,1.0,2,0
pratAna,3,0.16666666666666666,0.5,0.3333,2,0
pratApana,3,0.25,-0.5,-0.3333,3,0
pratIcIna,3,0.21428571428571427,-1.0,-1.0,2,1
pratIcya,3,0.6,1.0,1.0,1,0
pratIkASa,4,0.36363636363636365,0.8,0.6667,2,1
pratIkza,3,0.2727272727272727,-0.5,-0.3333,1,0
pratIkzya,3,0.2,1.0,1.0,2,0
pratIpa,6,0.13953488372093023,0.8286,0.7333,16,5
pratIti,3,0.10344827586206896,-1.0,-1.0,2,1
prataraRa,3,0.16666666666666666,0.5,0.3333,4,1
prati,8,0.12698412698412698,0.7619,0.5714,26,8
pratiBA,8,0.24242424242424243,-0.4048,-0.3571,13,5
pratiBAsa,3,0.3,1.0,1.0,1,0
pratiBAsana,3,0.75,0.5,0.3333,1,0
pratiSrava,3,0.3,1.0,1.0,2,0
pratibanDa,4,0.17391304347826086,1.0,1.0,1,1
pratiboDana,3,0.6,1.0,1.0,2,0
pratigrAhya,3,0.3,1.0,1.0,2,0
pratigraha,5,0.14285714285714285,0.0,0.2,7,4
pratihAra,3,0.06382978723404255,1.0,1.0,8,2
pratijYA,5,0.14705882352941177,0.3,0.2,17,2
pratikAra,3,0.2727272727272727,1.0,1.0,3,0
pratikartavya,6,0.75,1.0,1.0,3,0
pratimA,6,0.13953488372093023,0.4857,0.3333,9,1
pratimuKa,4,0.25,1.0,1.0,6,1
pratipAdaka,3,0.14285714285714285,1.0,1.0,1,1
pratipAdana,5,0.18518518518518517,0.7,0.6,3,1
pratipAdya,3,0.3,1.0,1.0,1,0
pratipad,7,0.1346153846153846,0.0,-0.0476,43,2
pratipattavya,4,0.3333333333333333,0.8,0.6667,3,1
pratipatti,8,0.1568627450980392,0.4286,0.4286,6,4
pratiprasava,3,0.3333333333333333,1.0,1.0,2,0
pratirava,3,0.375,1.0,1.0,3,1
pratisaMdeSa,3,1.0,1.0,1.0,2,0
pratisara,3,0.13043478260869565,1.0,1.0,2,0
pratisvara,3,1.0,1.0,1.0,1,0
prativAdin,3,0.2727272727272727,1.0,1.0,2,0
prativAraRa,3,0.5,-0.5,-0.3333,1,0
prativacana,3,0.2,1.0,1.0,1,0
prativeSin,3,0.5,1.0,1.0,3,0
prativiDAna,3,0.5,1.0,1.0,2,0
prativyUha,3,0.75,1.0,1.0,1,0
pratizWA,9,0.13636363636363635,0.2333,0.1667,33,4
pratizWAna,5,0.2777777777777778,0.6,0.4,5,2
pratizeDa,4,0.12903225806451613,1.0,1.0,6,0
pratyASA,3,0.2727272727272727,0.5,0.3333,1,1
pratyAhAra,3,0.125,1.0,1.0,3,1
pratyAyana,3,0.375,0.5,0.3333,1,0
pratyaBijYA,3,0.1875,-0.5,-0.3333,4,0
pratyaNga,4,0.25,0.8,0.6667,4,1
pratyaNgam,4,0.4,1.0,1.0,4,0
pratyaYc,5,0.10638297872340426,0.8,0.6,11,3
pratyagra,5,0.20833333333333334,0.1,0.0,4,1
pratyaksrotas,3,0.75,1.0,1.0,2,0
pratyanIka,4,0.21052631578947367,1.0,1.0,7,0
pratyavAya,3,0.13043478260869565,1.0,1.0,3,0
pratyaya,5,0.07936507936507936,0.7,0.6,7,8
pratyuttara,3,0.3333333333333333,1.0,1.0,2,0
pravAda,5,0.21739130434782608,0.7,0.6,4,3
pravAhin,3,0.42857142857142855,1.0,1.0,1,0
pravIra,3,0.17647058823529413,1.0,1.0,2,0
pravaRa,4,0.0851063829787234,1.0,1.0,10,6
pravacana,4,0.10810810810810811,0.4,0.3333,5,1
pravaha,4,0.25,1.0,1.0,2,1
pravara,4,0.07142857142857142,0.4,0.3333,4,4
pravartana,4,0.14285714285714285,-0.2,0.0,6,1
pravartin,3,0.1875,1.0,1.0,3,0
pravayas,3,0.1875,1.0,1.0,4,1
praveSa,8,0.2,0.2619,0.1429,5,0
praveSaka,4,0.2857142857142857,0.4,0.3333,3,3
praveSya,4,0.4444444444444444,1.0,1.0,3,0
pravezwavya,3,0.2727272727272727,0.5,0.3333,2,0
pravftti,9,0.13432835820895522,0.5333,0.6111,13,0
pravrajita,3,0.16666666666666666,1.0,1.0,4,0
prayoga,11,0.14285714285714285,0.9455,0.8909,15,3
prayojaka,3,0.13043478260869565,1.0,1.0,2,1
prayojana,4,0.10256410256410256,0.4,0.3333,6,1
prayojya,3,0.15,0.5,0.3333,2,0
prayoktavya,4,0.3076923076923077,1.0,1.0,2,0
prayuta,3,0.2,-1.0,-1.0,2,0
prazwavya,3,0.21428571428571427,1.0,1.0,4,0
preNKa,3,0.13043478260869565,1.0,1.0,7,0
preNKaRa,3,0.375,0.5,0.3333,1,0
prekzA,5,0.23809523809523808,0.9,0.8,6,0
prekzAgAra,3,1.0,-0.5,-0.3333,2,0
prekzaRa,3,0.1875,1.0,1.0,4,0
prekzaka,3,0.2727272727272727,0.5,0.3333,2,1
preraRa,6,0.5454545454545454,-0.0857,-0.0667,4,1
prezya,3,0.13636363636363635,1.0,1.0,1,1
priya,4,0.06451612903225806,0.4,0.3333,7,4
priyaMkara,5,0.38461538461538464,1.0,1.0,3,0
priyaMvada,3,0.12,1.0,1.0,1,0
priyaNgu,6,0.23076923076923078,0.8286,0.7333,6,0
priyadarSana,3,0.17647058823529413,1.0,1.0,1,0
priyaka,5,0.38461538461538464,1.0,1.0,3,0
priyatva,3,0.375,1.0,1.0,2,0
priyavAdin,3,0.2727272727272727,1.0,1.0,3,0
prozWa,3,0.3,1.0,1.0,0,1
pruz,3,0.2,0.5,0.3333,10,2
psA,4,0.26666666666666666,-0.2,0.0,9,1
puMstva,3,0.2727272727272727,1.0,1.0,2,0
puRqarIka,6,0.13333333333333333,0.2571,0.2,2,2
puT,4,0.5,1.0,1.0,4,1
puloman,3,0.21428571428571427,1.0,1.0,2,0
punarAvartin,3,0.75,1.0,1.0,1,0
punarjanman,3,1.0,1.0,1.0,1,0
punarmaGa,3,0.75,0.5,0.3333,2,0
punarukta,3,0.1875,1.0,1.0,4,1
purAtana,3,0.13043478260869565,1.0,1.0,1,0
purIzavAhaRa,3,0.6,1.0,1.0,2,0
pura,4,0.08888888888888889,0.8,0.6667,5,5
puraMjaya,3,0.2727272727272727,1.0,1.0,0,0
puras,3,0.075,-0.5,-0.3333,2,1
purovartin,3,0.75,1.0,1.0,0,0
purumIQa,3,0.2727272727272727,1.0,1.0,3,0
puruzArTa,5,0.3333333333333333,0.9,0.8,6,0
puruza,7,0.0958904109589041,0.0357,-0.1429,15,15
puruzakAra,3,0.1875,1.0,1.0,2,0
puruzottama,3,0.09375,-0.5,-0.3333,2,1
puttikA,4,0.26666666666666666,0.4,0.3333,3,2
puz,6,0.10526315789473684,0.5429,0.3333,20,15
puzkala,6,0.11320754716981132,0.6571,0.6,3,2
puzkara,7,0.08333333333333333,0.8214,0.619,8,3
puzkarin,3,0.1111111111111111,1.0,1.0,0,0
puzpa,9,0.1836734693877551,0.4,0.3889,4,1
puzpadanta,5,0.22727272727272727,-0.1,0.0,0,0
puzpaka,4,0.2222222222222222,0.8,0.6667,2,1
puzpita,4,0.15384615384615385,1.0,1.0,1,0
puzwi,6,0.13953488372093023,0.3714,0.3333,5,3
puzya,3,0.08823529411764706,1.0,1.0,2,1
qI,3,0.15,0.5,0.3333,5,11
qambara,6,0.5454545454545454,-0.2,-0.0667,5,0
qiRqima,5,0.2777777777777778,1.0,1.0,4,0
qimBa,3,0.21428571428571427,1.0,1.0,6,0
qima,3,0.5,-0.5,-0.3333,2,0
qimba,4,0.2,1.0,1.0,2,0
rAD,7,0.1076923076923077,0.7857,0.619,31,11
rAgin,3,0.08571428571428572,1.0,1.0,2,1
rAj,4,0.06779661016949153,0.8,0.6667,11,13
rAjIva,3,0.13043478260869565,1.0,1.0,3,0
rAjahaMsa,3,0.13043478260869565,1.0,1.0,2,0
rAjaka,3,0.13043478260869565,1.0,1.0,4,0
rAjaveSman,3,1.0,1.0,1.0,2,0
rAjila,3,0.42857142857142855,-0.5,-0.3333,2,1
rAma,3,0.05172413793103448,1.0,1.0,8,2
rAs,3,0.42857142857142855,0.5,0.3333,4,0
rAvaRa,3,0.125,0.5,0.3333,8,1
rAvaRi,3,0.42857142857142855,1.0,1.0,1,0
rAzwraBft,3,0.21428571428571427,1.0,1.0,4,0
rEBya,3,0.25,1.0,1.0,1,0
rEvata,8,0.2222222222222222,0.6429,0.6429,8,1
rIti,3,0.0967741935483871,1.0,1.0,7,5
rOdra,6,0.13333333333333333,0.7714,0.6,3,0
rOhiRa,3,0.10714285714285714,1.0,1.0,4,0
rOkzya,4,0.5714285714285714,1.0,1.0,2,0
rUkza,4,0.1,-0.4,-0.3333,5,2
rUpa,10,0.14084507042253522,0.1152,0.2444,11,3
rUpaka,6,0.18181818181818182,0.9429,0.8667,7,1
rUpya,3,0.12,1.0,1.0,1,2
raB,3,0.04477611940298507,0.5,0.3333,13,14
raBasa,3,0.07142857142857142,1.0,1.0,3,3
raD,4,0.21052631578947367,0.8,0.6667,17,4
raGu,3,0.13043478260869565,0.5,0.3333,9,4
raNG,3,1.0,1.0,1.0,2,0
raNga,4,0.12121212121212122,0.8,0.6667,5,1
raRotkawa,3,1.0,1.0,1.0,0,0
raTANga,4,0.16,0.4,0.3333,6,0
raTAkza,3,0.375,1.0,1.0,2,0
raYjana,4,0.14285714285714285,0.8,0.6667,1,0
rac,10,0.2127659574468085,0.9515,0.8667,12,1
racana,6,0.1875,0.7143,0.6,8,1
rad,3,0.3,1.0,1.0,12,2
radana,3,0.42857142857142855,1.0,1.0,1,0
raja,3,0.23076923076923078,1.0,1.0,0,0
rajas,8,0.14814814814814814,0.8333,0.7143,19,7
rajata,3,0.08571428571428572,0.5,0.3333,4,1
raktAkza,3,0.15,1.0,1.0,2,0
rakz,6,0.1111111111111111,0.9429,0.8667,25,6
rakzaRIya,3,0.2727272727272727,0.5,0.3333,2,0
rakzaka,3,0.42857142857142855,1.0,1.0,2,0
rakzoGna,4,0.26666666666666666,0.8,0.6667,2,0
ram,6,0.0625,0.7714,0.6,36,17
ramBa,4,0.08888888888888889,0.8,0.6667,1,0
ramaRa,4,0.08695652173913043,0.4,0.3333,3,1
ramati,3,0.375,1.0,1.0,2,1
ramyaka,3,0.1875,-0.5,-0.3333,1,0
ranDra,3,0.075,-0.5,-0.3333,3,0
ranti,4,0.3076923076923077,1.0,1.0,4,0
rarAwa,3,0.3,1.0,1.0,3,0
ras,6,0.17647058823529413,0.8857,0.7333,9,3
rasa,5,0.05952380952380952,0.6,0.4,26,14
rasajYa,3,0.17647058823529413,-0.5,-0.3333,4,1
rasana,4,0.14814814814814814,0.8,0.6667,2,1
rati,3,0.06521739130434782,1.0,1.0,5,1
ratnAvalI,3,0.23076923076923078,0.5,0.3333,4,1
ratna,3,0.07692307692307693,0.5,0.3333,5,1
ratnagarBa,3,0.23076923076923078,1.0,1.0,3,0
rava,4,0.16666666666666666,0.8,0.6667,4,1
raw,6,0.2222222222222222,0.4286,0.4667,8,0
reRu,6,0.15789473684210525,0.4286,0.4667,5,2
reRuka,4,0.3333333333333333,0.2,0.0,0,0
recaka,3,0.1111111111111111,0.5,0.3333,1,0
recana,3,0.21428571428571427,1.0,1.0,1,0
retoDA,3,0.25,1.0,1.0,2,0
revata,3,0.25,1.0,1.0,0,0
ric,7,0.09210526315789473,1.0,1.0,32,10
rih,3,0.25,-1.0,-1.0,9,2
riz,5,0.16129032258064516,0.7,0.6,16,3
roDa,4,0.14814814814814814,0.8,0.6667,2,0
roDas,3,0.125,0.5,0.3333,1,2
rocamAna,3,0.375,-0.5,-0.3333,2,0
rocana,5,0.10416666666666667,1.0,1.0,10,2
rohaRa,3,0.1875,1.0,1.0,2,0
rohin,4,0.3333333333333333,0.8,0.6667,1,0
rohit,5,0.3125,0.9,0.8,2,0
rohita,8,0.10810810810810811,0.9524,0.8571,7,7
roman,3,0.1111111111111111,0.5,0.3333,2,0
ropaRa,4,0.4444444444444444,0.8,0.6667,1,1
ru,4,0.07017543859649122,0.0,0.0,21,7
ruD,10,0.10101010101010101,0.6242,0.4667,51,17
ruDira,3,0.12,1.0,1.0,9,2
ruc,8,0.11764705882352941,0.7381,0.6429,48,20
rucaka,3,0.08571428571428572,1.0,1.0,3,12
ruci,4,0.08163265306122448,0.4,0.3333,4,1
rud,4,0.06557377049180328,0.8,0.6667,14,8
rudra,4,0.06451612903225806,1.0,1.0,16,9
ruh,8,0.07339449541284404,0.5238,0.2857,43,29
ruj,3,0.06976744186046512,0.5,0.3333,14,5
rup,4,0.5,1.0,1.0,6,1
ruru,4,0.16,1.0,1.0,1,0
ruz,4,0.1,0.2,0.0,18,2
sABimAna,3,0.5,0.5,0.3333,3,0
sAD,8,0.11940298507462686,0.9048,0.7857,39,4
sADAraRa,4,0.08163265306122448,0.8,0.6667,3,0
sADaka,6,0.13953488372093023,0.4857,0.3333,3,0
sADanIya,3,0.25,1.0,1.0,1,0
sADana,13,0.1780821917808219,0.5055,0.4103,20,1
sADu,7,0.10606060606060606,0.9286,0.8095,21,5
sADuyA,3,0.375,0.5,0.3333,2,0
sADya,11,0.13924050632911392,0.8,0.6364,15,1
sAMtapana,3,0.13636363636363635,1.0,1.0,4,0
sANga,3,0.23076923076923078,0.5,0.3333,1,0
sAda,3,0.15789473684210525,0.5,0.3333,2,2
sAgara,4,0.0851063829787234,0.0,0.0,7,1
sAhasa,3,0.08333333333333333,1.0,1.0,6,0
sAhasra,3,0.11538461538461539,0.5,0.3333,1,0
sAhitya,4,0.3076923076923077,1.0,1.0,4,0
sAkzAt,4,0.09302325581395349,1.0,1.0,4,0
sAmAnya,6,0.11538461538461539,1.0,1.0,9,0
sAmIpya,3,0.2,1.0,1.0,3,0
sAman,4,0.08163265306122448,0.4,0.3333,10,5
sAmarTya,6,0.15789473684210525,0.2,0.0667,5,1
sAmayika,4,0.36363636363636365,0.8,0.6667,2,0
sAmudra,6,0.2727272727272727,0.8286,0.7333,2,1
sAmya,4,0.09523809523809523,0.2,0.0,6,0
sAndra,4,0.10526315789473684,0.2,0.0,6,0
sAnubanDa,3,1.0,1.0,1.0,2,0
sApatna,3,0.6,0.5,0.3333,0,0
sApekza,4,0.3076923076923077,0.8,0.6667,3,0
sArTa,4,0.12121212121212122,1.0,1.0,2,0
sAra,8,0.0963855421686747,0.5238,0.4286,15,6
sAraNga,4,0.0784313725490196,0.8,0.6667,31,2
sAraRa,3,0.1875,1.0,1.0,2,0
sArasa,7,0.1794871794871795,0.4286,0.4286,3,1
sArasvata,3,0.07692307692307693,1.0,1.0,3,1
sArvaBOma,3,0.09090909090909091,1.0,1.0,1,1
sAttvika,3,0.10714285714285714,0.5,0.3333,3,0
sAvarRa,3,0.42857142857142855,1.0,1.0,2,0
sAvitra,7,0.16279069767441862,0.9286,0.8095,8,3
sAyaka,4,0.16,0.2,0.0,1,0
sEnDava,5,0.15151515151515152,1.0,1.0,5,0
sEnika,3,0.17647058823529413,1.0,1.0,1,0
sEnya,3,0.15,1.0,1.0,3,0
sImAnta,5,0.3333333333333333,0.9,0.8,3,0
sIman,4,0.1,1.0,1.0,6,0
sImanta,4,0.16,0.8,0.6667,3,0
sItA,4,0.1,0.2,0.0,14,1
sKal,3,0.058823529411764705,1.0,1.0,17,1
sKalana,6,0.3333333333333333,1.0,1.0,2,0
sODa,4,0.17391304347826086,1.0,1.0,2,0
sOdAmanI,3,0.13043478260869565,1.0,1.0,1,0
sOganDika,3,0.13636363636363635,1.0,1.0,3,0
sOhfda,3,0.1875,0.5,0.3333,1,0
sOhitya,3,0.15789473684210525,1.0,1.0,2,0
sOmanasa,4,0.25,1.0,1.0,4,1
sOmanasya,4,0.36363636363636365,1.0,1.0,2,0
sOmya,7,0.09722222222222222,0.7143,0.619,11,4
sOptika,4,0.5714285714285714,1.0,1.0,2,0
sOrIya,3,0.75,1.0,1.0,1,0
sOra,3,0.06818181818181818,1.0,1.0,3,2
sOraBa,4,0.16,1.0,1.0,1,0
sOvIra,3,0.10714285714285714,1.0,1.0,1,0
sOva,3,0.6,1.0,1.0,1,0
sPIta,4,0.18181818181818182,0.4,0.3333,2,0
sPUrj,4,0.13333333333333333,0.4,0.3333,6,0
sPowana,6,0.3157894736842105,0.9429,0.8667,3,0
sPur,10,0.13513513513513514,0.5152,0.4667,28,0
sPuraRa,4,0.2,0.4,0.3333,4,0
sPuw,9,0.17647058823529413,0.45,0.3889,34,1
sPuwa,6,0.11320754716981132,0.8286,0.7333,6,3
sPuwatva,3,0.42857142857142855,1.0,1.0,2,0
sPya,3,0.1875,1.0,1.0,6,0
sTA,13,0.0962962962962963,0.8956,0.7179,100,51
sTARu,4,0.06779661016949153,0.4,0.3333,3,3
sTAman,3,0.3,1.0,1.0,2,0
sTAna,12,0.12631578947368421,0.2937,0.1212,44,3
sTAnaka,3,0.2,-0.5,-0.3333,2,1
sTApana,5,0.1724137931034483,1.0,1.0,3,1
sTApya,5,0.5,1.0,1.0,1,0
sTAvara,7,0.14893617021276595,0.2857,0.2381,6,1
sTAyin,5,0.16666666666666666,1.0,1.0,6,0
sTErya,6,0.20689655172413793,1.0,1.0,7,0
sTURAkarRa,3,0.6,-0.5,-0.3333,0,0
sTUla,3,0.05555555555555555,1.0,1.0,5,4
sTUlaSiras,3,0.5,1.0,1.0,1,0
sTag,3,0.11538461538461539,1.0,1.0,7,0
sTala,5,0.10638297872340426,1.0,1.0,3,1
sTalaja,3,0.3333333333333333,1.0,1.0,2,0
sTapati,5,0.1388888888888889,1.0,1.0,8,0
sTavira,3,0.07142857142857142,1.0,1.0,5,0
sTeman,3,0.3,1.0,1.0,2,0
sTeya,4,0.18181818181818182,1.0,1.0,5,1
sTirIBU,3,0.75,1.0,1.0,3,0
sTira,4,0.06557377049180328,1.0,1.0,14,1
sTiratA,3,0.3333333333333333,1.0,1.0,2,0
sTiratva,3,0.42857142857142855,1.0,1.0,1,0
sTita,7,0.1076923076923077,0.5714,0.4286,23,2
sTiti,14,0.2,-0.2264,-0.1429,28,0
sUcImuKa,5,0.25,1.0,1.0,4,1
sUcIvaktra,3,0.6,1.0,1.0,1,1
sUci,4,0.07407407407407407,0.8,0.6667,18,2
sUd,5,0.2777777777777778,0.9,0.8,12,3
sUda,5,0.16666666666666666,0.7,0.6,4,0
sUdana,3,0.23076923076923078,1.0,1.0,2,0
sUkzma,5,0.09433962264150944,0.7,0.6,8,3
sUnfta,3,0.09375,0.5,0.3333,3,2
sUpa,3,0.14285714285714285,-0.5,-0.3333,3,0
sUryAkza,3,1.0,1.0,1.0,1,1
sUrya,3,0.05263157894736842,1.0,1.0,8,3
sUryavarcas,5,0.5555555555555556,1.0,1.0,5,0
sUtaka,3,0.08571428571428572,1.0,1.0,3,0
sUti,5,0.25,0.0,0.2,4,1
sUtra,3,0.046153846153846156,0.5,0.3333,11,1
sUtraDAra,3,0.13043478260869565,1.0,1.0,4,0
sUtrakAra,3,0.2727272727272727,1.0,1.0,2,1
sUtu,3,1.0,1.0,1.0,2,0
saBApati,3,0.5,1.0,1.0,1,0
saMDA,6,0.1875,-0.7143,-0.4667,31,0
saMDAna,8,0.17391304347826086,1.0,1.0,10,3
saMDi,15,0.19736842105263158,0.65,0.5238,20,3
saMDukzaRa,3,0.42857142857142855,0.5,0.3333,2,0
saMGAta,14,0.21875,0.9473,0.8681,12,1
saMGawwana,3,0.2727272727272727,1.0,1.0,4,0
saMKyAna,3,0.14285714285714285,1.0,1.0,3,0
saMSlezaRa,3,0.42857142857142855,1.0,1.0,2,0
saMSravaRa,4,0.4,1.0,1.0,4,0
saMSraya,4,0.14285714285714285,0.2,0.0,7,1
saMSrayin,3,0.6,1.0,1.0,2,0
saMcAra,4,0.10810810810810811,-1.0,-1.0,2,0
saMcArin,7,0.2,0.3214,0.2381,6,0
saMcara,4,0.19047619047619047,1.0,1.0,5,0
saMdIpana,4,0.5,0.8,0.6667,2,0
saMdaMSa,7,0.25925925925925924,0.8929,0.8095,7,1
saMdarSana,8,0.3076923076923077,0.1905,0.1429,11,1
saMgama,5,0.11627906976744186,-0.2,-0.2,5,1
saMgamana,3,0.3333333333333333,1.0,1.0,2,0
saMgata,3,0.12,0.5,0.3333,6,0
saMgati,3,0.07894736842105263,-0.5,-0.3333,5,2
saMgrAhya,3,0.3333333333333333,0.5,0.3333,1,0
saMgraha,10,0.1694915254237288,0.7939,0.6,17,8
saMgrahaRa,9,0.391304347826087,0.9,0.8333,6,2
saMhAra,7,0.1794871794871795,0.8929,0.8095,5,4
saMhanana,4,0.2222222222222222,1.0,1.0,2,0
saMharaRa,4,0.5714285714285714,1.0,1.0,2,0
saMhartavya,3,1.0,1.0,1.0,0,0
saMharza,3,0.16666666666666666,0.5,0.3333,2,1
saMhita,5,0.125,0.2,0.2,2,1
saMhrAda,3,0.42857142857142855,0.5,0.3333,3,0
saMjIvana,3,0.17647058823529413,0.5,0.3333,3,1
saMjYA,10,0.15384615384615385,-0.3576,-0.2444,33,0
saMjYAna,3,0.15789473684210525,-0.5,-0.3333,5,0
saMjaya,4,0.16666666666666666,1.0,1.0,2,0
saMkIrRa,3,0.2727272727272727,-0.5,-0.3333,3,0
saMkara,3,0.10714285714285714,-0.5,-0.3333,3,0
saMkawa,4,0.10526315789473684,1.0,1.0,7,1
saMketa,3,0.10344827586206896,0.5,0.3333,3,1
saMketaka,3,0.75,0.5,0.3333,2,0
saMkfti,3,0.15,1.0,1.0,4,0
saMkleda,3,0.42857142857142855,0.5,0.3333,1,0
saMkoca,4,0.14285714285714285,0.0,0.0,2,1
saMkocana,4,0.5714285714285714,0.8,0.6667,2,0
saMkrama,5,0.18518518518518517,1.0,1.0,2,0
saMkramaRa,3,0.13636363636363635,1.0,1.0,2,0
saMkrandana,3,0.25,1.0,1.0,2,1
saMkula,4,0.12121212121212122,0.8,0.6667,4,0
saMkzepa,5,0.14285714285714285,0.7,0.6,3,0
saMnAha,3,0.15789473684210525,0.5,0.3333,3,0
saMnahana,5,0.35714285714285715,1.0,1.0,4,0
saMnati,5,0.2777777777777778,0.4,0.4,3,3
saMniDAna,3,0.11538461538461539,-1.0,-1.0,5,0
saMniDi,3,0.09375,1.0,1.0,5,0
saMnikarza,4,0.11428571428571428,1.0,1.0,4,1
saMnipAta,3,0.08333333333333333,0.5,0.3333,4,2
saMniveSa,5,0.14285714285714285,0.1,0.0,9,0
saMniveSana,4,0.6666666666666666,1.0,1.0,2,0
saMnyAsa,5,0.20833333333333334,0.9,0.8,4,0
saMrakzya,3,0.25,-0.5,-0.3333,2,0
saMramBa,3,0.1111111111111111,1.0,1.0,4,2
saMramBin,3,0.5,1.0,1.0,2,0
saMroDa,7,0.3333333333333333,0.4643,0.4286,4,0
saMsADya,4,0.6666666666666666,1.0,1.0,2,0
saMsTAna,6,0.11764705882352941,1.0,1.0,6,1
saMsTa,3,0.05,0.5,0.3333,3,5
saMsTiti,7,0.2413793103448276,1.0,1.0,8,0
saMsad,4,0.13333333333333333,0.4,0.3333,8,3
saMsarga,5,0.09803921568627451,0.5,0.4,5,1
saMsevya,3,0.5,1.0,1.0,1,0
saMsidDi,3,0.13043478260869565,0.5,0.3333,5,0
saMskAra,6,0.07407407407407407,0.8286,0.7333,12,5
saMskfta,4,0.125,0.8,0.6667,8,1
saMsrAva,3,0.2727272727272727,1.0,1.0,2,0
saMsrava,3,0.17647058823529413,0.5,0.3333,2,0
saMstamBa,3,0.5,1.0,1.0,3,0
saMstara,3,0.17647058823529413,0.5,0.3333,3,0
saMtAna,7,0.14583333333333334,0.1429,0.0476,4,1
saMtati,4,0.08333333333333333,1.0,1.0,2,0
saMvAha,3,0.2,0.5,0.3333,1,0
saMvAhana,4,0.23529411764705882,1.0,1.0,2,0
saMvAsa,3,0.2,0.5,0.3333,2,1
saMvAsin,3,0.6,1.0,1.0,2,0
saMvarDana,5,0.35714285714285715,1.0,1.0,2,0
saMvaraRa,6,0.2222222222222222,0.8286,0.7333,6,0
saMvarta,6,0.15789473684210525,0.6571,0.6,5,1
saMvartaka,3,0.125,0.5,0.3333,3,0
saMvatsara,4,0.09302325581395349,0.8,0.6667,11,0
saMvega,3,0.21428571428571427,1.0,1.0,2,0
saMviBAgin,4,0.8,0.8,0.6667,2,0
saMviDi,3,0.5,1.0,1.0,2,1
saMvid,5,0.1,0.5,0.4,16,2
saMvijYAna,3,0.42857142857142855,-0.5,-0.3333,1,0
saMvyavahAra,3,0.17647058823529413,-0.5,-0.3333,3,0
saMyAna,6,0.6,-0.0857,-0.0667,3,0
saMyamana,4,0.16,1.0,1.0,2,1
saMyat,3,0.15,1.0,1.0,6,0
saMyoga,8,0.16326530612244897,0.5238,0.2857,10,2
saMyogin,3,0.23076923076923078,1.0,1.0,3,0
saPala,3,0.17647058823529413,0.5,0.3333,3,0
saYj,7,0.07,0.75,0.619,20,11
sabala,3,0.17647058823529413,1.0,1.0,1,1
sabanDu,3,0.42857142857142855,1.0,1.0,2,0
sac,3,0.17647058823529413,1.0,1.0,29,7
sad,5,0.04950495049504951,0.9,0.8,33,11
sadAgati,3,0.21428571428571427,1.0,1.0,5,0
sadBAva,4,0.14285714285714285,0.8,0.6667,6,0
sadaSva,3,0.2727272727272727,1.0,1.0,3,0
sadas,4,0.11428571428571428,0.4,0.3333,5,1
sadfSa,3,0.07317073170731707,-0.5,-0.3333,1,0
sagarBa,3,0.3333333333333333,1.0,1.0,1,0
sagara,6,0.2608695652173913,-0.6,-0.4667,12,0
saguRa,3,0.15789473684210525,1.0,1.0,3,0
sah,9,0.1323529411764706,0.8333,0.6667,56,8
sahAyatva,3,1.0,1.0,1.0,2,0
saha,6,0.08823529411764706,-0.3714,-0.3333,12,3
sahacAra,3,0.75,1.0,1.0,2,0
sahacArin,3,0.23076923076923078,-0.5,-0.3333,1,0
sahadeva,3,0.08823529411764706,0.5,0.3333,2,1
sahaja,4,0.1111111111111111,1.0,1.0,5,0
sahakAra,5,0.25,1.0,1.0,2,0
sahas,3,0.06521739130434782,1.0,1.0,7,1
sahasrAkza,3,0.1,-0.5,-0.3333,5,0
sahasrAyus,3,0.6,1.0,1.0,2,0
sahasra,3,0.06666666666666667,-1.0,-1.0,18,1
sahasraka,5,0.625,-0.1,0.0,3,0
sahasrapattra,4,0.5714285714285714,1.0,1.0,2,0
sahfdaya,4,0.2222222222222222,1.0,1.0,3,0
sahya,3,0.08333333333333333,-1.0,-1.0,3,0
sajozas,3,0.5,0.5,0.3333,3,1
sajya,3,0.75,1.0,1.0,1,0
sakAma,5,0.19230769230769232,1.0,1.0,5,0
salIla,3,0.25,1.0,1.0,2,0
salila,4,0.10256410256410256,1.0,1.0,5,2
salilodBava,3,1.0,1.0,1.0,0,0
samA,3,0.1111111111111111,1.0,1.0,2,1
samADAna,5,0.1724137931034483,1.0,1.0,3,0
samADeya,3,0.42857142857142855,1.0,1.0,1,0
samADi,7,0.11864406779661017,0.8571,0.7143,19,1
samASraya,4,0.25,1.0,1.0,7,0
samASvAsa,3,0.75,1.0,1.0,1,0
samASvAsana,3,1.0,0.5,0.3333,2,0
samAcAra,4,0.26666666666666666,0.8,0.6667,2,0
samAgama,3,0.13636363636363635,1.0,1.0,3,0
samAhAra,4,0.18181818181818182,0.2,0.0,4,1
samAhvAna,4,1.0,1.0,1.0,2,0
samAhvaya,3,0.3,1.0,1.0,2,0
samAja,3,0.10714285714285714,1.0,1.0,3,0
samAna,5,0.09803921568627451,0.7,0.6,10,3
samAveSa,4,0.23529411764705882,1.0,1.0,2,1
samIraRa,3,0.125,1.0,1.0,3,0
samUha,3,0.11538461538461539,0.5,0.3333,1,0
sama,8,0.0963855421686747,0.619,0.5714,18,8
samaDika,3,0.23076923076923078,0.5,0.3333,3,0
samaduHKasuKa,3,0.6,1.0,1.0,2,0
samagra,4,0.16666666666666666,0.4,0.3333,3,0
samanvaya,3,0.23076923076923078,1.0,1.0,2,0
samara,4,0.13333333333333333,0.8,0.6667,3,1
samarpaRa,4,0.2222222222222222,1.0,1.0,3,0
samasyA,3,0.23076923076923078,0.5,0.3333,2,0
samatA,4,0.18181818181818182,0.8,0.6667,6,0
samatva,3,0.15789473684210525,1.0,1.0,4,0
samavAyin,3,0.17647058823529413,-0.5,-0.3333,3,0
samavakAra,3,0.375,1.0,1.0,2,0
samaya,12,0.1791044776119403,0.6364,0.5455,22,5
samazwi,4,0.36363636363636365,0.8,0.6667,3,1
samfdDi,3,0.10344827586206896,1.0,1.0,4,1
saminDana,3,0.375,1.0,1.0,0,0
samiti,3,0.11538461538461539,1.0,1.0,6,0
samrAj,3,0.08823529411764706,1.0,1.0,4,0
samucCraya,5,0.23809523809523808,1.0,1.0,5,2
samuccaya,4,0.12121212121212122,1.0,1.0,5,0
samudAcAra,3,0.3,1.0,1.0,3,0
samudBeda,3,1.0,1.0,1.0,2,0
samuddeSa,3,0.3333333333333333,1.0,1.0,3,0
samudra,7,0.11864406779661017,0.5357,0.4286,16,2
samutTAna,6,0.375,1.0,1.0,6,2
san,3,0.14285714285714285,1.0,1.0,25,1
sanABi,3,0.14285714285714285,1.0,1.0,5,2
sanAtana,4,0.1111111111111111,0.8,0.6667,0,0
sap,5,0.5,0.6,0.4,5,4
sapakza,3,0.1875,1.0,1.0,2,1
sapatnakzayaRa,3,1.0,1.0,1.0,2,0
sapatnasAha,3,0.75,1.0,1.0,2,0
saptadaSa,5,0.20833333333333334,0.6,0.4,9,1
saptaka,5,0.1724137931034483,0.7,0.6,6,0
saptaparRa,3,0.16666666666666666,1.0,1.0,2,0
saptarAtra,3,0.17647058823529413,1.0,1.0,4,0
sarAga,3,0.3,1.0,1.0,2,0
sara,3,0.11538461538461539,1.0,1.0,1,2
saraka,5,0.21739130434782608,0.4,0.4,1,1
sarala,4,0.09523809523809523,1.0,1.0,7,0
sarasa,7,0.23333333333333334,0.8929,0.8095,8,0
sarga,6,0.15384615384615385,0.5429,0.4667,10,3
sarira,3,0.75,1.0,1.0,1,1
sarjarasa,3,0.2727272727272727,0.5,0.3333,1,0
sarpa,3,0.08333333333333333,0.5,0.3333,2,1
sarparAja,3,0.42857142857142855,0.5,0.3333,1,0
sarvANga,4,0.21052631578947367,1.0,1.0,5,1
sarvAtman,3,0.10714285714285714,0.5,0.3333,7,0
sarvaTA,3,0.10344827586206896,1.0,1.0,6,0
sarvadamana,3,0.5,1.0,1.0,2,0
sarvaga,3,0.13636363636363635,0.5,0.3333,2,1
sarvahara,3,0.3333333333333333,1.0,1.0,3,0
sarvajYa,3,0.08823529411764706,0.5,0.3333,3,1
sarvaloka,5,0.4166666666666667,0.9,0.8,4,0
sarvaratnamaya,3,1.0,-0.5,-0.3333,1,0
sarvatas,4,0.10810810810810811,0.8,0.6667,5,0
sarvatoBadra,3,0.10714285714285714,1.0,1.0,5,1
sarvatomuKa,4,0.16,0.8,0.6667,2,1
sarvatraga,3,0.2727272727272727,1.0,1.0,2,1
sas,5,0.5555555555555556,-0.3,-0.2,4,0
satIna,3,0.23076923076923078,-0.5,-0.3333,2,1
satIrTa,3,0.375,1.0,1.0,0,0
satkAra,4,0.2,-0.4,-0.3333,2,1
satkArya,4,0.6666666666666666,-0.2,0.0,2,1
satkriyA,4,0.2,0.8,0.6667,4,0
satkula,3,0.5,0.5,0.3333,2,0
satpaTa,3,0.3333333333333333,0.5,0.3333,2,0
satpati,3,0.25,1.0,1.0,3,0
sattra,3,0.07142857142857142,0.5,0.3333,4,0
sattrin,3,0.14285714285714285,1.0,1.0,1,1
sattva,6,0.08955223880597014,0.7143,0.6,12,4
satvan,4,0.4,0.8,0.6667,2,0
satyOjas,3,1.0,-0.5,-0.3333,2,0
satya,5,0.06493506493506493,0.3,0.2,14,7
satyaDarman,3,0.42857142857142855,-0.5,-0.3333,3,1
satyaDfti,3,0.21428571428571427,1.0,1.0,4,0
satyajit,5,0.5,0.9,0.8,2,0
satyanAman,3,0.42857142857142855,0.5,0.3333,3,0
satyatA,3,0.375,1.0,1.0,2,0
satyavAc,6,0.2727272727272727,0.8857,0.7333,3,1
satyavrata,3,0.16666666666666666,1.0,1.0,4,0
savAtya,4,0.8,1.0,1.0,4,0
savIrya,3,0.42857142857142855,-0.5,-0.3333,3,0
sava,4,0.11764705882352941,1.0,1.0,7,3
savana,5,0.1111111111111111,0.2,0.2,10,1
savayas,3,0.25,1.0,1.0,2,1
savraRa,3,1.0,1.0,1.0,0,0
savya,3,0.075,-0.5,-0.3333,9,1
sayatva,3,1.0,1.0,1.0,2,0
secana,4,0.25,1.0,1.0,2,1
sedi,3,0.75,1.0,1.0,2,0
senA,3,0.08108108108108109,1.0,1.0,4,0
senajit,4,0.5714285714285714,1.0,1.0,0,0
sev,8,0.15384615384615385,0.4286,0.2857,21,3
sevaka,6,0.24,0.8286,0.7333,6,0
sevana,4,0.125,-0.8,-0.6667,7,2
sevin,3,0.14285714285714285,1.0,1.0,5,1
sevitavya,3,0.3333333333333333,-0.5,-0.3333,2,0
sevya,8,0.2857142857142857,0.9048,0.7857,5,0
sfYjaya,4,0.3333333333333333,-0.6,-0.3333,2,0
sfgAla,3,0.1111111111111111,1.0,1.0,1,1
sfkvi,3,0.42857142857142855,1.0,1.0,2,0
sfmara,3,0.23076923076923078,0.5,0.3333,1,2
si,3,0.13636363636363635,0.5,0.3333,18,1
siD,13,0.11504424778761062,0.8407,0.641,37,13
siMha,3,0.05263157894736842,0.5,0.3333,7,1
siMhanAda,5,0.15151515151515152,0.9,0.8,3,0
siMhikA,3,0.23076923076923078,1.0,1.0,2,0
sic,3,0.037037037037037035,0.5,0.3333,29,9
sidDAdeSa,3,0.6,1.0,1.0,1,0
sidDArTa,5,0.16666666666666666,0.9,0.8,2,0
sidDi,8,0.11428571428571428,0.0952,0.0714,10,4
sikatA,3,0.08571428571428572,0.5,0.3333,0,2
sinDu,3,0.06521739130434782,1.0,1.0,4,1
sinDudvIpa,3,0.42857142857142855,1.0,1.0,2,0
sinDurAja,3,0.3,-0.5,-0.3333,2,0
sinDuvAra,4,0.5714285714285714,1.0,1.0,3,0
sirA,3,0.11538461538461539,0.5,0.3333,3,0
skanDAvAra,3,0.23076923076923078,1.0,1.0,2,0
skanDa,3,0.045454545454545456,1.0,1.0,9,8
skand,6,0.11764705882352941,0.5429,0.4667,29,8
skandagraha,3,1.0,1.0,1.0,2,0
skandana,3,0.3333333333333333,1.0,1.0,2,0
sku,3,0.17647058823529413,1.0,1.0,5,0
smara,4,0.15384615384615385,-0.2,0.0,2,0
smaraRa,3,0.09375,1.0,1.0,1,1
smera,3,0.13636363636363635,1.0,1.0,3,0
smfti,4,0.07017543859649122,1.0,1.0,10,1
smi,6,0.1111111111111111,0.4857,0.3333,20,2
snA,4,0.05714285714285714,1.0,1.0,15,6
snAvan,3,0.21428571428571427,1.0,1.0,3,0
snAyu,4,0.17391304347826086,0.8,0.6667,5,0
sneha,5,0.09803921568627451,0.9,0.8,6,1
snehana,3,0.3,1.0,1.0,1,2
snigDa,3,0.07317073170731707,1.0,1.0,6,1
snih,4,0.14814814814814814,-0.2,0.0,13,1
snu,3,0.15,1.0,1.0,5,1
sodara,3,0.21428571428571427,0.5,0.3333,2,0
somadatta,3,0.25,1.0,1.0,2,0
somaka,5,0.29411764705882354,-0.1,0.0,4,0
somapa,5,0.2,0.7,0.6,5,0
somavarcas,3,1.0,1.0,1.0,0,0
somya,4,0.25,1.0,1.0,6,0
spaS,3,0.06818181818181818,-0.5,-0.3333,12,1
spand,3,0.09090909090909091,1.0,1.0,12,1
spandana,5,0.23809523809523808,0.9,0.8,3,0
sparD,3,0.14285714285714285,0.5,0.3333,10,2
spfhaRIya,3,0.21428571428571427,0.5,0.3333,2,1
srAma,3,0.2727272727272727,1.0,1.0,6,0
srAva,3,0.2,0.5,0.3333,3,0
sraMs,10,0.23255813953488372,0.2364,0.2,19,3
srotas,4,0.1,0.2,0.0,3,5
sru,8,0.11267605633802817,0.8571,0.7857,36,6
stabaka,3,0.13043478260869565,1.0,1.0,4,0
stamBa,7,0.14583333333333334,0.9286,0.8095,7,2
stamBana,4,0.2222222222222222,1.0,1.0,5,1
stanita,3,0.16666666666666666,1.0,1.0,2,0
stfti,3,1.0,1.0,1.0,1,0
stoka,3,0.07894736842105263,1.0,1.0,10,0
stoma,3,0.0625,1.0,1.0,10,5
stu,6,0.07692307692307693,0.7143,0.6,21,5
stuB,3,0.15789473684210525,0.5,0.3333,9,2
su,6,0.06976744186046512,0.8286,0.7333,37,28
suB,3,1.0,1.0,1.0,2,0
suBaga,3,0.05357142857142857,1.0,1.0,3,4
suBava,3,0.6,1.0,1.0,0,1
suDA,4,0.08333333333333333,0.8,0.6667,6,3
suDArasa,3,0.6,1.0,1.0,1,0
suDAtudakziRa,3,1.0,1.0,1.0,2,0
suDanvan,4,0.23529411764705882,0.4,0.3333,1,1
suDarman,3,0.14285714285714285,1.0,1.0,0,0
suGoza,5,0.5,0.7,0.6,0,0
suKa,4,0.06896551724137931,1.0,1.0,4,4
suSIla,4,0.26666666666666666,0.4,0.3333,2,0
suSarman,6,0.2608695652173913,1.0,1.0,3,0
suSeva,3,0.42857142857142855,1.0,1.0,3,1
suSoBana,3,0.42857142857142855,-1.0,-1.0,2,0
suSravas,4,0.2222222222222222,0.8,0.6667,4,0
suSrut,3,0.375,1.0,1.0,2,0
subAhu,5,0.2,1.0,1.0,2,0
subala,3,0.3,0.5,0.3333,2,0
subrahmaRya,3,0.125,1.0,1.0,2,0
subudDi,4,0.4444444444444444,1.0,1.0,1,0
sucAru,3,0.3,1.0,1.0,3,0
sucandra,3,0.3333333333333333,1.0,1.0,2,0
sucetas,3,0.42857142857142855,1.0,1.0,1,0
sucitra,3,0.375,1.0,1.0,0,0
sudAman,3,0.11538461538461539,0.5,0.3333,0,0
sudaMzwra,3,0.75,0.5,0.3333,1,0
sudarSana,8,0.16666666666666666,0.6905,0.5714,4,2
sudeva,8,0.36363636363636365,1.0,1.0,4,0
suga,6,0.3333333333333333,1.0,1.0,9,1
suganDa,3,0.10714285714285714,1.0,1.0,1,0
sugati,3,0.23076923076923078,1.0,1.0,2,1
sugrIva,3,0.14285714285714285,0.5,0.3333,4,8
sugraha,3,0.75,1.0,1.0,0,0
suhasta,3,0.42857142857142855,1.0,1.0,2,0
suhfd,3,0.10344827586206896,-0.5,-0.3333,4,0
suhita,3,0.17647058823529413,1.0,1.0,0,0
suhotra,3,0.15789473684210525,1.0,1.0,0,0
suhuta,3,0.17647058823529413,1.0,1.0,5,0
sujAta,3,0.13043478260869565,1.0,1.0,1,1
sukarman,4,0.17391304347826086,0.8,0.6667,4,1
suketu,3,0.2727272727272727,1.0,1.0,3,0
sukfta,6,0.1276595744680851,-0.3714,-0.0667,5,4
sukftin,4,0.23529411764705882,1.0,1.0,4,0
sukumAra,3,0.10344827586206896,1.0,1.0,6,1
sukzetra,3,0.23076923076923078,1.0,1.0,3,0
sulaBa,3,0.1,-0.5,-0.3333,2,2
sulocana,3,0.21428571428571427,1.0,1.0,1,0
sumanas,9,0.17647058823529413,0.6333,0.5,8,0
sumantra,3,0.25,0.5,0.3333,0,0
sumati,7,0.21212121212121213,1.0,1.0,5,1
sumatitsaru,4,1.0,1.0,1.0,2,0
sumfzwa,3,0.5,1.0,1.0,2,0
sumitra,4,0.16,1.0,1.0,2,0
sumuKa,9,0.1875,0.3333,0.2778,9,2
sunABa,3,0.3333333333333333,1.0,1.0,1,0
sunAman,3,0.42857142857142855,1.0,1.0,0,0
sunITa,3,0.16666666666666666,1.0,1.0,0,0
sunIta,3,0.5,1.0,1.0,1,0
sunetra,4,0.5,-0.2,0.0,0,0
supArSva,4,0.25,0.4,0.3333,1,0
supakva,3,0.42857142857142855,1.0,1.0,3,0
suparRa,7,0.21212121212121213,0.0,-0.0476,6,2
suparvan,4,0.17391304347826086,1.0,1.0,3,0
supraBa,4,0.2222222222222222,0.8,0.6667,3,0
suprasAda,3,0.3333333333333333,1.0,1.0,2,0
supratIka,5,0.1724137931034483,0.9,0.8,6,0
supratizWita,4,0.3333333333333333,1.0,1.0,3,0
surADipa,3,0.6,1.0,1.0,2,0
surAlaya,3,0.2,1.0,1.0,5,0
surApagA,3,0.6,1.0,1.0,2,0
surAri,3,0.21428571428571427,0.5,0.3333,1,0
surAsura,3,0.42857142857142855,1.0,1.0,2,0
surAzwra,4,0.19047619047619047,1.0,1.0,2,1
suraBi,4,0.06451612903225806,0.4,0.3333,12,1
suraSrezWa,3,0.42857142857142855,1.0,1.0,1,0
suraTa,4,0.2222222222222222,1.0,1.0,0,2
surasa,3,0.09090909090909091,1.0,1.0,4,1
sureSa,3,0.2,1.0,1.0,2,0
sureSvara,3,0.12,1.0,1.0,4,0
surottama,3,0.375,1.0,1.0,0,0
susaMskfta,5,0.45454545454545453,1.0,1.0,1,0
susvara,3,0.23076923076923078,0.5,0.3333,2,0
sutAra,3,0.17647058823529413,1.0,1.0,2,0
sutIkzRa,3,0.375,1.0,1.0,2,0
sutIrTa,5,0.29411764705882354,0.4,0.4,2,0
sutanu,4,0.2857142857142857,1.0,1.0,3,0
suvIra,5,0.22727272727272727,0.9,0.8,4,2
suvarRa,6,0.10714285714285714,0.0286,0.0667,3,0
suvarRaka,3,0.21428571428571427,1.0,1.0,1,0
suvftta,3,0.17647058823529413,1.0,1.0,3,0
suvistara,3,0.3,1.0,1.0,2,0
suvrata,5,0.16666666666666666,1.0,1.0,2,1
suyama,3,0.42857142857142855,0.5,0.3333,3,0
suzada,3,0.75,0.5,0.3333,1,0
suzeRa,7,0.30434782608695654,0.6071,0.5238,3,0
svADIna,3,0.23076923076923078,0.5,0.3333,2,0
svAda,3,0.375,1.0,1.0,2,0
svAgata,3,0.09375,1.0,1.0,1,0
svApa,3,0.2,1.0,1.0,3,0
svArTa,4,0.11428571428571428,1.0,1.0,5,0
svAti,3,0.13636363636363635,1.0,1.0,2,0
svEracArin,3,0.75,1.0,1.0,2,0
sva,3,0.05555555555555555,-1.0,-1.0,7,2
svaDA,5,0.1282051282051282,0.4,0.4,8,2
svaDiti,3,0.21428571428571427,-0.5,-0.3333,5,1
svad,9,0.24324324324324326,0.7333,0.6111,24,1
svaja,3,0.23076923076923078,1.0,1.0,3,0
svakfta,4,0.36363636363636365,0.8,0.6667,4,0
svana,4,0.2222222222222222,0.4,0.3333,2,0
svanta,3,0.5,-1.0,-1.0,2,0
svap,7,0.1206896551724138,0.6071,0.5238,29,2
svapakza,5,0.4166666666666667,1.0,1.0,5,0
svar,5,0.09433962264150944,0.0,0.2,12,5
svarAj,5,0.22727272727272727,0.1,0.0,6,1
svarAjan,3,1.0,1.0,1.0,2,0
svarAjya,3,0.5,1.0,1.0,2,0
svarRa,4,0.21052631578947367,-0.2,0.0,2,0
svarRakAra,3,0.3,1.0,1.0,3,0
svarUpa,3,0.06818181818181818,1.0,1.0,8,0
svarUpin,3,0.3,1.0,1.0,3,0
svaraBeda,3,0.2727272727272727,1.0,1.0,0,0
svarasa,3,0.13043478260869565,1.0,1.0,2,0
svargIya,3,1.0,1.0,1.0,2,0
svargin,3,0.23076923076923078,-0.5,-0.3333,1,0
svasTAna,3,0.2727272727272727,1.0,1.0,2,0
svasti,3,0.075,0.5,0.3333,12,0
svastikAra,3,1.0,1.0,1.0,0,0
svastika,7,0.14893617021276595,0.7143,0.5238,11,0
svatantra,3,0.08571428571428572,1.0,1.0,3,0
svatas,4,0.21052631578947367,0.4,0.3333,4,1
svayoni,3,0.23076923076923078,1.0,1.0,3,0
svid,4,0.07272727272727272,0.4,0.3333,36,3
svizwa,3,0.21428571428571427,1.0,1.0,3,1
svizwi,4,0.6666666666666666,1.0,1.0,2,0
syam,4,0.36363636363636365,-0.2,0.0,7,0
syandana,10,0.23255813953488372,0.9515,0.8667,3,1
syona,4,0.18181818181818182,-0.4,-0.3333,5,3
tAla,11,0.1896551724137931,0.8273,0.6727,15,9
tAlajaNGa,5,0.3125,0.6,0.4,7,1
tAlavfnta,3,0.25,1.0,1.0,2,0
tAlu,5,0.3125,-0.5,-0.2,5,0
tAmarasa,4,0.25,1.0,1.0,3,2
tAmisra,7,0.4375,0.8929,0.8095,8,0
tAmra,6,0.125,0.8857,0.7333,5,2
tAmracUqa,3,0.2,1.0,1.0,3,0
tAmrapAtra,3,1.0,1.0,1.0,1,0
tAntrika,3,0.15,-0.5,-0.3333,2,1
tApanIya,4,0.5714285714285714,1.0,1.0,2,1
tApana,6,0.375,0.8857,0.7333,2,0
tAqakA,3,0.42857142857142855,1.0,1.0,3,0
tAqana,4,0.18181818181818182,1.0,1.0,3,0
tArADipa,3,0.5,1.0,1.0,3,0
tArApati,4,0.4,1.0,1.0,4,0
tAra,12,0.16,0.7762,0.6061,12,6
tAraRa,5,0.3125,0.7,0.6,4,1
tArakAmaya,3,0.5,1.0,1.0,4,0
tAraka,5,0.09259259259259259,1.0,1.0,4,2
tArkzya,9,0.23076923076923078,0.6,0.5556,16,3
tArpya,4,0.3333333333333333,-0.4,-0.3333,5,0
tAta,4,0.10526315789473684,0.8,0.6667,13,0
tAtkAlika,4,0.26666666666666666,1.0,1.0,4,0
tAtparya,3,0.125,-0.5,-0.3333,1,2
tAvaka,3,0.23076923076923078,1.0,1.0,5,0
tEjasa,5,0.16129032258064516,1.0,1.0,10,0
tEkzRya,4,0.36363636363636365,1.0,1.0,4,0
tEla,3,0.10344827586206896,0.5,0.3333,4,1
tIkzRAMSu,4,0.5,1.0,1.0,3,0
tIkzRa,4,0.06557377049180328,0.8,0.6667,7,2
tIrTa,9,0.11688311688311688,0.6667,0.5556,14,9
tIra,4,0.16,0.8,0.6667,4,1
tURIra,3,0.42857142857142855,0.5,0.3333,2,0
tURava,3,0.6,1.0,1.0,3,0
tURi,3,0.5,1.0,1.0,3,0
tUla,4,0.10526315789473684,0.8,0.6667,6,1
tUpara,4,0.4444444444444444,0.2,0.0,2,1
taMs,3,0.6,-0.5,-0.3333,8,1
taMsu,3,0.6,1.0,1.0,3,0
taTA,10,0.2127659574468085,0.503,0.3778,22,1
taTya,4,0.3333333333333333,1.0,1.0,3,0
tad,9,0.2,0.3667,0.3333,36,5
tadA,9,0.2903225806451613,0.6,0.4444,9,0
tadIya,3,0.15,0.5,0.3333,3,2
tadgata,3,0.6,1.0,1.0,1,0
tadvat,5,0.2631578947368421,0.0,0.2,7,0
tadviDa,3,0.375,1.0,1.0,3,0
tagara,3,0.1875,1.0,1.0,4,1
tak,3,0.6,-0.5,-0.3333,3,1
takz,5,0.19230769230769232,0.0,0.2,26,10
takza,3,0.3333333333333333,0.5,0.3333,4,1
takzaSilA,3,0.25,0.5,0.3333,5,0
takzaka,3,0.10714285714285714,1.0,1.0,4,1
tala,6,0.1,1.0,1.0,12,2
talpa,4,0.12903225806451613,0.8,0.6667,5,3
tam,8,0.16,-0.1667,-0.0714,17,10
tamAla,5,0.2,1.0,1.0,4,1
tamas,4,0.09302325581395349,1.0,1.0,18,2
tan,11,0.14666666666666667,0.8455,0.6727,64,22
tanUja,3,0.25,1.0,1.0,1,1
tanUnapAt,4,0.2,0.4,0.3333,4,1
tanUruha,3,0.23076923076923078,1.0,1.0,1,0
tanaya,4,0.13793103448275862,0.8,0.6667,6,4
tanmAtra,5,0.29411764705882354,0.9,0.8,5,2
tantra,9,0.1,0.8333,0.6667,19,16
tanu,4,0.06060606060606061,-0.8,-0.6667,9,10
tanuBft,3,0.42857142857142855,0.5,0.3333,4,0
tanucCada,3,0.6,-1.0,-1.0,1,0
tanutA,4,0.5714285714285714,-0.2,0.0,3,0
tanutyaj,3,0.5,1.0,1.0,4,0
tap,9,0.09782608695652174,0.7833,0.6667,51,24
tapa,4,0.2,0.8,0.6667,1,4
tapanIya,3,0.21428571428571427,1.0,1.0,2,0
tapana,8,0.22857142857142856,1.0,1.0,7,3
tapas,7,0.14285714285714285,0.6786,0.5238,13,5
tapasvin,8,0.2222222222222222,0.3095,0.4286,6,1
tapasya,4,0.19047619047619047,-0.2,0.0,4,0
tapoDana,3,0.1875,1.0,1.0,2,1
taq,7,0.1794871794871795,-0.2857,-0.0476,10,3
taqit,4,0.26666666666666666,1.0,1.0,1,0
tara,6,0.23076923076923078,-0.3714,-0.0667,6,3
taraMga,6,0.2608695652173913,0.7714,0.6,6,2
taraMgin,4,0.36363636363636365,0.8,0.6667,3,2
taraMgita,4,0.4,0.0,0.0,4,0
taraRa,5,0.35714285714285715,0.9,0.8,5,0
taraRi,5,0.1724137931034483,0.9,0.8,7,1
tarakzu,5,0.38461538461538464,1.0,1.0,6,0
tarala,6,0.15,0.5429,0.4667,6,2
taras,5,0.20833333333333334,0.7,0.6,4,0
tarasvin,3,0.15,1.0,1.0,3,0
tarhi,10,0.2857142857142857,0.9879,0.9556,11,1
tarj,6,0.2857142857142857,0.7714,0.6,16,0
tarjana,3,0.17647058823529413,0.5,0.3333,2,0
tark,6,0.2857142857142857,-0.2571,-0.2,8,4
tarka,5,0.11904761904761904,0.7,0.6,10,2
tarkaSAstra,3,0.75,1.0,1.0,2,0
tarpaRa,4,0.15384615384615385,0.8,0.6667,10,1
taru,3,0.13636363636363635,1.0,1.0,3,1
taruRa,7,0.16666666666666666,1.0,1.0,6,1
taskara,9,0.24324324324324326,0.7833,0.6667,6,5
tata,3,0.12,1.0,1.0,8,0
tatas,6,0.10526315789473684,-0.4286,-0.2,28,1
tatpara,3,0.1,0.5,0.3333,4,0
tatra,5,0.14285714285714285,0.4,0.4,16,4
tattva,9,0.17647058823529413,0.8,0.6667,15,4
tawa,3,0.09375,0.5,0.3333,1,1
tejana,4,0.14814814814814814,1.0,1.0,2,3
tejas,8,0.18181818181818182,0.7619,0.6429,10,5
tejasvin,4,0.12903225806451613,-0.4,-0.3333,1,2
tena,6,0.20689655172413793,0.7143,0.6,9,2
tftIya,4,0.13793103448275862,-0.4,-0.3333,12,0
tftIyaka,3,0.3,1.0,1.0,1,0
tfz,3,0.21428571428571427,1.0,1.0,8,0
tfzA,3,0.25,1.0,1.0,2,0
tfzRA,6,0.21428571428571427,1.0,1.0,5,0
tiTi,4,0.11764705882352941,0.8,0.6667,7,0
tigmAMSu,4,0.5,1.0,1.0,3,0
tigmatejas,5,0.7142857142857143,0.0,0.2,3,2
tij,6,0.24,0.7714,0.6,15,4
tikta,4,0.17391304347826086,1.0,1.0,2,3
tila,4,0.11428571428571428,-0.2,0.0,4,0
tilaka,5,0.125,0.5,0.4,5,2
timi,5,0.2631578947368421,1.0,1.0,3,0
timira,5,0.15151515151515152,1.0,1.0,5,1
tinduka,3,0.15,1.0,1.0,5,0
tiryaYc,6,0.15,0.9429,0.8667,6,4
titIrzu,4,0.5714285714285714,-0.2,0.0,3,0
titikzu,3,0.3,1.0,1.0,4,0
tittiri,5,0.16129032258064516,0.9,0.8,8,0
tizya,3,0.1,1.0,1.0,4,2
tmanA,3,0.3333333333333333,0.5,0.3333,4,3
toda,3,0.3333333333333333,1.0,1.0,4,1
towaka,3,0.21428571428571427,1.0,1.0,1,1
toya,3,0.1875,1.0,1.0,4,1
tozin,3,0.6,1.0,1.0,2,0
trAsana,4,0.4444444444444444,1.0,1.0,4,0
trEguRya,5,0.3333333333333333,1.0,1.0,7,0
trEkAlya,3,0.375,1.0,1.0,2,0
trEvidya,4,0.23529411764705882,0.2,0.0,9,0
trEyambaka,4,0.5714285714285714,0.4,0.3333,2,0
tras,4,0.0975609756097561,-0.4,-0.3333,8,6
trasadasyu,4,0.4,1.0,1.0,7,3
trayastriMSa,5,0.2777777777777778,0.9,0.8,11,1
trayastriMSat,4,0.25,0.8,0.6667,2,0
trayodaSa,4,0.23529411764705882,1.0,1.0,6,0
trayoviMSa,4,0.5,1.0,1.0,2,0
tretA,5,0.20833333333333334,1.0,1.0,6,0
triDAman,4,0.25,0.4,0.3333,7,0
triMSa,3,0.3,1.0,1.0,1,1
triRAciketa,4,0.3333333333333333,1.0,1.0,8,0
triRava,3,0.21428571428571427,1.0,1.0,7,0
triSaNku,4,0.19047619047619047,1.0,1.0,5,2
triSata,4,0.36363636363636365,0.8,0.6667,4,0
triSiKa,4,0.3076923076923077,0.8,0.6667,3,1
triSiras,4,0.19047619047619047,0.8,0.6667,6,1
tricatvAriMSa,3,1.0,1.0,1.0,2,0
tridaSAlaya,3,0.5,1.0,1.0,2,0
trigata,4,0.8,1.0,1.0,3,0
triguRa,4,0.2222222222222222,0.4,0.3333,6,0
trijagat,3,0.3333333333333333,0.5,0.3333,3,0
trikUwa,5,0.45454545454545453,1.0,1.0,2,1
trika,6,0.15384615384615385,1.0,1.0,9,2
trikakud,5,0.21739130434782608,0.4,0.4,9,1
triloka,3,0.2,1.0,1.0,1,0
tripaYcASa,3,0.6,1.0,1.0,1,0
tripad,3,0.1111111111111111,1.0,1.0,6,0
tripada,3,0.14285714285714285,1.0,1.0,1,0
trisuparRa,3,0.25,-1.0,-1.0,5,1
trita,6,0.375,0.7714,0.6,23,2
trivarga,4,0.19047619047619047,0.4,0.3333,9,0
trivatsa,3,0.6,0.5,0.3333,3,0
trivft,3,0.10344827586206896,0.5,0.3333,3,1
trizatya,3,0.5,-0.5,-0.3333,3,0
trowaka,3,0.2727272727272727,0.5,0.3333,1,1
truw,5,0.2777777777777778,-0.2,-0.2,9,0
truwi,6,0.2857142857142857,0.4286,0.4667,4,5
tryaNga,3,0.375,1.0,1.0,3,0
tryakza,3,0.375,1.0,1.0,5,0
tryambaka,8,0.1951219512195122,0.9286,0.8571,14,1
tsaru,4,0.26666666666666666,0.4,0.3333,3,0
tu,7,0.20588235294117646,1.0,1.0,14,8
tuNga,3,0.08823529411764706,1.0,1.0,4,3
tuTa,3,0.23076923076923078,1.0,1.0,6,0
tuhina,4,0.23529411764705882,0.2,0.0,4,1
tuj,3,0.2727272727272727,1.0,1.0,18,7
tul,7,0.2916666666666667,0.2857,0.0476,13,6
tulA,7,0.16666666666666666,0.7857,0.7143,13,4
tulyatA,3,0.6,1.0,1.0,1,0
tumba,3,0.17647058823529413,-1.0,-1.0,2,0
tur,3,0.42857142857142855,1.0,1.0,5,1
turAzAh,3,0.1875,1.0,1.0,4,0
turIya,3,0.1,0.5,0.3333,3,3
tura,3,0.1875,1.0,1.0,7,0
turaMga,4,0.23529411764705882,0.8,0.6667,3,0
turaMgama,3,0.3,-0.5,-0.3333,2,0
turuzka,3,0.15,1.0,1.0,4,0
tuz,3,0.075,-0.5,-0.3333,8,9
tuzArAdri,3,1.0,0.5,0.3333,2,0
tuzAra,3,0.15,1.0,1.0,1,0
tuzita,3,0.17647058823529413,1.0,1.0,6,1
tuzwi,6,0.2,1.0,1.0,11,0
tvAzwra,3,0.09375,0.5,0.3333,7,3
tvac,4,0.125,-0.4,-0.3333,7,3
tvadviDa,3,1.0,1.0,1.0,2,0
tvaksAra,3,0.21428571428571427,1.0,1.0,3,0
tvar,5,0.1111111111111111,-0.1,0.0,12,3
tvarA,3,0.2,-0.5,-0.3333,1,0
tviz,8,0.26666666666666666,1.0,1.0,15,12
tvizi,3,0.25,0.5,0.3333,7,2
tyAga,3,0.08823529411764706,-0.5,-0.3333,3,0
tyAgin,5,0.3333333333333333,1.0,1.0,2,1
tyaj,8,0.125,0.5238,0.3571,37,9
uBaya,3,0.10714285714285714,1.0,1.0,6,0
uSInara,3,0.21428571428571427,1.0,1.0,4,1
uSanas,4,0.15384615384615385,0.8,0.6667,7,2
uSij,3,0.23076923076923078,-0.5,-0.3333,3,2
ubj,4,0.23529411764705882,1.0,1.0,4,6
ucCeda,4,0.4444444444444444,0.4,0.3333,3,1
ucCedana,3,0.75,-0.5,-0.3333,2,0
ucCfNKala,3,0.6,0.5,0.3333,2,0
ucCiKa,3,0.75,1.0,1.0,1,1
ucCitti,3,0.375,0.5,0.3333,3,0
ucCrAya,4,0.26666666666666666,0.4,0.3333,4,1
ucCraya,5,0.5,0.7,0.6,3,1
ucCvAsa,5,0.23809523809523808,0.9,0.8,5,0
ucCvAsin,3,0.375,1.0,1.0,1,0
uccAvaca,3,0.21428571428571427,1.0,1.0,4,1
uccEHSravas,3,0.25,0.5,0.3333,3,0
ucca,5,0.18518518518518517,-0.1,0.0,7,0
uccaya,3,0.25,0.5,0.3333,4,0
ud,3,0.10714285714285714,-0.5,-0.3333,15,6
udAharaRa,4,0.26666666666666666,0.8,0.6667,4,1
udAna,4,0.16666666666666666,-0.4,-0.3333,6,2
udAraDI,4,0.8,1.0,1.0,2,0
udAtta,5,0.19230769230769232,0.9,0.8,9,3
udAyuDa,4,0.8,1.0,1.0,3,1
udBava,4,0.18181818181818182,1.0,1.0,5,0
udBeda,7,0.4117647058823529,0.4643,0.4286,6,0
udBid,4,0.2,0.4,0.3333,13,1
udDAra,4,0.1111111111111111,0.4,0.3333,5,0
udDaraRa,5,0.21739130434782608,0.9,0.8,4,1
udDava,3,0.23076923076923078,1.0,1.0,3,0
udDi,3,0.5,1.0,1.0,3,1
udGAta,3,0.2,0.5,0.3333,2,3
udIcya,5,0.2631578947368421,1.0,1.0,7,1
udIraRa,3,0.42857142857142855,0.5,0.3333,2,0
udaDi,4,0.2857142857142857,0.8,0.6667,9,0
udagra,5,0.29411764705882354,0.9,0.8,5,0
udahAra,4,0.5714285714285714,0.8,0.6667,2,0
udaka,4,0.14285714285714285,0.4,0.3333,7,3
udan,3,0.3,1.0,1.0,9,1
udanta,4,0.2222222222222222,-0.2,0.0,5,1
udara,10,0.22727272727272727,0.7091,0.6444,12,2
udarka,5,0.19230769230769232,1.0,1.0,8,1
udaya,7,0.1206896551724138,0.7857,0.7143,17,2
udayana,3,0.125,1.0,1.0,4,0
udbanDana,3,0.6,-0.5,-0.3333,2,0
uddIpaka,3,0.5,0.5,0.3333,0,2
uddaRqa,4,0.5714285714285714,0.4,0.3333,3,0
uddeSa,5,0.16129032258064516,0.7,0.6,6,1
uddyota,3,0.3,0.5,0.3333,2,0
udgAQa,3,0.5,1.0,1.0,2,0
udgAra,7,0.4117647058823529,0.9643,0.9048,6,0
udgArin,3,0.3,0.5,0.3333,3,0
udgITa,5,0.2777777777777778,0.9,0.8,4,1
udgama,7,0.35,0.5357,0.4286,9,0
udvaha,6,0.3333333333333333,0.7714,0.6,5,1
udvahana,3,0.16666666666666666,1.0,1.0,5,0
udvartana,4,0.21052631578947367,0.2,0.0,5,1
udvega,5,0.2777777777777778,0.9,0.8,5,1
udvejanIya,4,1.0,1.0,1.0,3,0
udvejana,5,0.625,0.9,0.8,2,0
udyAna,5,0.23809523809523808,1.0,1.0,4,2
udyama,3,0.14285714285714285,-0.5,-0.3333,5,0
udyamin,3,1.0,-0.5,-0.3333,2,0
ugra,9,0.16666666666666666,1.0,1.0,16,8
ugratejas,3,0.6,1.0,1.0,0,0
ujJ,3,0.12,1.0,1.0,5,0
ujjvala,4,0.17391304347826086,0.8,0.6667,3,0
ukTa,6,0.2222222222222222,0.9429,0.8667,5,3
ukTya,3,0.13636363636363635,1.0,1.0,7,3
ukz,3,0.09090909090909091,0.5,0.3333,16,12
ukzan,3,0.14285714285714285,1.0,1.0,9,2
ulUKala,3,0.13636363636363635,1.0,1.0,4,0
ulUka,6,0.20689655172413793,0.9429,0.8667,12,0
ulapa,4,0.18181818181818182,0.8,0.6667,4,1
ulba,4,0.21052631578947367,1.0,1.0,9,1
ulbaRa,3,0.11538461538461539,1.0,1.0,9,1
ulkA,7,0.25925925925925924,0.8929,0.8095,7,0
ullAsa,3,0.23076923076923078,-0.5,-0.3333,3,2
ulleKa,3,0.3,0.5,0.3333,4,1
ulmuka,4,0.2,1.0,1.0,4,0
umA,3,0.0967741935483871,1.0,1.0,8,0
unmAda,3,0.15,-0.5,-0.3333,2,0
unmArga,4,0.4,-0.2,0.0,2,0
unmIlana,3,0.75,1.0,1.0,1,0
unmUlana,4,0.5714285714285714,-0.2,0.0,2,0
unmaTana,3,0.3333333333333333,-0.5,-0.3333,1,0
unmada,4,0.4444444444444444,-0.4,-0.3333,3,0
unmanas,3,0.2727272727272727,1.0,1.0,4,0
unmeza,6,0.42857142857142855,0.7714,0.6,3,1
unmiSra,3,0.6,0.5,0.3333,2,1
unmuKa,8,0.36363636363636365,0.9762,0.9286,8,1
unnati,3,0.1875,1.0,1.0,2,0
unnidra,4,0.3333333333333333,0.2,0.0,5,0
upADi,6,0.16666666666666666,0.0286,0.0667,5,1
upAMSu,4,0.13793103448275862,-0.2,0.0,7,0
upASraya,3,0.3333333333333333,-0.5,-0.3333,2,0
upAdAna,8,0.23529411764705882,0.7143,0.5714,7,1
upAdeya,3,0.3333333333333333,0.5,0.3333,2,0
upAlamBa,3,0.23076923076923078,1.0,1.0,2,0
upAnta,6,0.2608695652173913,0.7143,0.4667,5,2
upAsaka,6,0.3333333333333333,0.8286,0.7333,3,0
upAsana,5,0.17857142857142858,-0.6,-0.4,5,0
upAsya,3,0.3,1.0,1.0,2,0
upAya,4,0.16,0.2,0.0,3,1
upaBft,3,0.2727272727272727,1.0,1.0,5,0
upaBogya,3,0.3333333333333333,1.0,1.0,3,0
upaDA,5,0.18518518518518517,0.5,0.2,25,1
upaDAna,5,0.23809523809523808,1.0,1.0,7,2
upaDi,5,0.20833333333333334,0.1,0.0,6,1
upaGAta,3,0.21428571428571427,1.0,1.0,3,0
upaSAnti,3,0.42857142857142855,0.5,0.3333,2,0
upaSalya,3,0.375,1.0,1.0,1,0
upaSama,5,0.3125,0.1,0.0,4,0
upaSamana,4,0.6666666666666666,1.0,1.0,3,0
upaSikzA,3,1.0,1.0,1.0,1,0
upabarhaRa,3,0.17647058823529413,1.0,1.0,6,0
upacAra,8,0.18181818181818182,0.7143,0.5714,9,4
upacaya,3,0.21428571428571427,-0.5,-0.3333,2,0
upadA,3,0.3,1.0,1.0,7,0
upadaMSa,3,0.2727272727272727,-0.5,-0.3333,3,0
upadeSa,8,0.21052631578947367,-0.5238,-0.2857,11,1
upadrava,3,0.15789473684210525,1.0,1.0,3,2
upagama,4,0.2222222222222222,0.4,0.3333,3,0
upagamana,4,1.0,1.0,1.0,2,0
upagraha,5,0.3125,-0.6,-0.4,1,0
upahAra,5,0.22727272727272727,0.8,0.6,3,0
upahAsa,4,0.3076923076923077,0.0,0.0,4,0
upajApa,3,0.3333333333333333,1.0,1.0,3,0
upajIvaka,3,0.5,1.0,1.0,2,1
upajIvana,3,0.3333333333333333,1.0,1.0,4,0
upajIvin,3,0.23076923076923078,1.0,1.0,4,1
upajIvya,3,0.375,0.5,0.3333,2,1
upakAra,6,0.2727272727272727,0.6,0.4667,4,0
upakArin,3,0.23076923076923078,1.0,1.0,3,0
upakaRWa,3,0.16666666666666666,1.0,1.0,3,1
upakaraRa,5,0.15625,0.4,0.4,8,0
upakrama,8,0.20512820512820512,0.4762,0.3571,9,0
upakroSa,3,0.42857142857142855,1.0,1.0,3,0
upakzaya,4,0.6666666666666666,-1.0,-1.0,0,1
upakzepa,3,0.3,-0.5,-0.3333,3,0
upala,4,0.16,-0.8,-0.6667,5,0
upalabDi,6,0.2222222222222222,0.9429,0.8667,5,1
upalakzaRa,3,0.16666666666666666,1.0,1.0,3,1
upamA,7,0.21212121212121213,0.4643,0.3333,12,1
upamAna,5,0.3125,0.9,0.8,4,0
upamarda,3,0.375,0.5,0.3333,1,1
upanAha,3,0.375,1.0,1.0,1,0
upanayana,3,0.125,0.5,0.3333,13,1
upaniDi,3,0.42857142857142855,1.0,1.0,2,0
upanyAsa,6,0.24,-0.2,-0.0667,4,3
upapati,3,0.42857142857142855,1.0,1.0,3,0
upapatti,6,0.2222222222222222,0.8857,0.7333,8,0
upaplava,4,0.19047619047619047,1.0,1.0,4,0
uparAga,5,0.25,0.6,0.4,5,1
uparama,4,0.4,0.4,0.3333,2,0
uparizwAt,6,0.3,1.0,1.0,10,2
uparoDa,4,0.2857142857142857,0.8,0.6667,4,0
upasTAna,4,0.18181818181818182,0.0,0.0,6,0
upasTa,4,0.12903225806451613,1.0,1.0,11,1
upasaMgraha,5,0.625,1.0,1.0,2,0
upasaMhAra,3,0.17647058823529413,1.0,1.0,3,0
upasad,3,0.13043478260869565,-0.5,-0.3333,24,1
upasarga,4,0.16,0.2,0.0,13,1
upasarpaRa,4,0.6666666666666666,0.6,0.3333,2,0
upasevana,3,0.6,1.0,1.0,1,0
upasevin,5,0.5555555555555556,0.0,-0.2,4,0
upasti,5,0.7142857142857143,0.9,0.8,6,1
upavAsa,5,0.22727272727272727,0.9,0.8,7,0
upaveSa,3,0.5,0.5,0.3333,2,0
upaveSana,4,0.36363636363636365,0.4,0.3333,2,1
upayoga,3,0.2,0.5,0.3333,3,0
upekzA,3,0.2727272727272727,0.5,0.3333,2,0
upekzya,3,0.375,1.0,1.0,2,0
upendra,4,0.2857142857142857,1.0,1.0,3,0
uqupa,3,0.3,0.5,0.3333,2,0
uras,3,0.13043478260869565,1.0,1.0,4,2
uru,4,0.15384615384615385,1.0,1.0,7,5
urvaSI,4,0.18181818181818182,0.8,0.6667,4,2
urvarA,3,0.1875,1.0,1.0,4,1
usra,3,0.2,-0.5,-0.3333,5,1
utPulla,5,0.22727272727272727,-0.6,-0.4,6,1
utTAna,9,0.2571428571428571,0.9167,0.8333,14,8
utTa,6,0.375,0.7714,0.6,6,1
uta,13,0.2826086956521739,0.6703,0.5385,11,1
utkaRWa,3,0.12,1.0,1.0,5,0
utkampa,6,0.75,1.0,1.0,5,0
utkara,4,0.16666666666666666,1.0,1.0,6,0
utkarza,5,0.18518518518518517,1.0,1.0,4,2
utkawa,5,0.17857142857142858,0.9,0.8,5,0
utpAdana,4,0.3076923076923077,0.2,0.0,4,1
utpAta,6,0.2857142857142857,0.6571,0.4667,7,1
utpAwana,3,0.5,1.0,1.0,2,0
utpIqa,5,0.5555555555555556,-0.6,-0.4,5,1
utpaTa,4,0.4,1.0,1.0,3,0
utpala,5,0.20833333333333334,0.4,0.4,6,1
utpatana,3,0.6,0.5,0.3333,2,0
utpatti,3,0.16666666666666666,0.5,0.3333,2,0
utsAdana,4,0.21052631578947367,0.8,0.6667,6,0
utsAha,4,0.12903225806451613,1.0,1.0,4,2
utsa,5,0.38461538461538464,0.8,0.6,5,1
utsaNga,8,0.34782608695652173,0.9048,0.7857,6,0
utsarga,6,0.13333333333333333,0.0857,0.2,13,0
utsava,4,0.18181818181818182,1.0,1.0,4,0
utsavasaMketa,3,0.75,0.5,0.3333,2,0
utseDa,3,0.13636363636363635,-0.5,-0.3333,4,0
utseka,5,0.5,0.7,0.6,5,0
utsuka,5,0.25,0.4,0.4,6,0
utsukatA,3,1.0,1.0,1.0,4,0
uttAna,6,0.1935483870967742,0.8286,0.7333,7,1
uttamANga,4,0.36363636363636365,0.8,0.6667,4,0
uttama,5,0.11904761904761904,1.0,1.0,11,3
uttarApaTa,3,0.42857142857142855,1.0,1.0,2,0
uttarAsaNga,3,0.42857142857142855,1.0,1.0,2,0
uttara,13,0.19117647058823528,0.8846,0.8462,30,8
uttaracCada,3,0.42857142857142855,1.0,1.0,3,0
uttaratas,3,0.16666666666666666,0.5,0.3333,5,1
uttarottara,6,0.42857142857142855,0.8286,0.7333,5,2
uttuNga,4,0.36363636363636365,1.0,1.0,3,0
uwaja,3,0.3,1.0,1.0,3,0
uz,4,0.15384615384615385,1.0,1.0,9,6
uzA,4,0.21052631578947367,-0.4,-0.3333,3,1
uzRIzin,3,1.0,0.5,0.3333,1,0
uzRa,6,0.17142857142857143,0.7714,0.6,8,0
uzRakAla,3,1.0,1.0,1.0,2,0
uzas,3,0.11538461538461539,1.0,1.0,10,3
uzwra,5,0.1724137931034483,1.0,1.0,8,0
vA,6,0.06315789473684211,-0.2,-0.0667,29,16
vARI,3,0.09090909090909091,0.5,0.3333,3,2
vASI,3,0.23076923076923078,1.0,1.0,3,0
vASita,3,0.2727272727272727,0.5,0.3333,3,0
vAYC,3,0.09375,0.5,0.3333,6,3
vAc,4,0.08333333333333333,1.0,1.0,11,1
vAcya,6,0.11538461538461539,0.3714,0.3333,10,1
vAda,4,0.1,1.0,1.0,5,3
vAdin,4,0.10256410256410256,0.2,0.0,5,0
vAdya,4,0.14285714285714285,0.8,0.6667,3,0
vAha,3,0.08333333333333333,1.0,1.0,4,1
vAhaka,5,0.4166666666666667,0.9,0.8,2,1
vAhana,4,0.12903225806451613,1.0,1.0,2,0
vAhin,4,0.13333333333333333,0.8,0.6667,7,1
vAhya,3,0.21428571428571427,0.5,0.3333,3,0
vAja,3,0.12,0.5,0.3333,14,6
vAjapeya,3,0.13636363636363635,1.0,1.0,5,0
vAjin,5,0.08064516129032258,0.6,0.4,6,4
vAjina,3,0.1875,1.0,1.0,2,1
vAkCala,3,0.75,1.0,1.0,0,0
vAkpati,3,0.1875,1.0,1.0,3,0
vAkyArTa,3,0.6,-0.5,-0.3333,3,0
vAkya,3,0.08333333333333333,0.5,0.3333,2,1
vAla,5,0.16129032258064516,0.1,0.0,3,4
vAlmIka,3,0.2727272727272727,1.0,1.0,2,0
vAma,7,0.09859154929577464,0.3929,0.4286,10,7
vAmadeva,3,0.10344827586206896,1.0,1.0,5,1
vAmana,5,0.09259259259259259,0.5,0.4,4,2
vAmoru,3,0.25,-0.5,-0.3333,5,0
vAnaprasTa,3,0.13043478260869565,1.0,1.0,5,2
vAnaspatya,3,0.11538461538461539,0.5,0.3333,4,0
vArAha,4,0.12121212121212122,0.8,0.6667,6,1
vAra,4,0.08695652173913043,0.8,0.6667,7,3
vAraRa,5,0.10638297872340426,1.0,1.0,9,1
vAricara,3,0.2727272727272727,1.0,1.0,4,0
vArija,4,0.26666666666666666,1.0,1.0,3,0
vArtraGna,3,0.1875,1.0,1.0,3,0
vAruRa,6,0.11538461538461539,0.9429,0.8667,4,2
vArzReya,3,0.5,1.0,1.0,0,0
vArzika,3,0.08571428571428572,1.0,1.0,2,1
vAsa,5,0.1282051282051282,-0.6,-0.4,3,2
vAsaka,5,0.21739130434782608,-0.5,-0.2,2,1
vAsava,5,0.14285714285714285,1.0,1.0,4,0
vAsizWa,3,0.1111111111111111,1.0,1.0,4,0
vAstavya,4,0.21052631578947367,1.0,1.0,4,2
vAsuki,4,0.16666666666666666,1.0,1.0,3,0
vAta,4,0.1,0.4,0.3333,2,0
vAtika,3,0.25,1.0,1.0,1,2
vAyasa,3,0.09375,1.0,1.0,2,0
vAyu,8,0.17777777777777778,0.2619,0.3571,12,3
vAyupaTa,3,1.0,1.0,1.0,1,0
vEBItaka,3,0.3333333333333333,0.5,0.3333,5,0
vEDarmya,4,0.2857142857142857,0.8,0.6667,2,0
vESAKa,5,0.1724137931034483,0.9,0.8,2,0
vESAradya,3,0.23076923076923078,1.0,1.0,3,0
vESezika,7,0.30434782608695654,1.0,1.0,7,0
vESizwya,4,0.4,1.0,1.0,3,0
vESvAnara,7,0.14,0.0357,-0.0476,6,2
vEcitravIrya,3,0.42857142857142855,1.0,1.0,3,0
vEcitrya,4,0.2,1.0,1.0,3,0
vEdagDya,3,0.2727272727272727,-0.5,-0.3333,2,0
vEdiSa,3,0.3333333333333333,1.0,1.0,3,0
vEdika,3,0.1111111111111111,1.0,1.0,3,0
vEdruma,3,0.75,1.0,1.0,3,0
vEjayanta,3,0.12,1.0,1.0,2,0
vEkArika,3,0.2,1.0,1.0,2,2
vEkfta,7,0.22580645161290322,0.9643,0.9048,10,1
vEkftya,3,0.3,1.0,1.0,1,0
vEkuRWa,3,0.08571428571428572,1.0,1.0,4,2
vEmAnika,3,0.15,0.5,0.3333,5,0
vErAgya,5,0.21739130434782608,0.9,0.8,3,1
vErAja,7,0.23333333333333334,0.3929,0.2381,11,0
vErUpa,3,0.13043478260869565,0.5,0.3333,5,0
vErUpya,3,0.17647058823529413,0.5,0.3333,4,0
vErasya,3,0.42857142857142855,1.0,1.0,3,0
vErocana,4,0.16666666666666666,1.0,1.0,2,0
vEsvarya,3,0.5,1.0,1.0,1,0
vEtaraRa,3,0.13043478260869565,1.0,1.0,2,0
vEvAhika,3,0.2,-0.5,-0.3333,3,1
vEvarRya,3,0.23076923076923078,-0.5,-0.3333,2,0
vEvasvata,6,0.17647058823529413,0.2571,0.2,5,1
vEzamya,3,0.10344827586206896,0.5,0.3333,4,0
vEzayika,3,0.25,-0.5,-0.3333,1,2
vI,4,0.14814814814814814,1.0,1.0,30,9
vITi,5,0.16666666666666666,1.0,1.0,12,0
vIj,5,0.25,0.7,0.6,3,0
vIra,5,0.07575757575757576,0.3,0.2,17,5
vIrahan,3,0.21428571428571427,0.5,0.3333,3,0
vIrasena,4,0.23529411764705882,0.8,0.6667,1,0
vIryaSulka,3,0.75,1.0,1.0,2,0
vItahavya,3,0.2,1.0,1.0,1,0
vItihotra,3,0.15789473684210525,1.0,1.0,2,0
vaD,3,0.0967741935483871,-0.5,-0.3333,14,5
vaDa,7,0.15555555555555556,0.6429,0.619,7,1
vaDaka,3,0.2,0.5,0.3333,3,1
vaMSa,3,0.04838709677419355,0.5,0.3333,5,4
vaS,3,0.1111111111111111,1.0,1.0,18,8
vaSA,5,0.20833333333333334,1.0,1.0,5,1
vaSa,5,0.08333333333333333,1.0,1.0,8,1
vaSavartin,3,0.3,1.0,1.0,1,0
vaSin,5,0.14285714285714285,1.0,1.0,5,2
vaSitva,3,0.16666666666666666,1.0,1.0,3,0
vaSyatA,3,0.3333333333333333,-0.5,-0.3333,3,0
vaYc,5,0.11904761904761904,1.0,1.0,17,4
vaYjula,3,0.16666666666666666,1.0,1.0,2,0
vac,8,0.0898876404494382,0.881,0.7143,44,16
vacanIya,4,0.36363636363636365,1.0,1.0,2,0
vacana,5,0.10869565217391304,1.0,1.0,11,1
vad,9,0.09278350515463918,0.8667,0.7222,51,19
vadana,3,0.0967741935483871,-0.5,-0.3333,3,1
vah,13,0.13402061855670103,0.478,0.3846,77,18
vaha,4,0.13333333333333333,0.8,0.6667,4,0
vahana,3,0.3333333333333333,-0.5,-0.3333,2,0
vahatu,3,0.3,1.0,1.0,2,1
vahni,5,0.1282051282051282,0.7,0.6,8,1
vajra,5,0.07462686567164178,0.7,0.6,13,1
vajradaMzwra,3,0.42857142857142855,1.0,1.0,0,0
vajranABa,3,0.3,1.0,1.0,4,0
vajrasAra,5,0.5,1.0,1.0,3,1
vakra,9,0.16071428571428573,0.3167,0.2778,6,4
vakranAsa,3,0.75,0.5,0.3333,2,0
vaktavya,4,0.14285714285714285,1.0,1.0,3,2
vakzaRA,3,0.375,1.0,1.0,2,2
val,7,0.2,0.6786,0.5238,23,1
valaya,5,0.13513513513513514,0.7,0.6,3,0
valg,4,0.16,0.8,0.6667,4,2
vallaBa,3,0.07894736842105263,-1.0,-1.0,2,2
valmIka,4,0.11428571428571428,0.8,0.6667,0,0
vam,5,0.13513513513513514,0.3,0.2,15,2
van,4,0.2857142857142857,1.0,1.0,34,13
vanAyu,3,0.3,1.0,1.0,1,0
vanDura,3,0.3,1.0,1.0,5,1
vana,4,0.0975609756097561,1.0,1.0,2,1
vand,3,0.1,0.5,0.3333,11,0
vanya,5,0.1724137931034483,0.1,0.0,4,1
vap,5,0.0847457627118644,0.9,0.8,20,9
vapra,6,0.13953488372093023,0.5429,0.4667,4,2
varAha,3,0.05660377358490566,1.0,1.0,4,1
varAwaka,4,0.21052631578947367,0.8,0.6667,2,1
varDaki,3,0.3333333333333333,1.0,1.0,3,0
varDamAna,5,0.1111111111111111,1.0,1.0,5,0
varDamAnaka,4,0.3076923076923077,1.0,1.0,1,0
varDana,4,0.125,0.8,0.6667,4,7
varRa,6,0.08108108108108109,0.8286,0.7333,13,10
varRasaMhAra,3,0.75,1.0,1.0,2,0
varRin,5,0.22727272727272727,0.9,0.8,2,0
varUTa,6,0.25,0.6,0.4667,4,2
varUTin,6,0.3333333333333333,0.9429,0.8667,4,0
vara,5,0.07042253521126761,1.0,1.0,11,8
varaRa,3,0.07692307692307693,0.5,0.3333,2,4
varcas,3,0.1,0.5,0.3333,3,4
varcasvin,4,0.4,1.0,1.0,2,0
varcasya,3,0.3,1.0,1.0,2,0
varivas,3,0.6,-0.5,-0.3333,2,1
varizWa,4,0.14814814814814814,1.0,1.0,4,0
vartana,8,0.24242424242424243,1.0,1.0,7,1
vartin,4,0.125,0.8,0.6667,5,1
vartitavya,4,0.4444444444444444,-1.0,-1.0,5,1
varuRa,5,0.10869565217391304,-0.1,0.0,12,5
varza,4,0.06666666666666667,0.8,0.6667,7,2
varzavfdDa,3,0.6,1.0,1.0,3,0
varzman,6,0.1875,1.0,1.0,6,3
vas,12,0.10256410256410256,0.6084,0.4545,78,33
vasA,3,0.08571428571428572,0.5,0.3333,0,3
vasAti,3,0.42857142857142855,1.0,1.0,0,2
vasizWa,4,0.08888888888888889,1.0,1.0,18,2
vastUtTApana,3,1.0,1.0,1.0,2,0
vasti,4,0.14285714285714285,0.4,0.3333,3,1
vastu,5,0.1,1.0,1.0,12,1
vastuDarma,3,1.0,-0.5,-0.3333,2,0
vasu,7,0.09333333333333334,0.8571,0.7143,36,5
vasuDA,5,0.20833333333333334,0.7,0.6,4,2
vasuDAna,4,0.6666666666666666,0.8,0.6667,4,0
vasudAna,3,0.42857142857142855,1.0,1.0,2,0
vasudeva,3,0.15,1.0,1.0,5,1
vatsa,4,0.06451612903225806,0.8,0.6667,7,2
vatsala,3,0.11538461538461539,1.0,1.0,3,0
vatsanABa,3,0.25,1.0,1.0,3,1
vatsara,5,0.16129032258064516,1.0,1.0,5,1
vayaHsTa,3,0.23076923076923078,1.0,1.0,1,1
vayuna,3,0.21428571428571427,1.0,1.0,5,1
veDaka,3,0.42857142857142855,1.0,1.0,1,0
veDas,5,0.15151515151515152,1.0,1.0,7,4
veRu,3,0.057692307692307696,1.0,1.0,1,2
veSa,3,0.16666666666666666,1.0,1.0,3,1
vedana,4,0.09302325581395349,1.0,1.0,6,8
vedya,5,0.17857142857142858,1.0,1.0,5,0
vega,8,0.19047619047619047,0.9524,0.8571,8,1
ven,3,0.3,-0.5,-0.3333,4,0
vena,4,0.14814814814814814,0.4,0.3333,10,5
vepana,4,0.36363636363636365,0.8,0.6667,4,0
veza,3,0.07142857142857142,-0.5,-0.3333,6,1
vezw,6,0.09230769230769231,1.0,1.0,9,2
vezwa,3,0.3333333333333333,1.0,1.0,1,0
vezwana,5,0.21739130434782608,0.3,0.2,6,1
vfTA,4,0.1111111111111111,-0.8,-0.6667,7,2
vfdDa,4,0.07547169811320754,0.8,0.6667,8,5
vfdDi,5,0.08928571428571429,0.4,0.4,16,2
vfjina,3,0.15,0.5,0.3333,3,1
vfka,4,0.1,0.2,0.0,13,2
vfnda,3,0.07692307692307693,1.0,1.0,1,1
vfnta,3,0.14285714285714285,-1.0,-1.0,1,0
vftravaDa,3,0.5,1.0,1.0,1,0
vfttAnta,3,0.08823529411764706,1.0,1.0,2,2
vftta,9,0.1323529411764706,0.7833,0.6667,7,2
vftti,8,0.09876543209876543,0.9286,0.8571,18,7
vfttikara,3,0.75,0.5,0.3333,2,0
vfzAkapi,3,0.125,1.0,1.0,3,0
vfzRi,4,0.11764705882352941,1.0,1.0,5,5
vfza,6,0.12,1.0,1.0,12,3
vfzaBa,4,0.0975609756097561,0.8,0.6667,3,3
vfzaRa,5,0.2,0.9,0.8,0,1
vfzadaMSa,3,0.2727272727272727,0.5,0.3333,0,0
vfzan,3,0.1111111111111111,0.5,0.3333,4,5
vfzaparvan,3,0.2,1.0,1.0,2,0
vfzasena,3,0.3333333333333333,1.0,1.0,1,0
vfzya,3,0.17647058823529413,1.0,1.0,2,0
viBARqaka,3,0.42857142857142855,1.0,1.0,2,0
viBAga,4,0.07547169811320754,0.8,0.6667,5,3
viBAva,3,0.2727272727272727,-1.0,-1.0,2,0
viBAvana,5,0.2777777777777778,0.4,0.4,1,0
viBAvasu,4,0.16,1.0,1.0,5,0
viBIzaRa,3,0.14285714285714285,1.0,1.0,4,0
viBUti,10,0.24390243902439024,0.9152,0.8222,17,1
viBUzaRa,3,0.2,1.0,1.0,1,0
viBaNga,3,0.1875,1.0,1.0,4,0
viBava,4,0.0975609756097561,-0.2,0.0,4,2
viBeda,4,0.25,1.0,1.0,4,0
viBedana,3,0.42857142857142855,1.0,1.0,2,0
viBrama,5,0.09615384615384616,0.3,0.2,9,1
viBu,4,0.07692307692307693,1.0,1.0,10,4
viDA,3,0.07692307692307693,0.5,0.3333,52,4
viDAna,7,0.14893617021276595,0.7857,0.7143,11,2
viDAraRa,3,0.23076923076923078,1.0,1.0,3,0
viDAtavya,4,0.26666666666666666,1.0,1.0,2,0
viDAyin,3,0.2727272727272727,1.0,1.0,3,0
viDUma,3,0.375,1.0,1.0,1,0
viDeya,5,0.16129032258064516,0.7,0.6,7,0
viDfti,4,0.2222222222222222,0.8,0.6667,4,1
viDi,8,0.11428571428571428,0.6905,0.5714,15,6
viDu,3,0.09090909090909091,-0.5,-0.3333,10,1
viDvaMsa,4,0.3333333333333333,1.0,1.0,1,0
viDvaMsana,3,0.375,0.5,0.3333,1,0
viGAta,3,0.11538461538461539,1.0,1.0,4,0
viGAtana,3,0.75,1.0,1.0,1,0
viGAtin,5,0.625,0.9,0.8,2,0
viGana,3,0.17647058823529413,-0.5,-0.3333,3,0
viGawwana,3,0.3,1.0,1.0,3,0
viGna,3,0.13636363636363635,1.0,1.0,2,1
viMSa,5,0.2777777777777778,0.8,0.6,5,1
viMSaka,3,0.3333333333333333,-0.5,-0.3333,0,0
viPala,3,0.15,1.0,1.0,2,0
viS,10,0.0847457627118644,0.4061,0.2889,59,21
viSAKa,7,0.13725490196078433,0.6071,0.5238,8,1
viSAlAkza,4,0.26666666666666666,1.0,1.0,3,0
viSAla,4,0.07272727272727272,-0.4,-0.3333,2,2
viSaNkawa,3,0.25,-0.5,-0.3333,3,0
viSada,5,0.14285714285714285,-0.2,-0.2,8,2
viSalya,4,0.3333333333333333,1.0,1.0,1,0
viSasana,5,0.35714285714285715,1.0,1.0,3,0
viSeza,5,0.07936507936507936,1.0,1.0,7,5
viSezaRa,3,0.13636363636363635,-0.5,-0.3333,4,1
viSezaka,5,0.22727272727272727,1.0,1.0,3,0
viSiKa,4,0.125,1.0,1.0,3,0
viSleza,4,0.2222222222222222,1.0,1.0,2,0
viSoDana,4,0.26666666666666666,0.8,0.6667,2,0
viSoka,4,0.16,-0.6,-0.3333,1,0
viSrAma,4,0.14814814814814814,1.0,1.0,4,0
viSramBin,3,0.375,1.0,1.0,1,0
viSravas,3,0.25,1.0,1.0,6,0
viSvAcI,3,0.1875,-0.5,-0.3333,0,0
viSvAsin,3,0.75,0.5,0.3333,1,0
viSvAvasu,6,0.2,0.7714,0.6,5,1
viSvAyu,3,0.5,0.5,0.3333,2,1
viSva,4,0.06896551724137931,0.4,0.3333,7,2
viSvaBezaja,3,0.3,1.0,1.0,2,0
viSvajit,3,0.11538461538461539,1.0,1.0,3,1
viSvakarman,6,0.14634146341463414,0.4286,0.4667,16,0
viSvakft,4,0.26666666666666666,1.0,1.0,3,0
viSvarUpa,6,0.13333333333333333,1.0,1.0,9,0
viSveSa,3,0.2,0.5,0.3333,2,1
vibuDa,6,0.23076923076923078,0.3714,0.3333,3,1
vic,5,0.10204081632653061,0.5,0.4,10,5
vicAra,5,0.1111111111111111,0.6,0.4,3,2
vicArin,3,0.2,1.0,1.0,2,0
vicCeda,5,0.1282051282051282,0.7,0.6,5,0
vicCitti,3,0.15,1.0,1.0,3,0
vicetas,3,0.3,1.0,1.0,2,0
vicezwita,3,0.2,1.0,1.0,2,0
vicitra,6,0.17647058823529413,0.7714,0.6,6,0
vid,9,0.08333333333333333,0.4,0.2778,97,30
vidAraRa,4,0.12903225806451613,1.0,1.0,2,1
vidUra,3,0.10344827586206896,1.0,1.0,5,1
vidUraTa,3,0.15,1.0,1.0,2,0
vidUzaka,3,0.15789473684210525,0.5,0.3333,5,1
vidaTa,3,0.23076923076923078,1.0,1.0,5,4
vidarBa,3,0.14285714285714285,1.0,1.0,4,0
vidiSA,3,0.17647058823529413,1.0,1.0,2,0
vidrAvaRa,3,0.5,1.0,1.0,0,0
vidraDa,3,0.6,1.0,1.0,2,0
vidrava,4,0.26666666666666666,1.0,1.0,2,0
vidveza,3,0.15789473684210525,1.0,1.0,2,0
vidyA,3,0.06666666666666667,0.5,0.3333,11,2
vidyot,3,1.0,1.0,1.0,0,1
vidyujjihva,3,1.0,1.0,1.0,1,0
vidyut,4,0.11764705882352941,0.4,0.3333,6,0
vigraha,5,0.09803921568627451,0.4,0.4,11,2
viguRa,3,0.2,1.0,1.0,2,1
vihAra,7,0.12727272727272726,0.75,0.5238,11,2
vihArin,3,0.17647058823529413,1.0,1.0,3,0
vihaMgama,3,0.13636363636363635,1.0,1.0,3,0
viharaRa,4,0.23529411764705882,0.8,0.6667,3,0
vihavya,3,0.25,0.5,0.3333,3,0
vij,5,0.12195121951219512,0.7,0.6,15,2
vijYAna,4,0.08888888888888889,0.8,0.6667,6,0
vijaya,7,0.11475409836065574,0.6071,0.5238,5,3
vijetavya,3,1.0,1.0,1.0,2,0
vijfmBaRa,3,0.6,1.0,1.0,0,0
vijigIzA,4,0.4444444444444444,0.8,0.6667,4,1
vijiti,3,0.2727272727272727,1.0,1.0,3,1
vijvara,3,0.42857142857142855,1.0,1.0,1,0
vikAra,3,0.057692307692307696,-0.5,-0.3333,3,3
vikArin,4,0.19047619047619047,0.8,0.6667,2,0
vikAsin,4,0.26666666666666666,0.8,0.6667,2,0
vikala,4,0.09302325581395349,1.0,1.0,5,2
vikalpa,5,0.09259259259259259,0.9,0.8,6,0
vikarRa,3,0.17647058823529413,1.0,1.0,0,0
vikarza,3,0.3333333333333333,1.0,1.0,2,0
vikarzaRa,4,0.3333333333333333,1.0,1.0,4,0
vikatTana,3,0.15,1.0,1.0,3,0
vikawa,6,0.15384615384615385,0.4857,0.3333,3,0
vikfta,3,0.15,1.0,1.0,1,0
vikfti,7,0.19444444444444445,0.6071,0.5238,6,2
viklava,6,0.21428571428571427,0.6,0.4667,3,0
vikleda,3,0.6,-0.5,-0.3333,1,0
vikrAnta,3,0.23076923076923078,1.0,1.0,2,0
vikriyA,6,0.23076923076923078,0.4857,0.3333,11,0
vikzara,3,0.6,1.0,1.0,0,0
vikzepa,11,0.2558139534883721,0.9455,0.8909,5,0
vikzoBa,3,0.375,1.0,1.0,2,0
vilApana,5,0.3125,0.9,0.8,2,0
vilAsa,6,0.15384615384615385,0.7714,0.6,7,3
vilAsin,6,0.1935483870967742,1.0,1.0,8,4
vilaNGana,4,0.6666666666666666,1.0,1.0,1,1
vilaNGin,3,1.0,1.0,1.0,1,0
vilakza,3,0.23076923076923078,0.5,0.3333,3,0
vilakzaRa,3,0.08823529411764706,1.0,1.0,5,0
vilambin,3,0.15,1.0,1.0,3,0
vileKana,4,0.4444444444444444,1.0,1.0,1,0
vilepana,4,0.18181818181818182,0.8,0.6667,3,0
viloBana,4,0.4444444444444444,1.0,1.0,3,0
vilohita,4,0.36363636363636365,1.0,1.0,1,0
vilokana,3,0.1875,1.0,1.0,6,0
vilopa,3,0.42857142857142855,-1.0,-1.0,1,0
vilopaka,3,1.0,-0.5,-0.3333,2,0
vilopana,3,0.6,1.0,1.0,0,1
vimAna,4,0.0975609756097561,0.8,0.6667,9,2
vimada,4,0.3076923076923077,1.0,1.0,3,2
vimala,4,0.10526315789473684,0.6,0.3333,1,1
vimanas,3,0.14285714285714285,1.0,1.0,1,0
vimarSa,4,0.21052631578947367,1.0,1.0,2,0
vimarda,6,0.1935483870967742,0.6571,0.6,4,1
vimardana,6,0.3333333333333333,1.0,1.0,3,0
vimiSra,3,0.23076923076923078,1.0,1.0,3,1
vimokza,3,0.12,0.5,0.3333,3,0
vimokzaRa,4,0.25,0.4,0.3333,3,0
vimuKa,5,0.16666666666666666,0.6,0.4,5,1
vinA,3,0.0967741935483871,0.5,0.3333,3,0
vinAyaka,3,0.11538461538461539,-0.5,-0.3333,3,0
vinata,5,0.20833333333333334,-0.5,-0.2,3,1
vinidra,4,0.26666666666666666,1.0,1.0,1,0
vinirmARa,3,0.6,1.0,1.0,2,1
vinivartana,3,0.6,1.0,1.0,1,0
viniyoga,5,0.15151515151515152,1.0,1.0,3,1
vinyAsa,3,0.13043478260869565,-0.5,-0.3333,3,0
vip,4,0.12121212121212122,1.0,1.0,11,6
vipASa,3,0.21428571428571427,1.0,1.0,2,0
vipAka,5,0.16129032258064516,0.9,0.8,4,3
vipakva,4,0.2857142857142857,1.0,1.0,3,0
vipakza,6,0.1875,0.0857,0.2,5,1
vipariRAma,3,0.23076923076923078,0.5,0.3333,1,0
viparyAsa,3,0.0967741935483871,1.0,1.0,4,3
viparyaya,6,0.11538461538461539,0.8286,0.7333,10,1
vipatti,3,0.17647058823529413,-1.0,-1.0,2,0
viplava,4,0.14285714285714285,0.8,0.6667,3,1
vipra,5,0.11627906976744186,1.0,1.0,8,3
vipracitti,3,0.2727272727272727,1.0,1.0,1,1
vipralamBa,3,0.15789473684210525,0.5,0.3333,2,0
vipratizeDa,4,0.26666666666666666,0.4,0.3333,4,0
virAga,3,0.15,-0.5,-0.3333,3,0
virAj,7,0.14893617021276595,0.8571,0.7143,24,5
virAja,3,0.375,1.0,1.0,0,0
virUpAkza,6,0.18181818181818182,0.9429,0.8667,4,0
virUpa,5,0.11363636363636363,0.0,0.2,12,4
viraTa,3,0.6,1.0,1.0,2,0
virasa,3,0.16666666666666666,1.0,1.0,1,0
viroDa,6,0.125,0.2571,0.2,3,1
viroDana,6,0.4,0.9429,0.8667,1,0
viroDin,3,0.07692307692307693,1.0,1.0,4,2
visPAra,3,0.375,-0.5,-0.3333,1,1
visPowa,3,0.2,0.5,0.3333,2,1
visarga,5,0.1111111111111111,0.5,0.4,15,0
visarjana,6,0.15789473684210525,1.0,1.0,6,3
visarpa,3,0.21428571428571427,1.0,1.0,1,0
visarpaRa,3,0.42857142857142855,0.5,0.3333,1,0
visarpin,3,0.1875,1.0,1.0,3,1
vistAra,5,0.2,0.1,0.0,3,2
vistara,4,0.09523809523809523,-0.4,-0.3333,10,6
visvara,3,0.21428571428571427,0.5,0.3333,3,0
vitAna,5,0.1111111111111111,0.4,0.4,5,0
vitanu,4,1.0,0.8,0.6667,0,0
vitarka,3,0.12,1.0,1.0,3,1
vitrAsa,3,0.5,-1.0,-1.0,1,1
vivAda,3,0.07894736842105263,0.5,0.3333,3,0
vivAhya,3,0.23076923076923078,1.0,1.0,1,0
vivAsa,3,0.3333333333333333,-0.5,-0.3333,1,0
vivAsana,4,0.6666666666666666,1.0,1.0,1,0
vivakzA,3,0.17647058823529413,0.5,0.3333,3,0
vivakzu,3,0.25,1.0,1.0,1,1
vivarRa,3,0.1875,-0.5,-0.3333,3,0
vivarRatA,3,0.375,1.0,1.0,2,0
vivaraRa,3,0.1875,1.0,1.0,4,0
vivarta,5,0.23809523809523808,0.7,0.6,2,0
vivartana,6,0.2608695652173913,0.5429,0.4667,3,0
vivecana,4,0.25,1.0,1.0,3,0
viveka,3,0.10714285714285714,0.5,0.3333,5,4
viwapin,3,0.21428571428571427,0.5,0.3333,2,0
viyoni,4,0.2857142857142857,1.0,1.0,2,1
viz,4,0.0975609756097561,0.4,0.3333,22,6
vizARa,5,0.14285714285714285,0.9,0.8,6,0
vizARin,4,0.3076923076923077,0.8,0.6667,2,0
vizAda,4,0.125,0.4,0.3333,3,0
vizRumaya,4,0.5,0.4,0.3333,3,0
vizRupada,4,0.2222222222222222,1.0,1.0,3,1
vizRupatnI,3,0.6,1.0,1.0,3,0
vizRuyaSas,3,0.3333333333333333,1.0,1.0,2,0
vizUcIna,3,0.42857142857142855,1.0,1.0,4,0
vizUcikA,3,0.21428571428571427,1.0,1.0,3,0
vizWA,5,0.15151515151515152,-0.5,-0.4,14,1
viza,4,0.10256410256410256,0.8,0.6667,2,2
vizama,6,0.09375,0.8286,0.7333,16,0
vizayAnta,3,1.0,1.0,1.0,2,0
vizaya,5,0.07246376811594203,0.7,0.6,20,4
vizayaka,3,0.42857142857142855,0.5,0.3333,2,0
vizayin,4,0.21052631578947367,1.0,1.0,2,1
vizkamBa,7,0.21875,0.8571,0.7143,4,1
vizvaksena,4,0.19047619047619047,0.8,0.6667,2,0
vizwamBa,6,0.2857142857142857,1.0,1.0,4,1
vizwaraSravas,3,0.23076923076923078,1.0,1.0,2,1
vrIq,3,0.2727272727272727,1.0,1.0,5,0
vraj,5,0.07692307692307693,0.6,0.4,34,7
vraja,4,0.10810810810810811,0.4,0.3333,7,5
vrata,3,0.05172413793103448,0.5,0.3333,18,7
vratapati,3,0.5,1.0,1.0,2,0
vratin,3,0.11538461538461539,1.0,1.0,3,0
vyAGAta,4,0.12903225806451613,1.0,1.0,5,2
vyAhAra,6,0.4,0.9429,0.8667,4,0
vyAhArin,4,1.0,1.0,1.0,1,0
vyAkaraRa,5,0.1282051282051282,1.0,1.0,5,0
vyAkula,3,0.1111111111111111,1.0,1.0,3,0
vyAla,3,0.08823529411764706,1.0,1.0,4,2
vyAmiSra,4,0.4444444444444444,0.8,0.6667,4,2
vyApAra,6,0.17647058823529413,-0.0286,0.0667,9,0
vyApin,3,0.125,1.0,1.0,2,0
vyApti,3,0.1111111111111111,0.5,0.3333,3,2
vyAsa,3,0.08333333333333333,1.0,1.0,12,1
vyAsaNga,3,0.21428571428571427,1.0,1.0,2,0
vyAvahArika,3,0.15789473684210525,1.0,1.0,1,1
vyAvartana,3,0.375,0.5,0.3333,1,1
vyAvft,3,0.13043478260869565,0.5,0.3333,30,0
vyAvftti,6,0.25,1.0,1.0,5,0
vyAyAma,4,0.19047619047619047,1.0,1.0,4,2
vyUha,3,0.06382978723404255,1.0,1.0,11,2
vyUhana,4,0.3333333333333333,1.0,1.0,1,0
vyaBicAra,4,0.16,1.0,1.0,2,2
vyaBicArin,4,0.19047619047619047,1.0,1.0,6,0
vyaD,4,0.056338028169014086,0.4,0.3333,25,9
vyaNga,4,0.17391304347826086,0.4,0.3333,2,0
vyaT,7,0.15555555555555556,0.9643,0.9048,14,5
vyaYjana,6,0.11320754716981132,1.0,1.0,7,2
vyacas,3,0.42857142857142855,1.0,1.0,4,1
vyantara,4,0.4444444444444444,0.8,0.6667,2,0
vyapASraya,4,0.4,0.4,0.3333,3,2
vyapAya,3,0.5,0.5,0.3333,1,0
vyapadeSa,4,0.1111111111111111,0.2,0.0,2,2
vyapadeSya,4,0.3333333333333333,0.4,0.3333,2,0
vyapekzA,3,0.21428571428571427,1.0,1.0,2,0
vyapoha,3,0.5,1.0,1.0,1,0
vyarTa,5,0.21739130434782608,0.9,0.8,1,0
vyarTatA,4,0.8,0.8,0.6667,1,0
vyasana,3,0.075,0.5,0.3333,8,2
vyasanin,4,0.21052631578947367,-0.2,0.0,4,0
vyatikara,3,0.09090909090909091,0.5,0.3333,6,3
vyatikrama,3,0.1,1.0,1.0,6,1
vyatireka,5,0.17857142857142858,0.8,0.6,6,0
vyatyAsa,3,0.23076923076923078,1.0,1.0,2,0
vyavaDAna,3,0.10714285714285714,-0.5,-0.3333,3,0
vyavahAra,11,0.19642857142857142,0.5091,0.4545,10,1
vyavahArin,4,0.2222222222222222,1.0,1.0,4,0
vyavahartavya,3,0.375,-0.5,-0.3333,1,0
vyavasAya,3,0.12,1.0,1.0,3,3
vyavasTA,5,0.1,0.7,0.6,25,1
vyavasTApana,3,0.375,1.0,1.0,1,0
vyavasTiti,3,0.1875,1.0,1.0,3,0
vyay,3,0.375,1.0,1.0,4,0
vyaya,4,0.09523809523809523,1.0,1.0,8,0
vyazwakA,4,0.8,1.0,1.0,3,0
vyazwi,3,0.3,1.0,1.0,3,1
vyoman,6,0.13333333333333333,-0.0286,0.0667,5,2
vyudAsa,4,0.36363636363636365,1.0,1.0,1,0
waNka,8,0.2857142857142857,0.9048,0.7857,6,2
wiwwiBa,3,0.23076923076923078,1.0,1.0,3,0
yA,11,0.11458333333333333,0.8727,0.7455,70,37
yAc,5,0.09433962264150944,1.0,1.0,20,8
yAdas,5,0.22727272727272727,-0.9,-0.8,4,2
yAma,5,0.1111111111111111,-0.3,-0.2,8,3
yAmuna,4,0.2,1.0,1.0,5,0
yAmya,3,0.08571428571428572,0.5,0.3333,7,1
yAtavya,4,0.4,1.0,1.0,3,0
yAtrA,3,0.06976744186046512,1.0,1.0,6,2
yAtu,3,0.1875,1.0,1.0,5,0
yAvaka,3,0.125,0.5,0.3333,2,0
yAyAvara,3,0.23076923076923078,1.0,1.0,0,0
yODizWira,3,0.5,1.0,1.0,3,0
yOgika,3,0.21428571428571427,0.5,0.3333,2,0
yaB,3,0.17647058823529413,0.5,0.3333,4,1
yaSas,4,0.09523809523809523,1.0,1.0,6,1
yaSohara,3,1.0,1.0,1.0,1,0
yaTA,4,0.06153846153846154,0.0,0.0,17,3
yaTABAgam,4,0.36363636363636365,1.0,1.0,2,0
yaTABimata,3,0.75,-0.5,-0.3333,2,0
yaTAbalam,4,0.4444444444444444,1.0,1.0,2,0
yaTAjyezWam,3,1.0,1.0,1.0,2,0
yaTApradeSam,3,0.42857142857142855,1.0,1.0,2,0
yaTArTam,4,0.25,1.0,1.0,5,1
yaTArUpa,3,1.0,0.5,0.3333,1,0
yaTArha,4,0.4,1.0,1.0,3,0
yaTAvakASam,3,0.375,1.0,1.0,2,0
yaTAvayas,3,0.6,1.0,1.0,3,0
yaTAvftta,3,0.375,0.5,0.3333,4,0
yaTocita,3,0.3333333333333333,0.5,0.3333,1,0
yaTokta,3,0.1875,1.0,1.0,3,0
yad,4,0.08333333333333333,0.4,0.3333,33,1
yadA,4,0.125,0.2,0.0,7,2
yaj,7,0.125,0.6071,0.5238,38,11
yajYadatta,3,0.42857142857142855,1.0,1.0,2,0
yajYasena,5,1.0,1.0,1.0,1,0
yajYiya,5,0.2,-0.8,-0.6,6,4
yakft,3,0.15,-0.5,-0.3333,8,0
yakza,5,0.09803921568627451,1.0,1.0,11,1
yakzma,4,0.4444444444444444,1.0,1.0,3,0
yam,5,0.043859649122807015,0.9,0.8,41,41
yama,4,0.0547945205479452,0.8,0.6667,22,4
yamaka,3,0.16666666666666666,1.0,1.0,1,1
yamatva,3,1.0,1.0,1.0,2,0
yantra,5,0.11627906976744186,1.0,1.0,5,2
yat,4,0.057971014492753624,1.0,1.0,29,14
yatas,4,0.0851063829787234,0.4,0.3333,9,0
yati,4,0.06451612903225806,-0.8,-0.6667,6,4
yatna,4,0.11428571428571428,1.0,1.0,7,0
yava,4,0.0851063829787234,0.0,0.0,11,2
yavya,3,0.16666666666666666,1.0,1.0,1,2
yazwi,3,0.06976744186046512,0.5,0.3333,5,0
yena,3,0.13043478260869565,1.0,1.0,5,0
yogAcArya,3,0.6,-0.5,-0.3333,2,1
yoga,15,0.15789473684210525,0.8821,0.7524,35,11
yogavid,3,0.23076923076923078,1.0,1.0,2,0
yogeSvara,4,0.23529411764705882,-0.2,0.0,2,0
yogin,3,0.07692307692307693,1.0,1.0,3,0
yojana,4,0.08,0.4,0.3333,9,3
yojya,7,0.30434782608695654,1.0,1.0,3,0
yoktavya,4,0.6666666666666666,0.8,0.6667,2,1
yoni,3,0.06,1.0,1.0,6,5
yu,5,0.078125,0.3,0.2,47,20
yuD,6,0.14285714285714285,0.7714,0.6,28,6
yuDAjit,4,0.4,1.0,1.0,1,0
yuDizWira,3,0.15789473684210525,1.0,1.0,4,0
yugAnta,3,0.25,1.0,1.0,1,1
yuga,4,0.06779661016949153,0.4,0.3333,6,3
yugaMDara,5,0.25,0.7,0.6,3,1
yugma,3,0.08333333333333333,0.5,0.3333,3,0
yuj,18,0.1267605633802817,0.5088,0.3333,100,29
yukti,11,0.19642857142857142,0.9636,0.8545,14,1
yup,3,0.25,1.0,1.0,8,2
yuvanASva,3,0.3,0.5,0.3333,3,0
yuyutsA,3,1.0,1.0,1.0,3,0
zWiv,3,0.08571428571428572,1.0,1.0,17,1
zaqAnana,4,0.5714285714285714,1.0,1.0,3,0
zaqgava,3,0.1875,1.0,1.0,3,0
zaqvarga,3,0.23076923076923078,0.5,0.3333,3,0
zawka,3,0.10344827586206896,0.5,0.3333,4,0
zawtriMSa,3,0.1875,1.0,1.0,7,0
zoqaSa,3,0.09375,-0.5,-0.3333,6,0
zoqaSin,3,0.15789473684210525,-0.5,-0.3333,7,0
