openalex_id,title,year,type,venue,doi,confidence_tier,attests,bucket,match_reason,matched_probes,matched_anchors,cited_by_count,url,snapshot,fetched_at
W7164171718,<i>Ear-y fish:</i> shells in two Tocharian B medical prescriptions,2026,article,Bulletin of the School of Oriental and African Studies,https://doi.org/10.1017/s0041977x26101219,C0,print,external,fails domain gate (no Indological/lexicographic signal),gra-title,,0,https://openalex.org/W7164171718,2026-07,2026-07-28
W7131258757,A transdisciplinary framework for managing metabolic dysfunction associated steatotic liver disease,2026,article,Frontiers in Pharmacology,https://doi.org/10.3389/fphar.2026.1767844,C0,print,external,fails domain gate (no Indological/lexicographic signal),ap90-title,,1,https://openalex.org/W7131258757,2026-07,2026-07-28
W7128387249,Annadāna to Ecology: The Ethical and Spiritual Dimensions of Food in Indian Knowledge Systems,2026,article,Edumania-An International Multidisciplinary Journal,https://doi.org/10.59231/edumania/9180,C0,print,external,fails domain gate (no Indological/lexicographic signal),ap90-title,,0,https://openalex.org/W7128387249,2026-07,2026-07-28
W7165517628,Gender discrimination and personal and professional development fostered by allopathic medical schools in the United States,2026,article,PLoS ONE,https://doi.org/10.1371/journal.pone.0319549,C0,digital,external,fails domain gate (no Indological/lexicographic signal),ambuda,,0,https://openalex.org/W7165517628,2026-07,2026-07-28
W7129167234,"Mentoring in Hospital Settings: A Systematic Review of Guidance, Care, and Professional Development",2026,review,Healthcare,https://doi.org/10.3390/healthcare14040505,C0,digital,external,fails domain gate (no Indological/lexicographic signal),ambuda,,2,https://openalex.org/W7129167234,2026-07,2026-07-28
W7131171021,Role of Snayu Avayava in Manya Stambha and its Applied Aspect in Relation to Posture - A Review,2026,article,International Journal for Research in Applied Science and Engineering Technology,https://doi.org/10.22214/ijraset.2026.76036,C0,print,external,fails domain gate (no Indological/lexicographic signal),mw-full,,0,https://openalex.org/W7131171021,2026-07,2026-07-28
W7154728355,Transitioning from WiFi 6 to WiFi 7: A Metrological Assessment of Human-Centric EMF Exposure and Multi-Link Operation (MLO) Dynamics,2026,article,Sensors,https://doi.org/10.3390/s26082479,C0,digital,external,fails domain gate (no Indological/lexicographic signal),ambuda,,0,https://openalex.org/W7154728355,2026-07,2026-07-28
W7165762851,Traversando il ‘continuum’. Alcune osservazioni estetiche intorno alla prosa di Adalbert Stifter,2026,article,Studia austriaca,https://doi.org/10.54103/1593-2508/31242,C0,print,external,fails domain gate (no Indological/lexicographic signal),mw-full,,0,https://openalex.org/W7165762851,2026-07,2026-07-28
W7140173287,Trends and impact of single-author publications among vascular surgeons in the UK,2026,article,Scientometrics,https://doi.org/10.1007/s11192-026-05604-2,C0,digital,external,fails domain gate (no Indological/lexicographic signal),ambuda,,0,https://openalex.org/W7140173287,2026-07,2026-07-28
W7152571590,Trends in orthopedic research: a review of female authorship in Mexican journals,2026,article,Medicina Universitaria,https://doi.org/10.24875/rmu.25000040,C0,digital,external,fails domain gate (no Indological/lexicographic signal),ambuda,,0,https://openalex.org/W7152571590,2026-07,2026-07-28
W7160414718,日々を数える比丘たち,2026,article,Institutional Repositories DataBase (IRDB),https://doi.org/10.50927/bk00310l057,C0,print,external,fails domain gate (no Indological/lexicographic signal),ap90-title,,0,https://openalex.org/W7160414718,2026-07,2026-07-28
W4413763811,"A Unique Religious Landscape: Indian-Origin Vocabulary in Om-nāma, a 17th-Century Text in Persian",2025,article,Religions,https://doi.org/10.3390/rel16091111,C0,print,external,fails domain gate (no Indological/lexicographic signal),ap90-title,,0,https://openalex.org/W4413763811,2026-07,2026-07-28
W4414295969,A cross-sectional survey evaluating gender discrimination among male and female medical students belonging to various medical colleges across all provinces of Pakistan,2025,preprint,Research Square,https://doi.org/10.21203/rs.3.rs-7459206/v1,C0,digital,external,fails domain gate (no Indological/lexicographic signal),ambuda,,0,https://openalex.org/W4414295969,2026-07,2026-07-28
W4417146670,An Evaluation of the Electromagnetic Radiation Levels of Tbilisi School Environments Using Direct Measurements,2025,article,Engineering Technology & Applied Science Research,https://doi.org/10.48084/etasr.13256,C0,digital,external,fails domain gate (no Indological/lexicographic signal),ambuda,,0,https://openalex.org/W4417146670,2026-07,2026-07-28
W4412580572,"Analysis of Gender Discrimination in the Academic Environment: Frequency, Forms, and Student Perspectives",2025,preprint,Research Square,https://doi.org/10.21203/rs.3.rs-7165310/v1,C0,digital,external,fails domain gate (no Indological/lexicographic signal),ambuda,,0,https://openalex.org/W4412580572,2026-07,2026-07-28
W4411324568,Bahala na si Bathala: Isang Pagsusuri ng mga Nabuong Diskurso at Pagpapakahulugan sa Konseptong “Bahala na”,2025,article,International Journal on Culture History and Religion,https://doi.org/10.63931/ijchr.v7i1.82,C0,digital,external,fails domain gate (no Indological/lexicographic signal),cdsl,,0,https://openalex.org/W4411324568,2026-07,2026-07-28
W4411206873,Community Perceptions of Accessing Surgical and Anesthetic Care in Rural Guatemala: A Cross-Sectional Survey,2025,article,Cureus,https://doi.org/10.7759/cureus.85783,C0,digital,external,fails domain gate (no Indological/lexicographic signal),ambuda,,0,https://openalex.org/W4411206873,2026-07,2026-07-28
W7117788187,Comparative Analysis and Mitigation of Extremely Low Frequency (ELF) Magnetic Field Exposure from Smartphone Internal,2025,article,Jurnal Elektronika dan Telekomunikasi,https://doi.org/10.55981/jet.781,C0,digital,external,fails domain gate (no Indological/lexicographic signal),ambuda,,0,https://openalex.org/W7117788187,2026-07,2026-07-28
W4417278263,Desigualdade de gênero na educação médica: barreiras enfrentadas pelas estudantes e profissionais brasileiras,2025,article,Interface - Comunicação Saúde Educação,https://doi.org/10.1590/interface.250172,C0,digital,external,fails domain gate (no Indological/lexicographic signal),ambuda,,0,https://openalex.org/W4417278263,2026-07,2026-07-28
W4413249049,Dinacharya vs ideal circadian rhythm,2025,article,International Journal of Physiology Sports and Physical Education,https://doi.org/10.33545/26647710.2025.v7.i2b.146,C0,print,external,fails domain gate (no Indological/lexicographic signal),mw-full,,0,https://openalex.org/W4413249049,2026-07,2026-07-28
W4406733078,Disparities of women’s authorship in Colombia: A cross-sectional analysis,2025,article,PLOS Global Public Health,https://doi.org/10.1371/journal.pgph.0003972,C0,digital,external,fails domain gate (no Indological/lexicographic signal),ambuda,,3,https://openalex.org/W4406733078,2026-07,2026-07-28
W4406027724,Gender disparities in application and admission to the medical residency program in Peru: A cross sectional study from 2016 to 2023,2025,article,PLoS ONE,https://doi.org/10.1371/journal.pone.0316859,C0,digital,external,fails domain gate (no Indological/lexicographic signal),ambuda,,1,https://openalex.org/W4406027724,2026-07,2026-07-28
W4410117559,How Well Are Women Represented in Authorship in HEOR? An Analysis of Value in Health: An ISPOR Report,2025,article,Value in Health,https://doi.org/10.1016/j.jval.2025.02.006,C0,digital,external,fails domain gate (no Indological/lexicographic signal),ambuda,,1,https://openalex.org/W4410117559,2026-07,2026-07-28
W4414789302,"Impacto da implantação de um serviço de referência em fissuras labiopalatinas no Pará, por meio da análise de resultados de palatoplastias primárias",2025,dissertation,Universidade de São Paulo,https://doi.org/10.11606/t.5.2025.tde-03102025-152527,C0,digital,external,fails domain gate (no Indological/lexicographic signal),ambuda,,0,https://openalex.org/W4414789302,2026-07,2026-07-28
W4416539631,Konarak structure stabilising c. 1903-09: Conservation &amp; engineering heritage story,2025,article,International Journal of History,https://doi.org/10.22271/27069109.2025.v7.i11b.569,C0,print,external,fails domain gate (no Indological/lexicographic signal),ap90-title,,0,https://openalex.org/W4416539631,2026-07,2026-07-28
W4415904512,Less Known Aspects of Freedom Movement Odisa c. 1804 - 1945,2025,article,International Journal of History and Cultural Studies,https://doi.org/10.20431/2454-7654.1103001,C0,print,external,fails domain gate (no Indological/lexicographic signal),ap90-title,,0,https://openalex.org/W4415904512,2026-07,2026-07-28
W7145868447,"Old Uyghur Inscriptions in Cave 138 and Cave 444 of the Mogao Grottoes, Dunhuang",2025,article,Institutional Repositories DataBase (IRDB),,C0,print,external,fails domain gate (no Indological/lexicographic signal),mw-full,,0,https://openalex.org/W7145868447,2026-07,2026-07-28
W4411434450,Risk Appraisal and Protection Against the Adverse Effects of Electromagnetic Fields on Living Tissues and Near-Tissues Health Devices,2025,article,Smart Wearable Technology,https://doi.org/10.47852/bonviewswt52025846,C0,digital,external,fails domain gate (no Indological/lexicographic signal),ambuda,,4,https://openalex.org/W4411434450,2026-07,2026-07-28
W4410969413,Rosary as Artifact: From Religious Symbolism to Scientific Implications,2025,article,MEΘEXIS Journal of Research in Values and Spirituality,https://doi.org/10.71210/mjrvs.8.a.2,C0,print,external,fails domain gate (no Indological/lexicographic signal),ap90-title,,1,https://openalex.org/W4410969413,2026-07,2026-07-28
W4413241886,Standardization Of Aaturahasta Prasrita Pramana Of Vasti- An Observational Study,2025,article,International Journal of Environmental Sciences,https://doi.org/10.64252/np0rh322,C0,print,external,fails domain gate (no Indological/lexicographic signal),mw-full,,0,https://openalex.org/W4413241886,2026-07,2026-07-28
W4416230290,"О грамоте Панчен-ламы Лобсанг Еше, данной калмыкам",2025,article,Монголоведение (Монгол судлал),https://doi.org/10.22162/2500-1523-2025-2-235-253,C0,print,external,fails domain gate (no Indological/lexicographic signal),ap90-title,,0,https://openalex.org/W4416230290,2026-07,2026-07-28
W7143702258,サンスクリット語文法ノート(18) : 複合語の連声,2025,article,Institutional Repositories DataBase (IRDB),https://doi.org/10.15083/0002013402,C0,digital,external,fails domain gate (no Indological/lexicographic signal),cdsd,,0,https://openalex.org/W7143702258,2026-07,2026-07-28
W7164260225,現生正定聚と浄土の慈悲（三）──「真実証」としての『歎異抄』第四章──,2025,article,Institutional Repositories DataBase (IRDB),,C0,print,external,fails domain gate (no Indological/lexicographic signal),ap90-title,,0,https://openalex.org/W7164260225,2026-07,2026-07-28
W7155539481,,2024,paratext,African Journal of Biomedical Research,https://doi.org/10.69980/ajbr.v27i1.9403,C0,print,external,fails domain gate (no Indological/lexicographic signal),ap90-title,,0,https://openalex.org/W7155539481,2026-07,2026-07-28
W4404852054,Brazilian authorship gender trends on academic surgery: a bigdata analysis,2024,article,Acta Cirúrgica Brasileira,https://doi.org/10.1590/acb397724,C0,digital,external,fails domain gate (no Indological/lexicographic signal),ambuda,,0,https://openalex.org/W4404852054,2026-07,2026-07-28
W4405256873,COVID-19 Trends in a Northeastern Brazilian State from the Start of the Pandemic: Exploring an Alternative Time Series Method,2024,article,COVID,https://doi.org/10.3390/covid4120138,C0,digital,external,fails domain gate (no Indological/lexicographic signal),ambuda,,2,https://openalex.org/W4405256873,2026-07,2026-07-28
W4393952573,Closing the gender authorship gap,2024,article,Endoscopy,https://doi.org/10.1055/a-2292-9227,C0,digital,external,fails domain gate (no Indological/lexicographic signal),ambuda,,0,https://openalex.org/W4393952573,2026-07,2026-07-28
W4400125535,"Conceptual study of Marmabhigata WSR to Head, Neck, Upper and Lower Extremity",2024,article,International journal of Indian medicine,https://doi.org/10.55552/ijim.2024.5101,C0,print,external,fails domain gate (no Indological/lexicographic signal),mw-full,,0,https://openalex.org/W4400125535,2026-07,2026-07-28
W4402208415,"Environmentally friendly Miyaura Borylations allowing for green, 1-pot borylation/Suzuki–Miyaura couplings",2024,article,Green Chemistry,https://doi.org/10.1039/d4gc03115f,C0,digital,external,fails domain gate (no Indological/lexicographic signal),ambuda,,9,https://openalex.org/W4402208415,2026-07,2026-07-28
W4404443870,Fachkräftemigration – Pflegenotstand – Nächstenliebe,2024,book,,https://doi.org/10.1007/978-3-658-46082-2,C0,digital,external,fails domain gate (no Indological/lexicographic signal),cdsd;mw-full,,0,https://openalex.org/W4404443870,2026-07,2026-07-28
W4402859616,Gender and Authorship in Annals of Surgery: A nineteen-year review including the pandemic,2024,article,Annals of Surgery Open,https://doi.org/10.1097/as9.0000000000000491,C0,digital,external,fails domain gate (no Indological/lexicographic signal),ambuda,,0,https://openalex.org/W4402859616,2026-07,2026-07-28
W4393365002,Gender-Related Disparities Among Vascular Surgeons in Italy: Results from a Cross-Sectional Survey,2024,article,Annals of Vascular Surgery,https://doi.org/10.1016/j.avsg.2024.01.003,C0,digital,external,fails domain gate (no Indological/lexicographic signal),ambuda,,7,https://openalex.org/W4393365002,2026-07,2026-07-28
W4405854097,Geospatial Access to Emergency Obstetric Surgery in Indonesia: Is Travel Time for Access Too Long?,2024,article,Annals of Global Health,https://doi.org/10.5334/aogh.4598,C0,digital,external,fails domain gate (no Indological/lexicographic signal),ambuda,,1,https://openalex.org/W4405854097,2026-07,2026-07-28
W4398155998,Global Cardiac Surgery in Brazil: A Call to Action,2024,article,Brazilian Journal of Cardiovascular Surgery,https://doi.org/10.21470/1678-9741-2023-0408,C0,digital,external,fails domain gate (no Indological/lexicographic signal),ambuda,,1,https://openalex.org/W4398155998,2026-07,2026-07-28
W4404651017,Perception of Medical Students Regarding Gender Discrimination in Their Learning Environment,2024,article,Esculapio,https://doi.org/10.51273/esc24.25132022,C0,digital,external,fails domain gate (no Indological/lexicographic signal),ambuda,,0,https://openalex.org/W4404651017,2026-07,2026-07-28
W4400929224,"Prasasti Tanduk dari Mendapo Rawang Kerinci: Genealogi, Migrasi, dan Relasi Leluhur Orang Kerinci",2024,article,AMERTA,https://doi.org/10.55981/amt.2024.2945,C0,print,external,fails domain gate (no Indological/lexicographic signal),ap90-title,,0,https://openalex.org/W4400929224,2026-07,2026-07-28
W4406929840,Prexaspes is the Ionic rendering of the Old Iranian *Para.wakhsh.aspa,2024,article,Onoma,https://doi.org/10.34158/onoma.59/2024/13,C0,print,external,fails domain gate (no Indological/lexicographic signal),ap90-title,,0,https://openalex.org/W4406929840,2026-07,2026-07-28
W4402411458,QUALIDADE DA INFORMAÇÃO CONTÁBIL NA PANDEMIA,2024,article,Revista Mineira de Contabilidade,https://doi.org/10.51320/rmc.v25i2.1560,C0,digital,external,fails domain gate (no Indological/lexicographic signal),ambuda,,0,https://openalex.org/W4402411458,2026-07,2026-07-28
W4403068363,Semantic Role Analysis of Provocative Political Discourse: A Case Study on Netanyahu’s UN Address on 22nd September 2023,2024,article,مجلة بحوث کلية الآداب جامعة المنوفية,https://doi.org/10.21608/sjam.2024.321278.2448,C0,print,external,fails domain gate (no Indological/lexicographic signal),mw-full,,0,https://openalex.org/W4403068363,2026-07,2026-07-28
W4402229176,Shifts in Paediatric Road Trauma Dynamics Pre- vs. Post-COVID-19 Lockdown: Insights from a Major Trauma Centre,2024,article,Journal of Epidemiology and Global Health,https://doi.org/10.1007/s44197-024-00295-5,C0,digital,external,fails domain gate (no Indological/lexicographic signal),ambuda,,4,https://openalex.org/W4402229176,2026-07,2026-07-28
W4392447227,Spots and Stripes: An Investigation into the Representations of the Hyena in Ancient India,2024,article,Acta Orientalia,https://doi.org/10.1556/062.2023.00373,C0,print,external,fails domain gate (no Indological/lexicographic signal),ap90-title,,0,https://openalex.org/W4392447227,2026-07,2026-07-28
W4405910964,THE INDUS ELEPHANT SEALS The Royal Terminology of The Indus Valley Civilization,2024,preprint,Authorea Inc.,https://doi.org/10.22541/au.173557602.29117770/v1,C0,digital,external,fails domain gate (no Indological/lexicographic signal),ap90-title;cdsd;mw-full,,0,https://openalex.org/W4405910964,2026-07,2026-07-28
W4394844921,Определение регулярных фонетических соответствий карельской диалектной речи. Консонантизм,2024,article,Ural-Altaic Studies,https://doi.org/10.37892/2500-2902-2024-52-1-42-85,C0,digital,external,fails domain gate (no Indological/lexicographic signal),ambuda,,3,https://openalex.org/W4394844921,2026-07,2026-07-28
W7145838991,〈翻訳・訳注〉古ジャワ金言集Sārasamuccaya訳注研究（7）,2024,article,Institutional Repositories DataBase (IRDB),,C0,print,external,fails domain gate (no Indological/lexicographic signal),ap90-title,,0,https://openalex.org/W7145838991,2026-07,2026-07-28
W7164274519,ヴィヴェーカ・チューダーマニ（二一二—三四一）─ 不二一元という生き方─,2024,article,Institutional Repositories DataBase (IRDB),,C0,print,external,fails domain gate (no Indological/lexicographic signal),ap90-title,,0,https://openalex.org/W7164274519,2026-07,2026-07-28
W4386780340,An Anatomical Exploration of Kukundra Marma,2023,article,International Journal for Research in Applied Science and Engineering Technology,https://doi.org/10.22214/ijraset.2023.55715,C0,print,external,fails domain gate (no Indological/lexicographic signal),ap90-title,,0,https://openalex.org/W4386780340,2026-07,2026-07-28
W4386121772,An Exposimetric Electromagnetic Comparison of Mobile Phone Emissions: 5G versus 4G Signals Analyses by Means of Statistics and Convolutional Neural Networks Classification,2023,article,Technologies,https://doi.org/10.3390/technologies11050113,C0,digital,external,fails domain gate (no Indological/lexicographic signal),ambuda,,9,https://openalex.org/W4386121772,2026-07,2026-07-28
W4385662737,An Investigation of Gender Representation and Collaboration in Academic Plastic Surgery Research,2023,article,Plastic Surgery,https://doi.org/10.1177/22925503231190928,C0,digital,external,fails domain gate (no Indological/lexicographic signal),ambuda,,1,https://openalex.org/W4385662737,2026-07,2026-07-28
W4321009719,An Overview of Gulma and its Relation to Gallbladder Cancer,2023,article,Zenodo (CERN European Organization for Nuclear Research),https://doi.org/10.5281/zenodo.7571348,C0,digital,external,fails domain gate (no Indological/lexicographic signal),cdsl;mw-full,,1,https://openalex.org/W4321009719,2026-07,2026-07-28
W4321349679,"Analysis of gender representation, authorship inflation, and institutional affiliation in abstract acceptance: a 5-year study",2023,article,Global Surgical Education - Journal of the Association for Surgical Education,https://doi.org/10.1007/s44186-023-00105-9,C0,digital,external,fails domain gate (no Indological/lexicographic signal),ambuda,,2,https://openalex.org/W4321349679,2026-07,2026-07-28
W4389235581,Complications of elective total thyroidectomies impacted by the COVID-19 pandemic: a retrospective cohort study,2023,article,Archives of Head and Neck Surgery,https://doi.org/10.4322/ahns.2023.0013,C0,digital,external,fails domain gate (no Indological/lexicographic signal),ambuda,,0,https://openalex.org/W4389235581,2026-07,2026-07-28
W4387008638,Disparities of Female Authorship in Colombia: A 5-year Cross-sectional Analysis,2023,preprint,medRxiv,https://doi.org/10.1101/2023.09.22.23295823,C0,digital,external,fails domain gate (no Indological/lexicographic signal),ambuda,,1,https://openalex.org/W4387008638,2026-07,2026-07-28
W4323338488,Dominance of Smartphone Exposure in 5G Mobile Networks,2023,article,IEEE Transactions on Mobile Computing,https://doi.org/10.1109/tmc.2023.3252662,C0,digital,external,fails domain gate (no Indological/lexicographic signal),ambuda,,16,https://openalex.org/W4323338488,2026-07,2026-07-28
W4389385554,EVALUATION OF THE EM FIELD EXPOSURE IN THE RANGE OF 4G FREQUENCIES IN THE LABORATORY ENVIRONMENT,2023,article,Computer Design Systems Theory and Practice,https://doi.org/10.23939/cds2023.01.082,C0,digital,external,fails domain gate (no Indological/lexicographic signal),ambuda,,0,https://openalex.org/W4389385554,2026-07,2026-07-28
W4313593515,Estimating the health impact of delayed elective care during the COVID -19 pandemic in the Netherlands,2023,article,Social Science & Medicine,https://doi.org/10.1016/j.socscimed.2023.115658,C0,digital,external,fails domain gate (no Indological/lexicographic signal),ambuda,,30,https://openalex.org/W4313593515,2026-07,2026-07-28
W4378213491,Exploring the distribution of risk factors for drop-out from Ponseti treatment for clubfoot across Bangladesh using geospatial cluster analysis,2023,article,Geospatial health,https://doi.org/10.4081/gh.2023.1174,C0,digital,external,fails domain gate (no Indological/lexicographic signal),ambuda,,0,https://openalex.org/W4378213491,2026-07,2026-07-28
W4386527402,"Geospatial mapping of surgical systems for earthquake emergency planning in Guerrero, Mexico: an ecological study",2023,article,The Lancet Regional Health - Americas,https://doi.org/10.1016/j.lana.2023.100586,C0,digital,external,fails domain gate (no Indological/lexicographic signal),ambuda,,1,https://openalex.org/W4386527402,2026-07,2026-07-28
W7139665354,"La violence érotique ou le match amoureux, dans Shakuntala, Le Songe d’une nuit d’été et Comme tu me veux",2023,conference-paper,HAL (Le Centre pour la Communication Scientifique Directe),,C0,print,external,fails domain gate (no Indological/lexicographic signal),ap90-title,,0,https://openalex.org/W7139665354,2026-07,2026-07-28
W4385252732,Looking beyond workforce parity: addressing gender inequity in pathology,2023,article,Pathology,https://doi.org/10.1016/j.pathol.2023.07.002,C0,digital,external,fails domain gate (no Indological/lexicographic signal),ambuda,,4,https://openalex.org/W4385252732,2026-07,2026-07-28
W4366548217,Notes,2023,paratext,Hailing the State,https://doi.org/10.1215/9781478023395-010,C0,print,external,fails domain gate (no Indological/lexicographic signal),mw-full,,0,https://openalex.org/W4366548217,2026-07,2026-07-28
W4394835549,PENDIDIKAN ĀTMAVIDYĀ SEBAGAI METODE PENGENDALIAN DIRI DALAM MENGHADAPI REVOLUSI INDUSTRI 4.0,2023,article,JAPAM (Jurnal Pendidikan Agama),https://doi.org/10.25078/japam.v3i02.2431,C0,digital,external,fails domain gate (no Indological/lexicographic signal),cdsd,W3192303795,1,https://openalex.org/W4394835549,2026-07,2026-07-28
W4389903789,Shades of whiteness,2023,article,Approaching Religion,https://doi.org/10.30664/ar.131412,C0,print,external,fails domain gate (no Indological/lexicographic signal),ap90-title,,2,https://openalex.org/W4389903789,2026-07,2026-07-28
W4313894805,The 5G-FR1 Signals: Beams of the Phased Antennas Array and Time-Recurrence of Emissions with Consequences on Human Exposure,2023,article,Electronics,https://doi.org/10.3390/electronics12020297,C0,digital,external,fails domain gate (no Indological/lexicographic signal),ambuda,,3,https://openalex.org/W4313894805,2026-07,2026-07-28
W4386478419,Unveiling the Energetic Nexus: A Comprehensive Study of Kshipra Marma,2023,article,International Journal for Research in Applied Science and Engineering Technology,https://doi.org/10.22214/ijraset.2023.55625,C0,print,external,fails domain gate (no Indological/lexicographic signal),mw-full,,0,https://openalex.org/W4386478419,2026-07,2026-07-28
W4391017538,Определение регулярных фонетических соответствий карельской диалектной речи. Вокализм,2023,article,Ural-Altaic Studies,https://doi.org/10.37892/2500-2902-2023-50-3-56-96,C0,digital,external,fails domain gate (no Indological/lexicographic signal),ambuda,,2,https://openalex.org/W4391017538,2026-07,2026-07-28
W7145251519,ヘンリー・フォールズ『ニッポン滞在の9年間 -日本の生活と仕来りの概観-』［第16章］,2023,article,Institutional Repositories DataBase (IRDB),,C0,print,external,fails domain gate (no Indological/lexicographic signal),mw-full,,0,https://openalex.org/W7145251519,2026-07,2026-07-28
W7144333740,初期新ニヤーヤ学派シャシャダラの非存在論（2） : 『ニヤーヤ・シッダーンタ・ディーパ』におけるシャシャダラの確定説,2023,article,Institutional Repositories DataBase (IRDB),https://doi.org/10.18999/jouhunu.6.189,C0,print,external,fails domain gate (no Indological/lexicographic signal),ap90-title,,0,https://openalex.org/W7144333740,2026-07,2026-07-28
W7144224097,印欧語比較言語学による喉音を想定した韻律復元に基づく『リグ・ヴェーダ』の詩人家系間の言語変種同定,2023,dissertation,Institutional Repositories DataBase (IRDB),https://doi.org/10.15083/0002011190,C0,digital,external,fails domain gate (no Indological/lexicographic signal),cdsd,,0,https://openalex.org/W7144224097,2026-07,2026-07-28
W4320059348,Bibliography,2022,paratext,A South Indian Digest of Commentaries on the &lt;i&gt;Nyāyasūtra&lt;/i&gt;,https://doi.org/10.1163/9789004535282_009,C0,digital,external,fails domain gate (no Indological/lexicographic signal),cdsd,,0,https://openalex.org/W4320059348,2026-07,2026-07-28
W4385292808,Bibliography,2022,paratext,Theatre and Its Other,https://doi.org/10.1163/9789004467057_010,C0,print,external,fails domain gate (no Indological/lexicographic signal),ap90-title,,0,https://openalex.org/W4385292808,2026-07,2026-07-28
W4286214708,Fabrication of Nāmya: A Bend and Touch-Sensitive Flexible Smartphone-Sized Prototype,2022,article,Human Behavior and Emerging Technologies,https://doi.org/10.1155/2022/1205420,C0,print,external,fails domain gate (no Indological/lexicographic signal),ap90-title;mw-full,,2,https://openalex.org/W4286214708,2026-07,2026-07-28
W4293190919,Is authorship by women in Brazilian academic surgery increasing? A five-year retrospective analysis,2022,article,PLOS Global Public Health,https://doi.org/10.1371/journal.pgph.0000294,C0,digital,external,fails domain gate (no Indological/lexicographic signal),ambuda,,9,https://openalex.org/W4293190919,2026-07,2026-07-28
W4285164924,Kapitel 8: Angewandte und insbesondere Medizinische Chemie in Tübingen,2022,book-chapter,Physiologische Chemie. Das Leben Felix Hoppe-Seylers,https://doi.org/10.1007/978-3-662-62002-1_8,C0,print,external,fails domain gate (no Indological/lexicographic signal),pw-title,,0,https://openalex.org/W4285164924,2026-07,2026-07-28
W4290565884,Polarization Effect Assessment of Sub-6 GHz Frequencies on Adult and Child Four-Layered Head Models,2022,article,Engineering Technology & Applied Science Research,https://doi.org/10.48084/etasr.5096,C0,digital,external,fails domain gate (no Indological/lexicographic signal),ambuda,,4,https://openalex.org/W4290565884,2026-07,2026-07-28
W4213097906,Social Media in Health Studies: A Systematic Review of Comparative Learning Methods,2022,review,International Journal of Environmental Research and Public Health,https://doi.org/10.3390/ijerph19042205,C0,digital,external,fails domain gate (no Indological/lexicographic signal),ambuda,,15,https://openalex.org/W4213097906,2026-07,2026-07-28
W4296182804,THE JALALABAD INDUS SEAL ITS ICONOGRAPHY AND TEXT INTERPRETS LEPROSY AND ITS TREATMENT,2022,preprint,,https://doi.org/10.31219/osf.io/rmwdh,C0,digital,external,fails domain gate (no Indological/lexicographic signal),cdsd;mw-full,,0,https://openalex.org/W4296182804,2026-07,2026-07-28
W4313327968,The Impact of COVID-19 on Burns: A Brazilian Study,2022,article,European Burn Journal,https://doi.org/10.3390/ebj4010001,C0,digital,external,fails domain gate (no Indological/lexicographic signal),ambuda,,1,https://openalex.org/W4313327968,2026-07,2026-07-28
W7143668583,伽藍と帝網 : 現代資本主義への仏教的展望,2022,article,Institutional Repositories DataBase (IRDB),https://doi.org/10.69200/0002020484,C0,print,external,fails domain gate (no Indological/lexicographic signal),ap90-title,,0,https://openalex.org/W7143668583,2026-07,2026-07-28
W3214331479,A Translation and Study of Chán Master Jìngxiū’s 淨修禪師 Preface to the Zǔtáng jí 祖堂集,2021,article,Religions,https://doi.org/10.3390/rel12110974,C0,digital,external,fails domain gate (no Indological/lexicographic signal),,W3192303795,2,https://openalex.org/W3214331479,2026-07,2026-07-28
W4252954166,How the health of contemporary hunter-gatherers is a victim of ‘civic-colonial’ policies and politics?,2021,preprint,,https://doi.org/10.31235/osf.io/sczmx,C0,print,external,fails domain gate (no Indological/lexicographic signal),ap90-title,,0,https://openalex.org/W4252954166,2026-07,2026-07-28
W4200140232,Irrigated Gardens of the Indus River Basin: Toward a Cultural Model for Water Resource Management,2021,book-chapter,Hydrohumanities: Water Discourse and Environmental Futures,https://doi.org/10.1525/luminos.115.m,C0,print,external,fails domain gate (no Indological/lexicographic signal),ap90-title,,4,https://openalex.org/W4200140232,2026-07,2026-07-28
W3170280958,Karahanlı Türkçesi Metinlerinde Manihaist ve Budist Çevreye Ait Bazı Sözcükler,2021,article,Türkiyat Mecmuası / Journal of Turkology,https://doi.org/10.26650/iuturkiyat.910599,C0,print,external,fails domain gate (no Indological/lexicographic signal),mw-full,,3,https://openalex.org/W3170280958,2026-07,2026-07-28
W3217186068,Odra: Naval and Merchant Vessels (Maritime science heritage: Sanatan Nau vigyan: Select discussions),2021,article,Maritime Technology and Research,https://doi.org/10.33175/mtr.2022.253758,C0,print,external,fails domain gate (no Indological/lexicographic signal),ap90-title,,0,https://openalex.org/W3217186068,2026-07,2026-07-28
W3149311592,STUDY OF ANATOMICAL ASPECTS KUKUNDARA MARMA- A REVIEW ARTICLE,2021,article,Journal of Bio Innovation,https://doi.org/10.46344/jbino.2021.v10i02.08,C0,print,external,fails domain gate (no Indological/lexicographic signal),ap90-title,,0,https://openalex.org/W3149311592,2026-07,2026-07-28
W3122658922,"Synthesis, Hypoglycemic Effect, Antimicrobial and Molecular Docking Studies of Organotin(IV) Complexes Derived from N-Phthalimido β-Amino Acid Derivatives",2021,article,Journal of the Brazilian Chemical Society,https://doi.org/10.21577/0103-5053.20210011,C0,digital,external,fails domain gate (no Indological/lexicographic signal),ambuda,,2,https://openalex.org/W3122658922,2026-07,2026-07-28
W4207067905,The structure of education in the process of globalization of the world educational space,2021,article,Management of Education,https://doi.org/10.25726/g4069-4282-8334-s,C0,digital,external,fails domain gate (no Indological/lexicographic signal),ambuda,,1,https://openalex.org/W4207067905,2026-07,2026-07-28
W7144021184,瑜伽行派における五遍行の研究 ： 『瑜伽師地論』を中心として,2021,dissertation,Institutional Repositories DataBase (IRDB),https://doi.org/10.15083/0002006580,C0,print,external,fails domain gate (no Indological/lexicographic signal),ap90-title,,0,https://openalex.org/W7144021184,2026-07,2026-07-28
W3114460909,Análisis del uso de audios de mindfulness en la atención y la concentración de estudiantes de formación profesional,2020,article,Ensayos: Revista de la Facultad de Educación de Albacete,https://doi.org/10.18239/ensayos.v35i2.2402,C0,digital,external,fails domain gate (no Indological/lexicographic signal),ambuda,,1,https://openalex.org/W3114460909,2026-07,2026-07-28
W3122003930,Histórias de famílias de palavras: o caso de 'laranja' e 'cidra',2020,article,LaborHistórico,https://doi.org/10.24206/lh.v6i3.35389,C0,digital,external,fails domain gate (no Indological/lexicographic signal),cdsd;mw-full,,0,https://openalex.org/W3122003930,2026-07,2026-07-28
W3018923276,Mohini: A Case Study of a Transnational Spiritual Space in the History of the Theosophical Society,2020,article,Numen,https://doi.org/10.1163/15685276-12341572,C0,print,external,fails domain gate (no Indological/lexicographic signal),ap90-title,,7,https://openalex.org/W3018923276,2026-07,2026-07-28
W3168255593,Orientālistika. Cilvēkzināšana un Āzijas aktualitātes,2020,book,Latvijas Universitātes Zinātniskie raksti,https://doi.org/10.22364/luraksti.os.819,C0,digital,external,fails domain gate (no Indological/lexicographic signal),,W3192303795,1,https://openalex.org/W3168255593,2026-07,2026-07-28
W4237677135,Rabies in the Streets,2020,book,Penn State University Press eBooks,https://doi.org/10.1515/9780271086866,C0,print,external,fails domain gate (no Indological/lexicographic signal),mw-full,,9,https://openalex.org/W4237677135,2026-07,2026-07-28
W3110904074,Sutra do Coração,2020,article,caleidoscópio literatura e tradução,https://doi.org/10.26512/caleidoscopio.v4i1.23073,C0,print,external,fails domain gate (no Indological/lexicographic signal),mw-full,,0,https://openalex.org/W3110904074,2026-07,2026-07-28
W3047119977,Tracing the Precept of Motion from the Ancient to the Scientific Revolution,2020,article,International journal of mechanical and production engineering research and development,https://doi.org/10.24247/ijmperdjun2020592,C0,print,external,fails domain gate (no Indological/lexicographic signal),ap90-title,,0,https://openalex.org/W3047119977,2026-07,2026-07-28
W3157923013,Tradução e análise de contos infantojuvenis de Akutagawa Ry&amp;umacr;nosuke,2020,dissertation,Universidade de São Paulo,https://doi.org/10.11606/d.8.2020.tde-15032021-195123,C0,print,external,fails domain gate (no Indological/lexicographic signal),ap90-title,,0,https://openalex.org/W3157923013,2026-07,2026-07-28
W3081207319,فرائد البنیة التناظریة فی النص القرآنی (دراسة أسلوبیة إحصائیة مقارنة),2020,article,Mağallaẗ̈ Kulliyyaẗ Al-Dirāsāt Al-Islāmiyyaẗ wa Al-ʿarabiyyaẗ Lil-Banin Bil-Qāhiraẗ,https://doi.org/10.21608/bfsa.2020.109059,C0,print,external,fails domain gate (no Indological/lexicographic signal),mw-full,,0,https://openalex.org/W3081207319,2026-07,2026-07-28
W7146508403,ジャガトプラカーシャ・マッラ王の古典ネワール語歌集 : ネパール・マッラ王朝の宮廷演劇写本研究,2020,report,Institutional Repositories DataBase (IRDB),,C0,print,external,fails domain gate (no Indological/lexicographic signal),ap90-title,,0,https://openalex.org/W7146508403,2026-07,2026-07-28
W4246998705,2. Mesopotamian and Indian physiognomy,2019,book-chapter,Visualizing the invisible with the human body,https://doi.org/10.1515/9783110642698-003,C0,print,external,fails domain gate (no Indological/lexicographic signal),mw-full,,0,https://openalex.org/W4246998705,2026-07,2026-07-28
W3044950272,A CRITICAL REVIEW: TAMAKA SHWASA (BRONCHIAL ASTHMA),2019,article,International Journal of Research -GRANTHAALAYAH,https://doi.org/10.29121/granthaalayah.v7.i8.2019.667,C0,print,external,fails domain gate (no Indological/lexicographic signal),ap90-title,,0,https://openalex.org/W3044950272,2026-07,2026-07-28
W2963633551,"Between Mughal Art, Ethnography and Realism On Nicolò Manucci’s Artistic Patronage in India (1680-1720)",2019,article,Annali di Ca’ Foscari Serie orientale,https://doi.org/10.30687/annor/2385-3042/2019/01/009,C0,print,external,fails domain gate (no Indological/lexicographic signal),mw-full,,1,https://openalex.org/W2963633551,2026-07,2026-07-28
W2927008049,Disaster Studies at 50: Time to Wear Bifocals?,2019,book-chapter,Disaster Research and the Second Environmental Crisis,https://doi.org/10.1007/978-3-030-04691-0_3,C0,print,external,fails domain gate (no Indological/lexicographic signal),ap90-title,,12,https://openalex.org/W2927008049,2026-07,2026-07-28
W2921751424,Factors Increasing the Risk of Recurrence in Fistula-in-ano,2019,article,Cureus,https://doi.org/10.7759/cureus.4200,C0,digital,external,fails domain gate (no Indological/lexicographic signal),ambuda,,55,https://openalex.org/W2921751424,2026-07,2026-07-28
W4392670267,"In Pursuit of Vaidurya in Ancient Indian Literature(ตามรอยพลอย ""ไพฑรย"" ในวรรณคดอนเดยโบราณ)",2019,article,Journal of Letters,https://doi.org/10.58837/chula.jletters.48.2.8,C0,print,external,fails domain gate (no Indological/lexicographic signal),ap90-title,,0,https://openalex.org/W4392670267,2026-07,2026-07-28
W2932042436,La embajada en la épica: Discurso de Odiseo (&lt;em&gt;Ilíada&lt;/em&gt; IX) y discurso de Kṛṣṇa (&lt;em&gt;Mahābhārata&lt;/em&gt; V),2019,article,Revista de Filología y Lingüística de la Universidad de Costa Rica,https://doi.org/10.15517/rfl.v45i1.36673,C0,print,external,fails domain gate (no Indological/lexicographic signal),ap90-title,,1,https://openalex.org/W2932042436,2026-07,2026-07-28
W4239659289,Latviešu valodas institūta žurnāls,2019,paratext,Linguistica Lettica,https://doi.org/10.22364/lingualet.27,C0,print,external,fails domain gate (no Indological/lexicographic signal),mw-full,,0,https://openalex.org/W4239659289,2026-07,2026-07-28
W4392670302,The Importance of Numeral Systems in Trinisinghe(ความสาคญของระบบ เลขในคมภรตรนสงเห),2019,article,Journal of Letters,https://doi.org/10.58837/chula.jletters.48.1.6,C0,print,external,fails domain gate (no Indological/lexicographic signal),ap90-title,,0,https://openalex.org/W4392670302,2026-07,2026-07-28
W2951263299,The efficacy and safety of <i>Momordica charantia</i> L. in animal models of type 2 diabetes mellitus; A systematic review and meta-analysis,2019,preprint,bioRxiv (Cold Spring Harbor Laboratory),https://doi.org/10.1101/681494,C0,digital,external,fails domain gate (no Indological/lexicographic signal),ambuda,,1,https://openalex.org/W2951263299,2026-07,2026-07-28
W2981937301,デカンの美食と聖婚 --ダカニー・ウルドゥー語の詩人ヌスラティー--,2019,article,Kyoto University Research Information Repository (Kyoto University),https://doi.org/10.14989/240738,C0,print,external,fails domain gate (no Indological/lexicographic signal),ap90-title,,0,https://openalex.org/W2981937301,2026-07,2026-07-28
W7145143808,ネパールの演劇写本 : マッラ朝の新期インド・アーリア語によるラーマ劇,2019,report,Institutional Repositories DataBase (IRDB),,C0,print,external,fails domain gate (no Indological/lexicographic signal),ap90-title,,0,https://openalex.org/W7145143808,2026-07,2026-07-28
W2992111965,Anti-diabetogenic impact of bitter melon (Momordica charantia) and mahogany (Swietenia macrophylla) on alloxan induced diabetic rabbit model,2018,article,Asian-Australasian Journal of Bioscience and Biotechnology,https://doi.org/10.3329/aajbb.v3i2.64792,C0,digital,external,fails domain gate (no Indological/lexicographic signal),ambuda,,1,https://openalex.org/W2992111965,2026-07,2026-07-28
W2908142697,Changes in the Health Condition after Using a Service Dog of a Person with Complete C5 Spinal Cord Injury: A Qualitative Single Case Study,2018,article,Progress in Rehabilitation Medicine,https://doi.org/10.2490/prm.20190001,C0,digital,external,fails domain gate (no Indological/lexicographic signal),ambuda,,1,https://openalex.org/W2908142697,2026-07,2026-07-28
W2884990285,New N-difluoromethylindoles: features of N-difluoromethylation of indoles with electron-donor or electron-withdrawing substituents,2018,article,French-Ukrainian Journal of Chemistry,https://doi.org/10.17721/fujcv6i1p101-108,C0,digital,external,fails domain gate (no Indological/lexicographic signal),ambuda,,0,https://openalex.org/W2884990285,2026-07,2026-07-28
W4289762259,Preliminary Phytochemical Evaluation Of Root Of Sida Cordifolia Linn.,2018,article,Zenodo (CERN European Organization for Nuclear Research),https://doi.org/10.5281/zenodo.1400255,C0,print,external,fails domain gate (no Indological/lexicographic signal),ap90-title,,0,https://openalex.org/W4289762259,2026-07,2026-07-28
W4301681488,Relevance of Shramahara mahakashaya (An anti-fatigue formulation) in sports medicine,2018,article,Journal of Scientific and Innovative Research,https://doi.org/10.31254/jsir.2018.7104,C0,print,external,fails domain gate (no Indological/lexicographic signal),mw-full,,3,https://openalex.org/W4301681488,2026-07,2026-07-28
W2909106413,Toxic matters: Medical Jurisprudence and the Making of the Indian Poisons Act (1904),2018,article,Crime Histoire et Sociétés,https://doi.org/10.4000/chs.2135,C0,print,external,fails domain gate (no Indological/lexicographic signal),ap90-title,,2,https://openalex.org/W2909106413,2026-07,2026-07-28
W2796107799,World Game: An MS Thesis on engineering Buckminster Fuller’s unfinished computer game,2018,dissertation,eScholarship (California Digital Library),,C0,print,external,fails domain gate (no Indological/lexicographic signal),ap90-title,,0,https://openalex.org/W2796107799,2026-07,2026-07-28
W2053143291,Human dignity - Our supreme constitutional value,2017,article,Potchefstroom Electronic Law Journal/Potchefstroomse Elektroniese Regsblad,https://doi.org/10.17159/1727-3781/2001/v4i1a2879,C0,print,external,fails domain gate (no Indological/lexicographic signal),mw-full,,10,https://openalex.org/W2053143291,2026-07,2026-07-28
W2803842475,Syekh Wali Lanang sebagai PitÄmaha Raja Raja Jawa Studi Teks Babad GÄ•dhongan,2017,article,SHAHIH Journal of Islamicate Multidisciplinary,https://doi.org/10.22515/shahih.v2i2.994,C0,print,external,fails domain gate (no Indological/lexicographic signal),ap90-title,,0,https://openalex.org/W2803842475,2026-07,2026-07-28
W4232482415,The origin and impact of the theosophical centre in Adyar,2017,article,Studia Humanistyczne/Studia Humanistyczne AGH,https://doi.org/10.7494/human.2017.16.4.7,C0,print,external,fails domain gate (no Indological/lexicographic signal),mw-full,,1,https://openalex.org/W4232482415,2026-07,2026-07-28
W3156873480,A Reconsideration of Catuḥstava,2016,article,Institutional Repositories DataBase (IRDB),,C0,print,external,fails domain gate (no Indological/lexicographic signal),ap90-title,,0,https://openalex.org/W3156873480,2026-07,2026-07-28
W2429520106,Computation (Abacus) Aspects of the Sahasralingam,2016,article,International Journal of Computer Applications,https://doi.org/10.5120/ijca2016910405,C0,print,external,fails domain gate (no Indological/lexicographic signal),ap90-title,,1,https://openalex.org/W2429520106,2026-07,2026-07-28
W3093246394,Der Candi - Wesen einer Kultur : die Symbolik der traditionellen Steinarchitektur von Zentraljava im Synkretismus der Religionen,2016,dissertation,reposiTUm (TU Wien),https://doi.org/10.34726/hss.2016.32800,C0,print,external,fails domain gate (no Indological/lexicographic signal),mw-full,,0,https://openalex.org/W3093246394,2026-07,2026-07-28
W2621102326,"Exploring farming systems and the role of agroecology in improving food security, productivity and market access for smallholder farmers.",2016,dissertation,ResearchSpace (University of KwaZulu-Natal),,C0,digital,external,fails domain gate (no Indological/lexicographic signal),ambuda,,5,https://openalex.org/W2621102326,2026-07,2026-07-28
W3182138532,『プラサンナパダー』第18章「我（アートマン）の考察」の研究,2016,dissertation,Institutional Repositories DataBase (IRDB),https://doi.org/10.15083/00073169,C0,print,external,fails domain gate (no Indological/lexicographic signal),ap90-title,,0,https://openalex.org/W3182138532,2026-07,2026-07-28
W7139213475,"""Protest, citizens!"" : past event as a beginning of multiple narrations and its relation to canon in history fandoms",2015,book-chapter,Jagiellonian University Repository (Jagiellonian University),,C0,print,external,fails domain gate (no Indological/lexicographic signal),mw-full,,0,https://openalex.org/W7139213475,2026-07,2026-07-28
W7110618298,"Connection between the Korean dragons, mountain spirits and kingship : the first royal wives and mothers in the kingdom of Silla",2015,book-chapter,Jagiellonian University Repository (Jagiellonian University),,C0,print,external,fails domain gate (no Indological/lexicographic signal),mw-full,,0,https://openalex.org/W7110618298,2026-07,2026-07-28
W2261782262,Grypomachia - walka gryfów z Arimaspami w źródłach starożytnych,2015,book-chapter,CeON Repository (Centre for Evaluation in Education and Science),,C0,print,external,fails domain gate (no Indological/lexicographic signal),mw-full,,0,https://openalex.org/W2261782262,2026-07,2026-07-28
W7110693740,Grypomachy : the struggle between griffins and Arimaspians in ancient sources,2015,book-chapter,Jagiellonian University Repository (Jagiellonian University),,C0,print,external,fails domain gate (no Indological/lexicographic signal),mw-full,,0,https://openalex.org/W7110693740,2026-07,2026-07-28
W7113758475,La fantasía como apariencia y afección del alma en la teoría platónica del conocimiento,2015,dissertation,Intellectum (Universidad de La Sabana),,C0,digital,external,fails domain gate (no Indological/lexicographic signal),cdsd,,0,https://openalex.org/W7113758475,2026-07,2026-07-28
W4292729706,Orientalia w „Zbiorze potrzebniejszych wiadomości porządkiem alfabetu ułożonych” Ignacego Krasickiego,2015,book,Ksiegarnia Akademicka Publishing eBooks,https://doi.org/10.12797/9788376386720,C0,print,external,fails domain gate (no Indological/lexicographic signal),ap90-title,,0,https://openalex.org/W4292729706,2026-07,2026-07-28
W7110649234,The hybris and shape-shifters in European and Asian cultures,2015,book,Jagiellonian University Repository (Jagiellonian University),,C0,print,external,fails domain gate (no Indological/lexicographic signal),mw-full,,0,https://openalex.org/W7110649234,2026-07,2026-07-28
W2572963110,Związki koreańskich smoków z duchami gór i władzą królewską : pierwsze królewskie małżonki i matki w państwie Silla,2015,other,Jagiellonian University Repository (Jagiellonian University),,C0,print,external,fails domain gate (no Indological/lexicographic signal),mw-full,,0,https://openalex.org/W2572963110,2026-07,2026-07-28
W2291178805,義浄訳『金光明最勝王経』について : 第24章「除病品」付加部分を中心として,2015,article,Institutional Repositories DataBase (IRDB),https://doi.org/10.15083/00036957,C0,print,external,fails domain gate (no Indological/lexicographic signal),mw-full,,0,https://openalex.org/W2291178805,2026-07,2026-07-28
W4238932275,,2014,paratext,International Journal of Pharmaceutical Sciences and Research,https://doi.org/10.13040/ijpsr.0975-8232.5(4).1116-23,C0,digital,external,fails domain gate (no Indological/lexicographic signal),ambuda,,1,https://openalex.org/W4238932275,2026-07,2026-07-28
W4386766362,Are Freedom from Suffering and Boundless Compassion Contradictory Ideals?,2014,article,Arc The Journal of the School of Religious Studies,https://doi.org/10.26443/arc.v42i.390,C0,print,external,fails domain gate (no Indological/lexicographic signal),mw-full,,0,https://openalex.org/W4386766362,2026-07,2026-07-28
W2238673922,Człowiek w Mokszadharmie,2013,article,CeON Repository (Centre for Evaluation in Education and Science),,C0,print,external,fails domain gate (no Indological/lexicographic signal),mw-full,,0,https://openalex.org/W2238673922,2026-07,2026-07-28
W1813934989,"Dreams, omens, and prognosis in the Indriyasthana of the Carakasamhita",2013,other,Texas ScholarWorks (Texas Digital Library),,C0,print,external,fails domain gate (no Indological/lexicographic signal),ap90-title,,0,https://openalex.org/W1813934989,2026-07,2026-07-28
W4256081530,Night,2013,article,Mānoa/Mānoa,https://doi.org/10.1353/man.2013.0074,C0,digital,external,fails domain gate (no Indological/lexicographic signal),ambuda,,1,https://openalex.org/W4256081530,2026-07,2026-07-28
W2188037217,Spatial v ariability of Soil penetrability and diStribution of compaction layer aS affected by long-term ploughing at Shallow depth in rambuda irrigation Scheme in vhembe,2013,article,,,C0,digital,external,fails domain gate (no Indological/lexicographic signal),ambuda,,0,https://openalex.org/W2188037217,2026-07,2026-07-28
W1552689061,チベット訳『宝篋経』　：　和訳と訳注（4-1）,2013,article,Institutional Repositories DataBase (IRDB),https://doi.org/10.50927/bk00230l001,C0,print,external,fails domain gate (no Indological/lexicographic signal),ap90-title,,0,https://openalex.org/W1552689061,2026-07,2026-07-28
W3098197457,敦煌講經文類と『東大寺諷誦文稿』より見た講經に於ける孝子譚の宣唱,2013,article,Kyoto University Research Information Repository (Kyoto University),https://doi.org/10.14989/dunhuangnianbao_7_69,C0,print,external,fails domain gate (no Indological/lexicographic signal),ap90-title,,0,https://openalex.org/W3098197457,2026-07,2026-07-28
W2994194659,Avyaya Analyzer: Analysis of Indeclinables using Finite State Transducers,2012,article,International Journal of Computer Applications,https://doi.org/10.5120/4610-6825,C0,print,external,fails domain gate (no Indological/lexicographic signal),mw-full,,7,https://openalex.org/W2994194659,2026-07,2026-07-28
W1574816914,"Effets d'une forte variation de conditions environnementales sur le comportement de dispersion et la structure génétique spatiale d'une population de rongeur solitaire, le tamia rayé (Tamias striatus)",2012,dissertation,Archipelago (Université du Québec à Montréal),,C0,digital,external,fails domain gate (no Indological/lexicographic signal),ambuda,,0,https://openalex.org/W1574816914,2026-07,2026-07-28
W7132215061,Арабески за пиано опус 77 на композитора Николай Стойков,2012,conference-paper,Bulgarian Portal for Open Science,,C0,digital,external,fails domain gate (no Indological/lexicographic signal),cdsl,,0,https://openalex.org/W7132215061,2026-07,2026-07-28
W7132383168,Въвеждане на информационни и комуникационни технологии в образованието –основание за размисъл върху практическата подготовка на студентите от специалностПедагогика на обучението по музика,2012,conference-paper,Bulgarian Portal for Open Science,,C0,digital,external,fails domain gate (no Indological/lexicographic signal),cdsl,,0,https://openalex.org/W7132383168,2026-07,2026-07-28
W7131923272,"Двата ракурса на музиката - фолклор, професионално творчествопрез призмата на испанските танцови форми",2012,conference-paper,Bulgarian Portal for Open Science,,C0,digital,external,fails domain gate (no Indological/lexicographic signal),cdsl,,0,https://openalex.org/W7131923272,2026-07,2026-07-28
W7132416364,Еволюцията на „Flauto traverse”,2012,conference-paper,Bulgarian Portal for Open Science,,C0,digital,external,fails domain gate (no Indological/lexicographic signal),cdsl,,0,https://openalex.org/W7132416364,2026-07,2026-07-28
W7132544142,За един от психологическите аспекти на дейността ”Солфежиране с акомпанимент на пиано”,2012,conference-paper,Bulgarian Portal for Open Science,,C0,digital,external,fails domain gate (no Indological/lexicographic signal),cdsl,,0,https://openalex.org/W7132544142,2026-07,2026-07-28
W7132181498,За тамбурата в Кюстендилско,2012,conference-paper,Bulgarian Portal for Open Science,,C0,digital,external,fails domain gate (no Indological/lexicographic signal),cdsl,,0,https://openalex.org/W7132181498,2026-07,2026-07-28
W7132531271,Зараждане на китайското клавирно изкуство,2012,conference-paper,Bulgarian Portal for Open Science,,C0,digital,external,fails domain gate (no Indological/lexicographic signal),cdsl,,0,https://openalex.org/W7132531271,2026-07,2026-07-28
W7132072576,Изпълнител – преподавател – учител за пътя на преподаването,2012,conference-paper,Bulgarian Portal for Open Science,,C0,digital,external,fails domain gate (no Indological/lexicographic signal),cdsl,,0,https://openalex.org/W7132072576,2026-07,2026-07-28
W7132335810,Исторически преглед на сравнителната пластична анатомия.Анатомични особености на бозайниците в ранната им възраст,2012,conference-paper,Bulgarian Portal for Open Science,,C0,digital,external,fails domain gate (no Indological/lexicographic signal),cdsl,,0,https://openalex.org/W7132335810,2026-07,2026-07-28
W7132253105,Масово ли е масовото музикално възпитание днес,2012,conference-paper,Bulgarian Portal for Open Science,,C0,digital,external,fails domain gate (no Indological/lexicographic signal),cdsl,,0,https://openalex.org/W7132253105,2026-07,2026-07-28
W7132701454,Математическо моделиране на мажорните тоналности в музиката,2012,conference-paper,Bulgarian Portal for Open Science,,C0,digital,external,fails domain gate (no Indological/lexicographic signal),cdsl,,0,https://openalex.org/W7132701454,2026-07,2026-07-28
W7132704356,Образование в бъдеще време или съвременните концепции за образованиетои педагогическите реалности,2012,conference-paper,Bulgarian Portal for Open Science,,C0,digital,external,fails domain gate (no Indological/lexicographic signal),cdsl,,0,https://openalex.org/W7132704356,2026-07,2026-07-28
W7132029570,"От чистия извор – Едно посещение в с. Калипетрово, Силистренско",2012,conference-paper,Bulgarian Portal for Open Science,,C0,digital,external,fails domain gate (no Indological/lexicographic signal),cdsl,,0,https://openalex.org/W7132029570,2026-07,2026-07-28
W7132207675,"Пееш и дишаш , както говориш",2012,conference-paper,Bulgarian Portal for Open Science,,C0,digital,external,fails domain gate (no Indological/lexicographic signal),cdsl,,0,https://openalex.org/W7132207675,2026-07,2026-07-28
W7132699842,Проблеми в обучението по Изобразително изкуство с ученици от ромски произходв прогимназиален етап,2012,conference-paper,Bulgarian Portal for Open Science,,C0,digital,external,fails domain gate (no Indological/lexicographic signal),cdsl,,0,https://openalex.org/W7132699842,2026-07,2026-07-28
W7132557288,Пъблик релейсшънс и изкуства,2012,conference-paper,Bulgarian Portal for Open Science,,C0,digital,external,fails domain gate (no Indological/lexicographic signal),cdsl,,0,https://openalex.org/W7132557288,2026-07,2026-07-28
W7131985181,Пътуване сред традициите на гайдата в Европа,2012,conference-paper,Bulgarian Portal for Open Science,,C0,digital,external,fails domain gate (no Indological/lexicographic signal),cdsl,,0,https://openalex.org/W7131985181,2026-07,2026-07-28
W7132076310,Развитие на камерното вокално творчество в Китай,2012,conference-paper,Bulgarian Portal for Open Science,,C0,digital,external,fails domain gate (no Indological/lexicographic signal),cdsl,,0,https://openalex.org/W7132076310,2026-07,2026-07-28
W7132510802,Ролята на кларинетния амбушюр върху основните музикално-изразни средства,2012,conference-paper,Bulgarian Portal for Open Science,,C0,digital,external,fails domain gate (no Indological/lexicographic signal),cdsl,,0,https://openalex.org/W7132510802,2026-07,2026-07-28
W7132592537,Ролята на хореограф-педагога в учебно-възпитателната работа при деца от 3 до 7 г,2012,conference-paper,Bulgarian Portal for Open Science,,C0,digital,external,fails domain gate (no Indological/lexicographic signal),cdsl,,0,https://openalex.org/W7132592537,2026-07,2026-07-28
W7132357429,Тамбурата на Вазовия „Хаджи Ахил”,2012,conference-paper,Bulgarian Portal for Open Science,,C0,digital,external,fails domain gate (no Indological/lexicographic signal),cdsl,,0,https://openalex.org/W7132357429,2026-07,2026-07-28
W7132280015,Техниката на акварела в контекста на историята на изобразителното изкуство,2012,conference-paper,Bulgarian Portal for Open Science,,C0,digital,external,fails domain gate (no Indological/lexicographic signal),cdsl,,0,https://openalex.org/W7132280015,2026-07,2026-07-28
W7132402215,“Църковен вестник” и дискусията за българското църковно пеене,2012,conference-paper,Bulgarian Portal for Open Science,,C0,digital,external,fails domain gate (no Indological/lexicographic signal),cdsl,,0,https://openalex.org/W7132402215,2026-07,2026-07-28
W1483659798,ヒンドゥー教の葬儀・祖先祭祀研究(1) : 特定の死者に対する継続的供養儀礼の成立について,2012,article,Institutional Repositories DataBase (IRDB),https://doi.org/10.15083/00030439,C0,print,external,fails domain gate (no Indological/lexicographic signal),ap90-title,,0,https://openalex.org/W1483659798,2026-07,2026-07-28
W1969926399,Anorectal Infection: Abscess-Fistula,2011,article,Clinics in Colon and Rectal Surgery,https://doi.org/10.1055/s-0031-1272819,C0,digital,external,fails domain gate (no Indological/lexicographic signal),ambuda,,225,https://openalex.org/W1969926399,2026-07,2026-07-28
W190018534,Between Two Life Stages and Cultural Realms: Five Case Studies with ABCDs at the University of Pittsburgh,2011,article,D-Scholarship@Pitt (University of Pittsburgh),,C0,print,external,fails domain gate (no Indological/lexicographic signal),ap90-title,,0,https://openalex.org/W190018534,2026-07,2026-07-28
W2231690563,Exile and empire,2011,dissertation,Rutgers University Community Repository (Rutgers University),https://doi.org/10.7282/t3w37vzr,C0,print,external,fails domain gate (no Indological/lexicographic signal),mw-full,,0,https://openalex.org/W2231690563,2026-07,2026-07-28
W2073766019,INQUISIÇÃO PORTUGUESA NA ÁFRICA: DENUNCIAÇÕES DO REINO DO CONGO E ANGOLA NO SÉCULO XVII,2011,article,Revista Cadernos de Clio,https://doi.org/10.5380/rcc.v2i1.40483,C0,digital,external,fails domain gate (no Indological/lexicographic signal),ambuda,,2,https://openalex.org/W2073766019,2026-07,2026-07-28
W4234567267,INQUISIÇÃO PORTUGUESA NA ÁFRICA: DENUNCIAÇÕES DO REINO DO CONGO E ANGOLA NO SÉCULO XVII,2011,article,Revista Cadernos de Clio,https://doi.org/10.5380/clio.v2i1.40483,C0,digital,external,fails domain gate (no Indological/lexicographic signal),ambuda,,1,https://openalex.org/W4234567267,2026-07,2026-07-28
W2397534016,SATĪ: POVEZNICA IZMEĐU TRADICIONALNE I SUVREMENE INDIJE,2011,article,University of Zagreb University Computing Centre (SRCE),,C0,digital,external,fails domain gate (no Indological/lexicographic signal),cdsd,,0,https://openalex.org/W2397534016,2026-07,2026-07-28
W2568901805,Translations: A brief commentary on Christian doctrine (9) By Fr. Alfonso Vagnoni S. J.: the Ten Commandments (6),2011,article,Institutional Repositories DataBase (IRDB),,C0,print,external,fails domain gate (no Indological/lexicographic signal),ap90-title,,0,https://openalex.org/W2568901805,2026-07,2026-07-28
W178219622,龍樹の縁起説(3)『中論頌』第26章「十二支の考察」について(1),2011,article,Institutional Repositories DataBase (IRDB),https://doi.org/10.50927/br00950l053,C0,print,external,fails domain gate (no Indological/lexicographic signal),ap90-title,,0,https://openalex.org/W178219622,2026-07,2026-07-28
W1603297974,A note on the Syriac and Persian sources of the pharmacological section of the Yŏuyáng zázŭ,2010,article,Universidad de Córdoba Insitutional Repository (Universidad de Córdoba),,C0,print,external,fails domain gate (no Indological/lexicographic signal),mw-full,,0,https://openalex.org/W1603297974,2026-07,2026-07-28
W2083063764,Apostillas etimológicas a las voces orientales del Diccionario de la prosa castellana de Alfonso X de Kasten &amp; Nitti,2010,article,Revista de Filología Española,https://doi.org/10.3989/rfe.2010.v90.i1.198,C0,print,external,fails domain gate (no Indological/lexicographic signal),mw-full,,1,https://openalex.org/W2083063764,2026-07,2026-07-28
W3190188807,Books Reviews,2010,article,Acta orientalia Vilnensia,https://doi.org/10.15388/aov.2010.1.3654,C0,print,external,fails domain gate (no Indological/lexicographic signal),pw-title,,0,https://openalex.org/W3190188807,2026-07,2026-07-28
W2419586669,Ritual and daily life : transmission and interpretation of the Ismaili tradition in Vancouver,2010,dissertation,cIRcle (University of British Columbia),https://doi.org/10.14288/1.0058268,C0,print,external,fails domain gate (no Indological/lexicographic signal),ap90-title,,21,https://openalex.org/W2419586669,2026-07,2026-07-28
W4388920950,Una nota sobre las fuentes siriacas y persas de la seccion farmacologica del Yŏuyáng zázŭ,2010,article,Collectanea Christiana Orientalia,https://doi.org/10.21071/cco.v7i.14686,C0,print,external,fails domain gate (no Indological/lexicographic signal),mw-full,,0,https://openalex.org/W4388920950,2026-07,2026-07-28
W4254814445,Human dignity-Our supreme constitutional value,2009,article,Potchefstroom Electronic Law Journal/Potchefstroomse Elektroniese Regsblad,https://doi.org/10.4314/pelj.v4i1.43490,C0,print,external,fails domain gate (no Indological/lexicographic signal),mw-full,,5,https://openalex.org/W4254814445,2026-07,2026-07-28
W3141461,"Raki's mission to Romanukharatha: new evidence in favor of pliny's account of taprobanê, ""N. H."" 6.84-91",2009,article,HABIS,https://doi.org/10.1128/jcm.26.10.2180-2181.1988,C0,print,external,fails domain gate (no Indological/lexicographic signal),mw-full,,0,https://openalex.org/W3141461,2026-07,2026-07-28
W2915507540,梵文『月灯三昧経』の偈頌再考(1)韻律分析を中心に,2009,article,Institutional Repositories DataBase (IRDB),,C0,print,external,fails domain gate (no Indological/lexicographic signal),ap90-title,,0,https://openalex.org/W2915507540,2026-07,2026-07-28
W2525051727,"""War, Peace and Chess. Bana’s References to “Terracotta Chessmen” and “Discourses on War” in the Harsacarita""",2008,article,Zurich Open Repository and Archive (University of Zurich),https://doi.org/10.5167/uzh-20709,C0,print,external,fails domain gate (no Indological/lexicographic signal),ap90-title,,0,https://openalex.org/W2525051727,2026-07,2026-07-28
W2597683979,An Atticist Lexicon Of The Second Sophistic: Philemon And The Atticist Movement,2008,article,OhioLink ETD Center (Ohio Library and Information Network),,C0,print,external,fails domain gate (no Indological/lexicographic signal),mw-full,,2,https://openalex.org/W2597683979,2026-07,2026-07-28
W2239919960,Drevni kompas: izbor iz rasprave,2008,article,University of Zagreb University Computing Centre (SRCE),,C0,print,external,fails domain gate (no Indological/lexicographic signal),ap90-title,,0,https://openalex.org/W2239919960,2026-07,2026-07-28
W1182296246,Krishna consciousness discourse - modern secularism versus traditional theism,2008,dissertation,Papyrus : Institutional Repository (Université de Montréal),https://doi.org/10.71781/8054,C0,print,external,fails domain gate (no Indological/lexicographic signal),ap90-title,,0,https://openalex.org/W1182296246,2026-07,2026-07-28
W1962414428,"Water Spinach (&lt;i&gt;Ipomoea aquatica&lt;/i&gt;, Convolvulaceae): A food gone wild",2007,article,Ethnobotany Research and Applications,https://doi.org/10.17348/era.5.0.123-146,C0,digital,external,fails domain gate (no Indological/lexicographic signal),cdsl;mw-full,,55,https://openalex.org/W1962414428,2026-07,2026-07-28
W4386764513,Manu,2006,article,Arc The Journal of the School of Religious Studies,https://doi.org/10.26443/arc.v34i.635,C0,print,external,fails domain gate (no Indological/lexicographic signal),ap90-title,,0,https://openalex.org/W4386764513,2026-07,2026-07-28
W189206683,Six Uigur Contracts from the West Uigur Period (10th–12th Centuries),2006,article,Institutional Repositories DataBase (IRDB),,C0,print,external,fails domain gate (no Indological/lexicographic signal),mw-full,,1,https://openalex.org/W189206683,2026-07,2026-07-28
W7139673224,June 1st 2004,2004,article,"CSUSB ScholarWorks (California State University, San Bernardino)",,C0,digital,external,fails domain gate (no Indological/lexicographic signal),ambuda,,0,https://openalex.org/W7139673224,2026-07,2026-07-28
W61670455,Η θέση της γυναίκας στον Ινδουισμό,2004,dissertation,Εθνικό και Καποδιστριακό Πανεπιστήμιο Αθηνών (ΕΚΠΑ),https://doi.org/10.12681/eadd/14154,C0,print,external,fails domain gate (no Indological/lexicographic signal),ap90-title,,1,https://openalex.org/W61670455,2026-07,2026-07-28
W1511070850,Alltagsnahe Psychologie mit hand-held PC und physiologischem Mess-System.,2002,book,PsyDok Dokumentenserver für die Psychologie (Leibniz-Zentrum für Psychologische Information und Dokumentation),https://doi.org/10.23668/psycharchives.10415,C0,digital,external,fails domain gate (no Indological/lexicographic signal),ambuda,,17,https://openalex.org/W1511070850,2026-07,2026-07-28
W3044762508,Evaluating Semantic Shifts: The Case of Indo-European *(s)meuk- and Indo-Iranian *muč-,1999,report,The Knowledge Bank (The Ohio State University),,C0,print,external,fails domain gate (no Indological/lexicographic signal),ap90-title,,1,https://openalex.org/W3044762508,2026-07,2026-07-28
W4255356798,Hõimlane verejõe tagant: Saami muinaslood tootempõhjapõdrast. V,1998,article,Mäetagused,https://doi.org/10.7592/mt1998.08.5meand,C0,digital,external,fails domain gate (no Indological/lexicographic signal),ambuda,,0,https://openalex.org/W4255356798,2026-07,2026-07-28
W4391885209,Saraswati's journey: South Indian Karnatak music in the United States,1998,dissertation,Wesleyan University,https://doi.org/10.14418/wes01.2.435,C0,print,external,fails domain gate (no Indological/lexicographic signal),ap90-title,,0,https://openalex.org/W4391885209,2026-07,2026-07-28
W141793394,Η ΕΝΝΟΙΑ ΤΗΣ ΔΙΚΑΙΟΣΥΝΗΣ ΣΤΗΝ ΗΘΙΚΗ ΤΟΥ ΑΡΙΣΤΟΤΕΛΗ ΚΑΙ ΣΤΟΝ ΤΕΡΑΒΑΝΤΑ ΒΟΥΔΔΙΣΜΟ,1998,dissertation,"Πανεπιστήμιο Ιωαννίνων, Σχολή Φιλοσοφική, Τμήμα Φιλοσοφίας, Παιδαγωγικής και Ψυχολογίας",https://doi.org/10.12681/eadd/9087,C0,print,external,fails domain gate (no Indological/lexicographic signal),mw-full,,0,https://openalex.org/W141793394,2026-07,2026-07-28
W3172236459,Herbal Cosmetics in Ancient India: With a Treatise on Planta Cosmetica,1997,book,Biodiversity Heritage Library (Smithsonian Institution),,C0,digital,external,fails domain gate (no Indological/lexicographic signal),ambuda;ap90-title,,4,https://openalex.org/W3172236459,2026-07,2026-07-28
W1756616740,Puede hablar el sujeto subalterno,1997,article,Americanae (AECID Library),,C0,print,external,fails domain gate (no Indological/lexicographic signal),mw-full,,203,https://openalex.org/W1756616740,2026-07,2026-07-28
W99887054,Escultura y teatro a comienzos del siglo XVI: La Capilla del Dean Diego Velázquez de Cepeda,1994,article,Anuario del Departamento de Historia y Teoría del Arte,https://doi.org/10.15366/anuario1994.6.011,C0,digital,external,fails domain gate (no Indological/lexicographic signal),ambuda,,2,https://openalex.org/W99887054,2026-07,2026-07-28
W2135668946,Gamaka and Alamkara : concepts of vocal ornamentation with reference to Bara Khayal,1993,dissertation,City Research Online (City University London),,C0,print,external,fails domain gate (no Indological/lexicographic signal),mw-full,,1,https://openalex.org/W2135668946,2026-07,2026-07-28
W4385472843,Bibliography,1972,paratext,Elements of Kurux historical phonology,https://doi.org/10.1163/9789004643932_002,C0,print,external,fails domain gate (no Indological/lexicographic signal),mw-full,,0,https://openalex.org/W4385472843,2026-07,2026-07-28
W4299514177,De „Loetoeng Kasaroeng”.,1949,book-chapter,Loetoeng Kasaroeng,https://doi.org/10.1163/9789004286290_003,C0,print,external,fails domain gate (no Indological/lexicographic signal),mw-full,,0,https://openalex.org/W4299514177,2026-07,2026-07-28
W1480748408,"La mythologie des plantes; ou, Les légendes du règne végétal",1879,book,C. Reinwald eBooks,https://doi.org/10.5962/bhl.title.12676,C0,digital,external,fails domain gate (no Indological/lexicographic signal),ambuda,,5,https://openalex.org/W1480748408,2026-07,2026-07-28
W7144166066,“Sattvārādhanastava”について,,article,Institutional Repositories DataBase (IRDB),https://doi.org/10.15054/00001138,C0,print,external,fails domain gate (no Indological/lexicographic signal),ap90-title,,0,https://openalex.org/W7144166066,2026-07,2026-07-28
W7143678071,存覚における逆謗摂取の理解について : 親鸞思想からの展開を考える,,article,Institutional Repositories DataBase (IRDB),https://doi.org/10.50873/10869,C0,print,external,fails domain gate (no Indological/lexicographic signal),mw-full,,0,https://openalex.org/W7143678071,2026-07,2026-07-28
W7167794888,A Word-Level Digital Reader of the Prasthanatrayi with Sankara's Bhasya,2026,preprint,arXiv (Cornell University),https://doi.org/10.5281/zenodo.21279193,C1,digital,external,name-unique phrase: cdsd,cdsd,,0,https://openalex.org/W7167794888,2026-07,2026-07-28
W7130506483,Critical Review of Asthi Dhatu Kshaya with Osteoporosis,2026,article,Journal of Ayurveda and Integrated Medical Sciences,https://doi.org/10.21760/jaims.11.1.47,C1,digital,external,name-unique phrase: cdsd,cdsd,,0,https://openalex.org/W7130506483,2026-07,2026-07-28
W7171434414,OBS-T: CDSL Correction-Event Corpus — A Twelve-Year Longitudinal Error-Typology Dataset for Sanskrit Historical Dictionaries,2026,dataset,Zenodo (CERN European Organization for Nuclear Research),https://doi.org/10.5281/zenodo.21616736,C1,digital,internal,name-unique phrase: cdsd,cdsd,,0,https://openalex.org/W7171434414,2026-07,2026-07-28
W7168149936,OBS-T: CDSL Correction-Event Corpus — A Twelve-Year Longitudinal Error-Typology Dataset for Sanskrit Historical Dictionaries,2026,dataset,Open MIND,https://doi.org/10.5281/zenodo.21346705,C1,digital,internal,name-unique phrase: cdsd,cdsd,,0,https://openalex.org/W7168149936,2026-07,2026-07-28
W7170146541,OBS-T: CDSL Correction-Event Corpus — A Twelve-Year Longitudinal Error-Typology Dataset for Sanskrit Historical Dictionaries,2026,dataset,Zenodo (CERN European Organization for Nuclear Research),https://doi.org/10.5281/zenodo.21512440,C1,digital,internal,name-unique phrase: cdsd,cdsd,,0,https://openalex.org/W7170146541,2026-07,2026-07-28
W7169879158,OBS-T: CDSL Correction-Event Corpus — A Twelve-Year Longitudinal Error-Typology Dataset for Sanskrit Historical Dictionaries,2026,dataset,Zenodo (CERN European Organization for Nuclear Research),https://doi.org/10.5281/zenodo.21477916,C1,digital,internal,name-unique phrase: cdsd,cdsd,,0,https://openalex.org/W7169879158,2026-07,2026-07-28
W7168184370,OBS-T: CDSL Correction-Event Corpus — A Twelve-Year Longitudinal Error-Typology Dataset for Sanskrit Historical Dictionaries,2026,dataset,Zenodo (CERN European Organization for Nuclear Research),https://doi.org/10.5281/zenodo.21346706,C1,digital,internal,name-unique phrase: cdsd,cdsd,,0,https://openalex.org/W7168184370,2026-07,2026-07-28
W7169656288,OBS-T: CDSL Correction-Event Corpus — A Twelve-Year Longitudinal Error-Typology Dataset for Sanskrit Historical Dictionaries,2026,dataset,Zenodo (CERN European Organization for Nuclear Research),https://doi.org/10.5281/zenodo.21426366,C1,digital,internal,name-unique phrase: cdsd,cdsd,,0,https://openalex.org/W7169656288,2026-07,2026-07-28
W7171207793,csl-atlas: an evidence-graded atlas of the Cologne Digital Sanskrit Lexicon,2026,software,Zenodo (CERN European Organization for Nuclear Research),https://doi.org/10.5281/zenodo.21556607,C1,digital,internal,"name-unique phrase: cdsl, csl-orig",cdsl;csl-orig,,0,https://openalex.org/W7171207793,2026-07,2026-07-28
W7171177978,csl-atlas: an evidence-graded atlas of the Cologne Digital Sanskrit Lexicon,2026,software,Zenodo (CERN European Organization for Nuclear Research),https://doi.org/10.5281/zenodo.21572446,C1,digital,internal,"name-unique phrase: cdsl, csl-orig",cdsl;csl-orig,,0,https://openalex.org/W7171177978,2026-07,2026-07-28
W7169916861,csl-atlas: an evidence-graded atlas of the Cologne Digital Sanskrit Lexicon,2026,software,Zenodo (CERN European Organization for Nuclear Research),https://doi.org/10.5281/zenodo.21474523,C1,digital,internal,"name-unique phrase: cdsl, csl-orig",cdsl;csl-orig,,0,https://openalex.org/W7169916861,2026-07,2026-07-28
W7171325258,csl-atlas: an evidence-graded atlas of the Cologne Digital Sanskrit Lexicon,2026,software,Zenodo (CERN European Organization for Nuclear Research),https://doi.org/10.5281/zenodo.21584205,C1,digital,internal,"name-unique phrase: cdsl, csl-orig",cdsl;csl-orig,,0,https://openalex.org/W7171325258,2026-07,2026-07-28
W7171331350,csl-atlas: an evidence-graded atlas of the Cologne Digital Sanskrit Lexicon,2026,software,Zenodo (CERN European Organization for Nuclear Research),https://doi.org/10.5281/zenodo.21585306,C1,digital,internal,"name-unique phrase: cdsl, csl-orig",cdsl;csl-orig,,0,https://openalex.org/W7171331350,2026-07,2026-07-28
W7171411095,csl-atlas: an evidence-graded atlas of the Cologne Digital Sanskrit Lexicon,2026,software,Zenodo (CERN European Organization for Nuclear Research),https://doi.org/10.5281/zenodo.21626570,C1,digital,internal,"name-unique phrase: cdsl, csl-orig",cdsl;csl-orig,,0,https://openalex.org/W7171411095,2026-07,2026-07-28
W7169788327,csl-atlas: an evidence-graded atlas of the Cologne Digital Sanskrit Lexicon,2026,software,Zenodo (CERN European Organization for Nuclear Research),https://doi.org/10.5281/zenodo.21460290,C1,digital,internal,"name-unique phrase: cdsl, csl-orig",cdsl;csl-orig,,0,https://openalex.org/W7169788327,2026-07,2026-07-28
W7171119014,csl-atlas: an evidence-graded atlas of the Cologne Digital Sanskrit Lexicon,2026,software,Zenodo (CERN European Organization for Nuclear Research),https://doi.org/10.5281/zenodo.21568139,C1,digital,internal,"name-unique phrase: cdsl, csl-orig",cdsl;csl-orig,,0,https://openalex.org/W7171119014,2026-07,2026-07-28
W7171327467,csl-atlas: an evidence-graded atlas of the Cologne Digital Sanskrit Lexicon,2026,software,Zenodo (CERN European Organization for Nuclear Research),https://doi.org/10.5281/zenodo.21586388,C1,digital,internal,"name-unique phrase: cdsl, csl-orig",cdsl;csl-orig,,0,https://openalex.org/W7171327467,2026-07,2026-07-28
W7169574343,csl-atlas: an evidence-graded atlas of the Cologne Digital Sanskrit Lexicon,2026,software,Zenodo (CERN European Organization for Nuclear Research),https://doi.org/10.5281/zenodo.21419692,C1,digital,internal,"name-unique phrase: cdsl, csl-orig",cdsl;csl-orig,,0,https://openalex.org/W7169574343,2026-07,2026-07-28
W7171108711,csl-atlas: an evidence-graded atlas of the Cologne Digital Sanskrit Lexicon,2026,software,Zenodo (CERN European Organization for Nuclear Research),https://doi.org/10.5281/zenodo.21573537,C1,digital,internal,"name-unique phrase: cdsl, csl-orig",cdsl;csl-orig,,0,https://openalex.org/W7171108711,2026-07,2026-07-28
W7169565402,csl-atlas: an evidence-graded atlas of the Cologne Digital Sanskrit Lexicon,2026,software,Open MIND,https://doi.org/10.5281/zenodo.21419691,C1,digital,internal,"name-unique phrase: cdsl, csl-orig",cdsl;csl-orig,,0,https://openalex.org/W7169565402,2026-07,2026-07-28
W7171413646,csl-atlas: an evidence-graded atlas of the Cologne Digital Sanskrit Lexicon,2026,software,Zenodo (CERN European Organization for Nuclear Research),https://doi.org/10.5281/zenodo.21623050,C1,digital,internal,"name-unique phrase: cdsl, csl-orig",cdsl;csl-orig,,0,https://openalex.org/W7171413646,2026-07,2026-07-28
W7171296083,csl-atlas: an evidence-graded atlas of the Cologne Digital Sanskrit Lexicon,2026,software,Zenodo (CERN European Organization for Nuclear Research),https://doi.org/10.5281/zenodo.21587442,C1,digital,internal,"name-unique phrase: cdsl, csl-orig",cdsl;csl-orig,,0,https://openalex.org/W7171296083,2026-07,2026-07-28
W7170703841,csl-atlas: an evidence-graded atlas of the Cologne Digital Sanskrit Lexicon,2026,software,Zenodo (CERN European Organization for Nuclear Research),https://doi.org/10.5281/zenodo.21528470,C1,digital,internal,"name-unique phrase: cdsl, csl-orig",cdsl;csl-orig,,0,https://openalex.org/W7170703841,2026-07,2026-07-28
W7168106591,"gasyoun/SanskritLexicography: 1.9.0 — Duden-style entry-anatomy specimen pages (PWG, MW, CDSL record)",2026,software,Open MIND,https://doi.org/10.5281/zenodo.21320994,C1,digital,internal,name-unique phrase: csl-orig,csl-orig,,0,https://openalex.org/W7168106591,2026-07,2026-07-28
W7168078510,sanskrit-lexicon/csl-guides: v0.9.0 — how to read a Sanskrit dictionary entry,2026,software,Open MIND,https://doi.org/10.5281/zenodo.21320644,C1,digital,internal,name-unique phrase: csl-orig,csl-orig,,0,https://openalex.org/W7168078510,2026-07,2026-07-28
W7167830687,sanskrit-lexicon/csl-guides: v0.9.0 — how to read a Sanskrit dictionary entry,2026,software,Open MIND,https://doi.org/10.5281/zenodo.21281923,C1,digital,internal,name-unique phrase: csl-orig,csl-orig,,0,https://openalex.org/W7167830687,2026-07,2026-07-28
W7168104336,sanskrit-lexicon/csl-sqlite: Release 2026-07-12-07-35-45,2026,software,Zenodo (CERN European Organization for Nuclear Research),https://doi.org/10.5281/zenodo.21319332,C1,digital,internal,name-unique phrase: cdsd,cdsd,,0,https://openalex.org/W7168104336,2026-07,2026-07-28
W7168082918,sanskrit-lexicon/csl-sqlite: Release 2026-07-12-07-35-45,2026,software,Open MIND,https://doi.org/10.5281/zenodo.21319331,C1,digital,internal,name-unique phrase: cdsd,cdsd,,0,https://openalex.org/W7168082918,2026-07,2026-07-28
W4411113548,Accessible Sanskrit: A Cascading System for Text Analysis and Dictionary Access,2025,conference-paper,Proceedings of the Second Workshop on Ancient Language Processing,https://doi.org/10.18653/v1/2025.alp-1.5,C1,digital,external,name-unique phrase: cdsd,cdsd,,0,https://openalex.org/W4411113548,2026-07,2026-07-28
W4411756898,COMPUTATIONAL CHALLENGES IN ANCIENT LANGUAGE MODELING: THE CASE OF THE RIGVEDA,2025,article,Journal of Dynamics and Control,https://doi.org/10.71058/jodac.v9i6007,C1,digital,external,name-unique phrase: cdsd,cdsd,,0,https://openalex.org/W4411756898,2026-07,2026-07-28
W4411429827,Female Development Across Ages: An Ayurvedic Review with Contemporary Correlations,2025,article,Journal of Ayurveda and Integrated Medical Sciences,https://doi.org/10.21760/jaims.10.4.31,C1,digital,external,name-unique phrase: cdsd,cdsd;mw-full,,0,https://openalex.org/W4411429827,2026-07,2026-07-28
W4416035700,Mahānāma: A Unique Testbed for Literary Entity Discovery and Linking,2025,conference-paper,Proceedings of the 2025 Conference on Empirical Methods in Natural Language Processing,https://doi.org/10.18653/v1/2025.emnlp-main.1269,C1,digital,external,name-unique phrase: cdsd,cdsd,,0,https://openalex.org/W4416035700,2026-07,2026-07-28
W4412548294,Revolutionizing Sanskrit Research: In-depth applications of AI tools in indological studies,2025,article,International Journal of Advanced Academic Studies,https://doi.org/10.33545/27068919.2025.v7.i7b.1577,C1,digital,external,name-unique phrase: cdsl,cdsl,,0,https://openalex.org/W4412548294,2026-07,2026-07-28
W4416037936,Sanskrit Voyager: Unified Web Platform for Interactive Reading and Linguistic Analysis of Sanskrit Texts,2025,conference-paper,Proceedings of the 2025 Conference on Empirical Methods in Natural Language Processing: System Demonstrations,https://doi.org/10.18653/v1/2025.emnlp-demos.18,C1,digital,external,"name-unique phrase: cdsd, pycdsl",cdsd;pycdsl,,0,https://openalex.org/W4416037936,2026-07,2026-07-28
W4415276108,THE INDUS SCRIPT Recognition as an alphabet,2025,preprint,Research Square,https://doi.org/10.21203/rs.3.rs-6801050/v1,C1,digital,external,name-unique phrase: cdsd,ap90-title;cdsd,,0,https://openalex.org/W4415276108,2026-07,2026-07-28
W7124248385,“WHEN NATURE OPENS ITS PALLET” a Comparative Study of Polish rudy and English red,2025,article,Forum Filologiczne Ateneum,https://doi.org/10.36575/2353-2912/1(13)2025-07,C1,digital,external,name-unique phrase: cdsl,cdsl,,0,https://openalex.org/W7124248385,2026-07,2026-07-28
W4399581062,From Anekānta-vāda to Sarva-tantra-sva-tantra: Pluralism About Views and Philosophical Systems,2024,article,Journal of Indian Philosophy,https://doi.org/10.1007/s10781-024-09570-y,C1,digital,external,name-unique phrase: koeln-url,koeln-url,,2,https://openalex.org/W4399581062,2026-07,2026-07-28
W4400104746,Sanskrit Knowledge-based Systems: Annotation and Computational Tools,2024,preprint,arXiv (Cornell University),https://doi.org/10.48550/arxiv.2406.18276,C1,digital,external,"name-unique phrase: cdsd, pycdsl",cdsd;pycdsl,,0,https://openalex.org/W4400104746,2026-07,2026-07-28
W4402051662,Yoga and yogins in the second part of the Bhagavata Purana,2024,article,Sententiae,https://doi.org/10.31649/sent43.02.033,C1,digital,external,name-unique phrase: cdsd,cdsd,,0,https://openalex.org/W4402051662,2026-07,2026-07-28
W4391267202,Ayurvedic Consideration and Management of Herpes Zoster Affecting Trigeminal Nerve a Case Study Report,2023,article,International Journal of Pharmacognosy & Chinese Medicine,https://doi.org/10.23880/ipcm-16000240,C1,digital,external,name-unique phrase: cdsd,cdsd;mw-full,,1,https://openalex.org/W4391267202,2026-07,2026-07-28
W4391185131,Gulma Roga,2023,article,Journal of Natural & Ayurvedic Medicine,https://doi.org/10.23880/jonam-16000400,C1,digital,external,name-unique phrase: cdsl,cdsl;mw-full,,0,https://openalex.org/W4391185131,2026-07,2026-07-28
W4365448892,Poles apart? From Wrestling and Mallkhāmb to Pole Yoga,2023,article,Journal of Yoga Studies,https://doi.org/10.34000/joys.2023.v4.006,C1,digital,external,name-unique phrase: cdsl,cdsl,,1,https://openalex.org/W4365448892,2026-07,2026-07-28
W4390144261,Sindhu Prakrit Unveils the Enigma: Revealing the origins of Ayurveda,2023,preprint,,https://doi.org/10.31219/osf.io/d5pr3,C1,digital,external,name-unique phrase: cdsd,ap90-title;cdsd;mw-full,,1,https://openalex.org/W4390144261,2026-07,2026-07-28
W4386565470,Trivarga: A Guideline for the Management of Manas Roga,2023,article,International Journal of Ayurveda and Pharma Research,https://doi.org/10.47070/ijapr.v11isuppl3.2871,C1,digital,external,name-unique phrase: cdsd,cdsd;mw-full,,0,https://openalex.org/W4386565470,2026-07,2026-07-28
W7132909921,Pustaka Pūjā: A Study of Sūtra Worship in Mahāyāna Buddhism,2022,dissertation,TSpace (University of Toronto),,C1,digital,external,name-unique phrase: cdsd,cdsd,,0,https://openalex.org/W7132909921,2026-07,2026-07-28
W4283582067,The Alphabet of Sindhu Prakrit (The decipherment of the Indus Script),2022,preprint,,https://doi.org/10.31219/osf.io/aey8m,C1,digital,external,name-unique phrase: cdsd,cdsd,,2,https://openalex.org/W4283582067,2026-07,2026-07-28
W3210008723,Impact of Changed Life Style on COVID-19 in India : Teachings of Sanathana Dharma (The eternal truth),2021,article,International Journal of Scientific Research in Science and Technology,https://doi.org/10.32628/ijsrst21852,C1,digital,external,name-unique phrase: cdsl,cdsl;mw-full,,1,https://openalex.org/W3210008723,2026-07,2026-07-28
W3202035061,Svāhā in the Yagya: Meaning and Importance,2021,article,Interdisciplinary Journal of Yagya Research,https://doi.org/10.36018/ijyr.v4i1.70,C1,digital,external,name-unique phrase: cdsd,cdsd;mw-full,,0,https://openalex.org/W3202035061,2026-07,2026-07-28
W3047605655,CREACIÓN DE CULTUREMAS. EL CASO DE GITANISMOS EN EL ESPAÑOL DE CUBA,2020,article,Cultura Latinoamericana Revista de estudios interculturales,https://doi.org/10.14718/culturalatinoam.2020.31.1.5,C1,digital,external,name-unique phrase: cdsd,cdsd,,2,https://openalex.org/W3047605655,2026-07,2026-07-28
W3092578242,SEARCHING FOR THE LEXICAL CORE OF PROTO-INDO-EUROPEAN LANGUAGE,2020,article,Vestnik slavianskikh kul’tur [Bulletin of Slavic Cultures],https://doi.org/10.37816/2073-9567-2020-57-183-200,C1,digital,external,"name-unique phrase: cdsl, koeln-url",cdsl;koeln-url,,0,https://openalex.org/W3092578242,2026-07,2026-07-28
W3032245164,Transforming the Cologne Digital Sanskrit Dictionaries into OntoLex Lemon,2020,article,Zenodo (CERN European Organization for Nuclear Research),https://doi.org/10.5281/zenodo.3903137,C1,digital,external,name-unique phrase: cdsd,cdsd,,0,https://openalex.org/W3032245164,2026-07,2026-07-28
W3010982759,The Root of Indian Communication Theory in the Ṛig Veda: Practical Vedānta,2019,article,Bodhi An Interdisciplinary Journal,https://doi.org/10.3126/bodhi.v7i0.27902,C1,digital,external,name-unique phrase: cdsd,cdsd,,4,https://openalex.org/W3010982759,2026-07,2026-07-28
W2236639441,Liberation and Non-Attachment: Arjuna’s Fear in the Bhagavad-Gītā,2016,dissertation,Brock University Digital Repository (Brock University),,C1,digital,external,name-unique phrase: cdsd,cdsd,W3192303795,0,https://openalex.org/W2236639441,2026-07,2026-07-28
W2234051868,FOLLOWING THE NON-MONEY TRAIL: RECONCILING SOME ANGKORIAN TEMPLE ACCOUNTS,2015,article,Journal of Indo-Pacific Archaeology,https://doi.org/10.7152/jipa.v39i0.14736,C1,digital,external,name-unique phrase: cdsl,cdsl,,9,https://openalex.org/W2234051868,2026-07,2026-07-28
W3192303795,Cologne Digital Sanskrit Dictionaries,2014,article,,,C1,digital,internal,name-unique phrase: cdsd,cdsd,,6,https://openalex.org/W3192303795,2026-07,2026-07-28
W2182547468,Review of the caddisfly genus Tagalopsyche with the description of new species and a related new genus (Trichoptera: Leptoceridae: Mystacidini),2007,article,Zootaxa,https://doi.org/10.11646/zootaxa.1483.1.1,C1,digital,external,name-unique phrase: cdsl,cdsl,,9,https://openalex.org/W2182547468,2026-07,2026-07-28
W2095705052,"Sacred Connections with Cat-tail (&lt;i&gt;Typha&lt;/i&gt;, Typhaceae) - Dragons, Water-Serpents and Reed-Maces",2007,article,Ethnobotany Research and Applications,https://doi.org/10.17348/era.5.0.273-303,C1,digital,external,name-unique phrase: cdsl,cdsl,,2,https://openalex.org/W2095705052,2026-07,2026-07-28
W2554076622,Report on the Cologne Sanskrit Dictionary Project,2006,article,,,C1,digital,internal,"name-unique phrase: cdsl, cologne-dict",cdsl;cologne-dict,,4,https://openalex.org/W2554076622,2026-07,2026-07-28
W2793685998,An introduction to the dharmatratadhyanasutra,2004,dissertation,Libraries and Cultural Resources (University of Calgary),https://doi.org/10.11575/prism/23848,C1,digital,external,name-unique phrase: cdsl,cdsl,,0,https://openalex.org/W2793685998,2026-07,2026-07-28
W3004012908,Bilingual Dictionary for Sanskrit—Gujarati MT Implementation,2020,book-chapter,Lecture notes in networks and systems,https://doi.org/10.1007/978-981-15-0630-7_45,C2,digital,external,cites resource anchor W2554076622,,W2554076622,8,https://openalex.org/W3004012908,2026-07,2026-07-28
W3170228538,"Online Sanskrit-English Glossaries of Ayurveda, Yoga and Indian Music Terminology (Survey and Critical Assessment)",2020,book-chapter,Latvijas Universitātes Zinātniskie raksti,https://doi.org/10.22364/luraksti.os.819.10,C2,digital,external,cites resource anchor W3192303795,,W3192303795,0,https://openalex.org/W3170228538,2026-07,2026-07-28
W2806111309,SandhiKosh: A Benchmark Corpus for Evaluating Sanskrit Sandhi Tools,2018,conference-paper,Proceedings of the Language Resources and Evaluation Conference,https://doi.org/10.63317/3hbzopxzt5fx,C2,digital,external,cites resource anchor W2554076622,,W2554076622,10,https://openalex.org/W2806111309,2026-07,2026-07-28
W2056384402,Knowledge representation of grammatical constructs of Sanskrit Language and modular architecture of ParGram,2013,conference-paper,2013 International Conference on Advances in Technology and Engineering (ICATE),https://doi.org/10.1109/icadte.2013.6524745,C2,digital,external,cites resource anchor W2554076622,,W2554076622,1,https://openalex.org/W2056384402,2026-07,2026-07-28
W2249663167,Latin Terms in Sanskrit Dictionaries,2006,article,,,C2,digital,internal,cites resource anchor W2554076622,,W2554076622,0,https://openalex.org/W2249663167,2026-07,2026-07-28
W7157980502,A COMPARATIVE STUDY BETWEEN SUSHRUTHOKTHA AYURVEDA MARMA AND SIDDHA VARMA IN HAND,2026,article,INTERNATIONAL JOURNAL OF RESEARCH AND ANALYTICAL REVIEWS,https://doi.org/10.56975/ijrar.v13i2.333268,C3,print,external,ambiguous probe only: mw-full,mw-full,,0,https://openalex.org/W7157980502,2026-07,2026-07-28
W7143811673,A Study of the Vaiyākaraṇa Śābdabodha of the Sentences Having Upamā Alaṅkāra,2026,article,Institutional Repositories DataBase (IRDB),https://doi.org/10.18999/sambh.39.29,C3,print,external,ambiguous probe only: ap90-title,ap90-title,,0,https://openalex.org/W7143811673,2026-07,2026-07-28
W7155720586,Acoustic Formant Features Are Insufficient for Semantic Axis Recovery but Sufficient for Articulatory Locus Classification in Sanskrit Verbal Roots: A Spiking Reservoir Computing Investigation,2026,preprint,Zenodo (CERN European Organization for Nuclear Research),https://doi.org/10.5281/zenodo.19785993,C3,print,external,ambiguous probe only: mw-full,mw-full,,0,https://openalex.org/W7155720586,2026-07,2026-07-28
W7155712555,Acoustic Formant Features Are Insufficient for Semantic Axis Recovery but Sufficient for Articulatory Locus Classification in Sanskrit Verbal Roots: A Spiking Reservoir Computing Investigation,2026,preprint,Zenodo (CERN European Organization for Nuclear Research),https://doi.org/10.5281/zenodo.19785992,C3,print,external,ambiguous probe only: mw-full,mw-full,,0,https://openalex.org/W7155712555,2026-07,2026-07-28
W7169779481,Amshamsha Kalpana: A Novel Approach In Understanding And Qualitative Analysis of Vata Dosha Vruddhi and Kshaya,2026,article,International Journal of Drug Delivery Technology,https://doi.org/10.25258/ijddt.16.66s.101,C3,print,external,ambiguous probe only: ap90-title,ap90-title,,0,https://openalex.org/W7169779481,2026-07,2026-07-28
W7164576059,Ancient medical technology versus modern medical techs- domain India: Discussions,2026,article,International Journal of History,https://doi.org/10.22271/27069109.2026.v8.i6b.798,C3,print,external,ambiguous probe only: ap90-title,ap90-title,,0,https://openalex.org/W7164576059,2026-07,2026-07-28
W7134047093,CRITICAL EDITION AND TRANSLATION OF FIRST THREE CHAPTERS OF THE MANUSCRIPT 'PRAYOGASAROTTARAPATALAM,2026,article,PARIPEX-INDIAN JOURNAL OF RESEARCH,https://doi.org/10.36106/paripex/5602339,C3,digital,external,ambiguous probe only: ambuda,ambuda,,0,https://openalex.org/W7134047093,2026-07,2026-07-28
W7130835626,Clinical Aspect of Asrigdara - An Ayurvedic Review,2026,article,AYUSHDHARA,https://doi.org/10.47070/ayushdhara.v12i6.2428,C3,digital,external,ambiguous probe only: ambuda,ambuda,,0,https://openalex.org/W7130835626,2026-07,2026-07-28
W7155996142,EXPLORING THE CONCEPT OF MANAS IN AYURVEDA: STRUCTURAL AND FUNCTIONAL INSIGHTS,2026,article,INTERNATIONAL JOURNAL OF RESEARCH AND ANALYTICAL REVIEWS,https://doi.org/10.56975/ijrar.v13i2.332673,C3,print,external,ambiguous probe only: mw-full,mw-full,,0,https://openalex.org/W7155996142,2026-07,2026-07-28
W7151871263,Exploring Vaidyamalika - A Book Review,2026,article,Journal of Ayurveda and Integrated Medical Sciences,https://doi.org/10.21760/jaims.11.3.28,C3,digital,external,ambiguous probe only: ambuda,ambuda,,0,https://openalex.org/W7151871263,2026-07,2026-07-28
W7147155338,Extraordinary Capacities in the Buddhist Path of Liberation A Diachronic Study Based on the Theravāda Sources,2026,book,,https://doi.org/10.30687/978-88-6969-974-0,C3,print,external,ambiguous probe only: mw-full,mw-full,,0,https://openalex.org/W7147155338,2026-07,2026-07-28
W7166461150,Maitrisimit ve Daśakarmapathāvadānamālā Metninde Yer Alan Sanskritçe Kelimelerin Yazım Farklılıklarının Sebebi,2026,article,Marmara Türkiyat araştırmaları dergisi,https://doi.org/10.16985/mtad.1753046,C3,print,external,ambiguous probe only: mw-full,mw-full,,0,https://openalex.org/W7166461150,2026-07,2026-07-28
W7169669019,Monier-Williams Sanskrit-English Dictionary — Cologne Digital Edition,2026,software,Open MIND,https://doi.org/10.5281/zenodo.21429504,C3,print,internal,ambiguous probe only: mw-full,mw-full,,0,https://openalex.org/W7169669019,2026-07,2026-07-28
W7169671345,Monier-Williams Sanskrit-English Dictionary — Cologne Digital Edition,2026,software,Zenodo (CERN European Organization for Nuclear Research),https://doi.org/10.5281/zenodo.21429505,C3,print,internal,ambiguous probe only: mw-full,mw-full,,0,https://openalex.org/W7169671345,2026-07,2026-07-28
W7169862818,Monier-Williams Sanskrit-English Dictionary — Cologne Digital Edition,2026,software,Zenodo (CERN European Organization for Nuclear Research),https://doi.org/10.5281/zenodo.21476538,C3,print,internal,ambiguous probe only: mw-full,mw-full,,0,https://openalex.org/W7169862818,2026-07,2026-07-28
W7171423357,Monier-Williams Sanskrit-English Dictionary — Cologne Digital Edition,2026,software,Zenodo (CERN European Organization for Nuclear Research),https://doi.org/10.5281/zenodo.21632064,C3,print,internal,ambiguous probe only: mw-full,mw-full,,0,https://openalex.org/W7171423357,2026-07,2026-07-28
W7134908566,Saving Those in Need: The Nirvana Sutra’s Contribution to Pure Land Thought,2026,article,Religions,https://doi.org/10.3390/rel17030346,C3,print,external,ambiguous probe only: mw-full,mw-full,,1,https://openalex.org/W7134908566,2026-07,2026-07-28
W7118075070,Two kinds of consciousnesses in the Laṅkāvatārasūtra: A reexamination of the Sanskrit manuscripts and commentaries,2026,article,Journal of Indian Philosophy,https://doi.org/10.1007/s10781-025-09619-6,C3,print,external,ambiguous probe only: ap90-title,ap90-title,,0,https://openalex.org/W7118075070,2026-07,2026-07-28
W7164485767,Understanding Talu as Udakavaha Srotomula w.s.r.to Sadyomarana as a Viddha lakshana,2026,article,INTERNATIONAL JOURNAL OF CREATIVE RESEARCH THOUGHTS,https://doi.org/10.56975/ijcrt.v14i6.310156,C3,print,external,ambiguous probe only: ap90-title,ap90-title,,0,https://openalex.org/W7164485767,2026-07,2026-07-28
W7169545892,धरमशसतर आचरसय वशषटयम,2026,article,International Journal of Sanskrit Research,https://doi.org/10.22271/23947519.2026.v12.i3d.3190,C3,print,external,ambiguous probe only: ap90-title,ap90-title,,0,https://openalex.org/W7169545892,2026-07,2026-07-28
W7130513004,“Dissection” without Knife – The Two Systems of Anatomical and Medical Knowledge,2026,article,Biomedical Journal of Scientific & Technical Research,https://doi.org/10.26717/bjstr.2026.64.010088,C3,print,external,ambiguous probe only: ap90-title,ap90-title,,0,https://openalex.org/W7130513004,2026-07,2026-07-28
W4413853147,,2025,paratext,International Journal of Sanskrit Research,https://doi.org/10.22271/23947519.2025.v11.i4.g,C3,print,external,ambiguous probe only: ap90-title,ap90-title,,0,https://openalex.org/W4413853147,2026-07,2026-07-28
W4413261007,3.Daivavyapāśrayacikitsā in Āyurveda with A Special Reference to Śātātapīyasmṛt,2025,conference-paper,CATURTHAṂ VIŚVA VEDA VIJÑĀNA SAMMELANAM,https://doi.org/10.71412/iks0015.3,C3,print,external,ambiguous probe only: ap90-title,ap90-title,,0,https://openalex.org/W4413261007,2026-07,2026-07-28
W7115034983,A Confluence of Waves: Beauty and Devotion in Jagannātha Paṇḍitarāja’s Karuṇālaharī,2025,dissertation,eScholarship@McGill (McGill),,C3,print,external,ambiguous probe only: mw-full,mw-full,,0,https://openalex.org/W7115034983,2026-07,2026-07-28
W4413211076,A Literary Study on Cosmetic Care with special emphasis on Varnya Bhava as mentioned in Charaka Samhita - Protocol Study,2025,article,Journal of Ayurveda and Integrated Medical Sciences,https://doi.org/10.21760/jaims.10.7.12,C3,print,external,"ambiguous probe only: ap90-title, mw-full",ap90-title;mw-full,,0,https://openalex.org/W4413211076,2026-07,2026-07-28
W4415440123,A study on the development of the validated Asthi Sara Assessment Inventory (ASAI),2025,article,International Journal of Ayurvedic Medicine,https://doi.org/10.47552/ijam.v16i3.5754,C3,print,external,ambiguous probe only: mw-full,mw-full,,0,https://openalex.org/W4415440123,2026-07,2026-07-28
W4409519141,AYURVEDIC MANAGEMENT OF ACUTE FISSURE-IN-ANO- A CASE SERIES,2025,article,Kerala Journal of Ayurveda,https://doi.org/10.55718/kja.397,C3,print,external,ambiguous probe only: mw-full,mw-full,,0,https://openalex.org/W4409519141,2026-07,2026-07-28
W4414883880,Ancient time-&amp;amp; space; periodisation; Sanatan vigyan via indo archaeology,2025,article,International Journal of History,https://doi.org/10.22271/27069109.2025.v7.i10a.532,C3,print,external,ambiguous probe only: ap90-title,ap90-title,,0,https://openalex.org/W4414883880,2026-07,2026-07-28
W7125811770,Angels and rogues: Boccaccio’s Decameron 9.3 and its biblical and South Asian intertexts,2025,article,postmedieval a journal of medieval cultural studies,https://doi.org/10.1057/s41280-025-00400-2,C3,print,external,ambiguous probe only: ap90-title,ap90-title,,0,https://openalex.org/W7125811770,2026-07,2026-07-28
W4407971597,BUDDHIDHRUK FUNCTION OF PRANAVAYU : A LITERARY REVIEW,2025,article,Journal of Bio Innovation,https://doi.org/10.46344/jbino.2025.v14i01.14,C3,print,external,ambiguous probe only: mw-full,mw-full,,0,https://openalex.org/W4407971597,2026-07,2026-07-28
W4415481801,Critical Analysis of Bhutasamkhya Evidences in the Indian Alchemical Text: Rasatarangini,2025,article,Journal of Ayurveda and Holistic medicine.,https://doi.org/10.70066/jahm.v13i9.2185,C3,print,external,ambiguous probe only: mw-full,mw-full,,0,https://openalex.org/W4415481801,2026-07,2026-07-28
W4415481793,Critical scoping review of Trividha Jnanopaya in relation to Modern Pedagogical Approaches,2025,article,Journal of Ayurveda and Holistic medicine.,https://doi.org/10.70066/jahm.v13i9.2228,C3,print,external,ambiguous probe only: ap90-title,ap90-title,,0,https://openalex.org/W4415481793,2026-07,2026-07-28
W7125716269,Cultural significance of childhood Saṁskāras in Gṛhyasūtras,2025,article,International Journal of History,https://doi.org/10.22271/27069109.2025.v7.i2a.628,C3,print,external,ambiguous probe only: ap90-title,ap90-title,,0,https://openalex.org/W7125716269,2026-07,2026-07-28
W4416023192,"Dharma, Rule of Law and the Indian Constitution: Ancient Foundations of Legal Order",2025,article,International Journal For Multidisciplinary Research,https://doi.org/10.36948/ijfmr.2025.v07i05.59343,C3,print,external,ambiguous probe only: mw-full,mw-full,,0,https://openalex.org/W4416023192,2026-07,2026-07-28
W4416572159,Divine and Demonic Attributes in the Bhagavad Gita: Literal and Reflective Interpretation,2025,article,Interdisciplinary Research in Education,https://doi.org/10.3126/ire.v10i1.86750,C3,print,external,ambiguous probe only: ap90-title,ap90-title,,0,https://openalex.org/W4416572159,2026-07,2026-07-28
W4412706011,Existence and Importance of Kumbh-Parva in the Vedas,2025,article,International Journal of Ayurvedic Medicine,https://doi.org/10.47552/ijam.v16is1.5985,C3,print,external,ambiguous probe only: mw-full,mw-full,,0,https://openalex.org/W4412706011,2026-07,2026-07-28
W4409911228,Exploring Four Block-Printed Indic Script Mahāpratisarā Dhāraṇī (Chinese: 大隨求陀羅尼) Amulets Discovered in China,2025,preprint,Preprints.org,https://doi.org/10.20944/preprints202503.1709.v3,C3,print,external,ambiguous probe only: ap90-title,ap90-title,,0,https://openalex.org/W4409911228,2026-07,2026-07-28
W4413477446,Exploring Varnya Dravyas (Skin-Beneficial Herbs) for the Development of Ayurvedic Cosmeceuticals,2025,article,International Journal of Research Publication and Reviews,https://doi.org/10.55248/gengpi.6.0825.2826,C3,print,external,ambiguous probe only: ap90-title,ap90-title,,0,https://openalex.org/W4413477446,2026-07,2026-07-28
W7118178247,Gaṇapativyāsa\'s Yogasamuccya as a Śāstra-Kāvya and the author\'s mastery of prosody and rhetoric,2025,article,International Journal of Sanskrit Research,https://doi.org/10.22271/23947519.2025.v11.i6i.2932,C3,print,external,ambiguous probe only: ap90-title,ap90-title,,0,https://openalex.org/W7118178247,2026-07,2026-07-28
W4414208040,Historical Evolution and Cultural Significance of Nabahī in Kathmandu,2025,article,Journal of Buddhist Studies (T U ),https://doi.org/10.3126/jbuddhists.v2i2.84089,C3,print,external,ambiguous probe only: ap90-title,ap90-title,,0,https://openalex.org/W4414208040,2026-07,2026-07-28
W4412881785,Listening <i>for</i> and <i>to</i> survivors of sexual abuse and misconduct in Buddhism,2025,article,Religion,https://doi.org/10.1080/0048721x.2025.2538957,C3,print,external,ambiguous probe only: ap90-title,ap90-title,,0,https://openalex.org/W4412881785,2026-07,2026-07-28
W7124592173,MODERNIZING THE TRADITION OF DHUMAPANA BY NEBULIZATION IN RESPIRATORY DISORDERS: A REVIEW ARTICLE,2025,article,International Journal of Research in Ayurveda and Pharmacy,https://doi.org/10.7897/2277-4343.166229,C3,print,external,ambiguous probe only: ap90-title,ap90-title,,1,https://openalex.org/W7124592173,2026-07,2026-07-28
W7119471313,Mantra dalam Dua Prasasti Timah Koleksi Rumah Menapo Jambi: Indikasi Praktik Ritual Masyarakat Sumatra Kuno,2025,article,AMERTA,https://doi.org/10.55981/amt.2025.5675,C3,print,external,ambiguous probe only: ap90-title,ap90-title,,0,https://openalex.org/W7119471313,2026-07,2026-07-28
W4412813066,Māyājāla – sūtra–a Unique Text of the Gilgit Dīrghāgama,2025,book,,https://doi.org/10.1007/978-3-662-71471-3,C3,print,external,ambiguous probe only: mw-full,mw-full,,0,https://openalex.org/W4412813066,2026-07,2026-07-28
W4407546467,NEGATIVE BI IN ROMANI . INDIC AND IRANIAN CONNECTIONS,2025,article,Bucharest Working Papers in Linguistics,https://doi.org/10.31178/bwpl.26.2.4,C3,print,external,ambiguous probe only: ap90-title,ap90-title,,0,https://openalex.org/W4407546467,2026-07,2026-07-28
W4414767340,Narad Muni: the first journalist in mythology and media discourse,2025,article,International Journal For Multidisciplinary Research,https://doi.org/10.36948/ijfmr.2025.v07i05.56867,C3,print,external,ambiguous probe only: ap90-title,ap90-title,,0,https://openalex.org/W4414767340,2026-07,2026-07-28
W4416263555,Parikartika – An Ayurvedic Review,2025,article,International Journal For Multidisciplinary Research,https://doi.org/10.36948/ijfmr.2025.v07i06.59539,C3,print,external,ambiguous probe only: mw-full,mw-full,,0,https://openalex.org/W4416263555,2026-07,2026-07-28
W4413853140,Regarding the search for the location of the Sarasvatī River,2025,article,International Journal of Sanskrit Research,https://doi.org/10.22271/23947519.2025.v11.i4g.2771,C3,print,external,ambiguous probe only: ap90-title,ap90-title,,0,https://openalex.org/W4413853140,2026-07,2026-07-28
W4412683707,Regarding the search for the territory described in the hymns of the Rigveda,2025,article,International Journal of Sanskrit Research,https://doi.org/10.22271/23947519.2025.v11.i4c.2727,C3,print,external,ambiguous probe only: ap90-title,ap90-title,,0,https://openalex.org/W4412683707,2026-07,2026-07-28
W4410457337,Rule-Based Sanskrit Parser from Paninis Astadhyayi,2025,article,International Journal for Research in Applied Science and Engineering Technology,https://doi.org/10.22214/ijraset.2025.70914,C3,digital,external,ambiguous probe only: ambuda,ambuda,,0,https://openalex.org/W4410457337,2026-07,2026-07-28
W7133546600,Systematic review of the Lancet Commission on Global Surgery indicators with quality assessment of modelled estimates,2025,review,British journal of surgery,https://doi.org/10.1093/bjs/znaf289,C3,digital,external,ambiguous probe only: ambuda,ambuda,,3,https://openalex.org/W7133546600,2026-07,2026-07-28
W4416021661,The Hemostatic Potential of Shonitasthapana Mahakashaya: A Scientific Appraisal Bridging Ayurvedic Principles with Modern Pharmacology,2025,article,International Journal For Multidisciplinary Research,https://doi.org/10.36948/ijfmr.2025.v07i06.57750,C3,print,external,ambiguous probe only: ap90-title,ap90-title,,0,https://openalex.org/W4416021661,2026-07,2026-07-28
W4416844448,The Puzzle of Words: Discovering Semantic Change in Malay–Sanskrit Loanwords Shared With Thai,2025,article,Theory and Practice in Language Studies,https://doi.org/10.17507/tpls.1512.34,C3,print,external,ambiguous probe only: ap90-title,ap90-title,,0,https://openalex.org/W4416844448,2026-07,2026-07-28
W4408622220,"The revision and clarification of the use words denoting the terms: ‘Moon’, ‘Month’, ‘Sun’, ‘Earth’ and the Verb ‘To be born’ in Vedic Sanskrit",2025,article,International Journal of Sanskrit Research,https://doi.org/10.22271/23947519.2025.v11.i2a.2580,C3,print,external,ambiguous probe only: ap90-title,ap90-title,,0,https://openalex.org/W4408622220,2026-07,2026-07-28
W4412641669,Translation as Pedagogy: Dharmagupta’s Didactic Rendering of the Diamond Sutra (Vajracchedikā-Prajñāpāramitā-Sūtra) and Sanskrit Instruction in the Sui–Tang Period,2025,article,Religions,https://doi.org/10.3390/rel16080959,C3,print,external,ambiguous probe only: mw-full,mw-full,,0,https://openalex.org/W4412641669,2026-07,2026-07-28
W4414828461,UNDERSTANDING PRAKRITI: THE FOUNDATION OF PERSONALISED AYURVEDIC HEALTH,2025,article,International Ayurvedic Medical Journal,https://doi.org/10.46607/iamj1213082025,C3,print,external,ambiguous probe only: mw-full,mw-full,,0,https://openalex.org/W4414828461,2026-07,2026-07-28
W4410572759,comprehensive literary exploration of synonyms of Agni and their conceptual significance,2025,article,Journal of Ayurveda and Holistic medicine.,https://doi.org/10.70066/jahm.v13i4.1748,C3,print,external,ambiguous probe only: ap90-title,ap90-title,,0,https://openalex.org/W4410572759,2026-07,2026-07-28
W7151543570,ಬದಧಧಮಮದ ಇತಹಸ ಮತತ ಸಸಕøತಕ ಪರಪರ ಕರತ ವಮರಶತಮಕ ವಶಲಷಣ,2025,article,International Journal of Kannada Research,https://doi.org/10.22271/24545813.2025.v11.i4b.1220,C3,print,external,ambiguous probe only: mw-full,mw-full,,0,https://openalex.org/W7151543570,2026-07,2026-07-28
W4409237306,“Fulfilling My Perfection of Morality”: The Origin and Development of the Concept śīla-pāramitā (Part 1),2025,article,Journal of Indian Philosophy,https://doi.org/10.1007/s10781-024-09592-6,C3,print,external,ambiguous probe only: mw-full,mw-full,,0,https://openalex.org/W4409237306,2026-07,2026-07-28
W4405231060,A COMPARATIVE EXPLORATION OF GARBHOPANISHAD IN THE PURVIEW OF THE BRIHATRAYEE: A REVIEW,2024,article,International Journal of Research in Ayurveda and Pharmacy,https://doi.org/10.7897/2277-4343.155176,C3,print,external,ambiguous probe only: mw-full,mw-full,,2,https://openalex.org/W4405231060,2026-07,2026-07-28
W4392867365,A review article on Katrigraha vis-à-vis Mechanical low back pain and its management through Ayurveda,2024,article,Journal of Ayurveda and Integrated Medical Sciences,https://doi.org/10.21760/jaims.9.1.18,C3,print,external,ambiguous probe only: mw-full,mw-full,,1,https://openalex.org/W4392867365,2026-07,2026-07-28
W7123353574,Beyond Time and Space: Exploring the Soul of IndianClassicalLiterature,2024,article,International Journal of Research Publication and Reviews,https://doi.org/10.55248/gengpi.05.0324.0101,C3,print,external,ambiguous probe only: ap90-title,ap90-title,,0,https://openalex.org/W7123353574,2026-07,2026-07-28
W4401180564,In Some Ways: Syādvāda as the Synthesis of Anekāntavāda and Nayavāda in Akalaṅka’s Philosophical Treatises,2024,article,Journal of Indian Philosophy,https://doi.org/10.1007/s10781-024-09575-7,C3,print,external,ambiguous probe only: ap90-title,ap90-title,,1,https://openalex.org/W4401180564,2026-07,2026-07-28
W4391841208,Kṛṣṇa the Magician: metapoesis and ambivalence in Faiḍī's <i>Mahābhārat</i>,2024,article,Journal of the Royal Asiatic Society,https://doi.org/10.1017/s1356186323000639,C3,print,external,ambiguous probe only: mw-full,mw-full,,2,https://openalex.org/W4391841208,2026-07,2026-07-28
W4403381364,Re-writing History and Myth as Re-creating Identities: A Study of Jibanananda Das’s Narrative Technique,2024,article,New Literaria,https://doi.org/10.48189/nl.2024.v05i2.007,C3,print,external,ambiguous probe only: ap90-title,ap90-title,,0,https://openalex.org/W4403381364,2026-07,2026-07-28
W4403105712,Semantic Change in PL-SKT Loanwords and Figures of Speech Used in the Tai Epic Thao Hung or Cheuang,2024,article,Theory and Practice in Language Studies,https://doi.org/10.17507/tpls.1410.12,C3,print,external,ambiguous probe only: ap90-title,ap90-title,,0,https://openalex.org/W4403105712,2026-07,2026-07-28
W4400935643,Shattering the Crown of the God,2024,article,Cracow Indological Studies,https://doi.org/10.12797/cis.26.2024.02.05,C3,print,external,ambiguous probe only: ap90-title,ap90-title,,1,https://openalex.org/W4400935643,2026-07,2026-07-28
W4412843054,"The Incarnation of Matsya of Lord Vishnu and Denotation to The Mythology, Symbolism of Ecological Study and Legacy of Hinduism",2024,article,Educational Administration Theory and Practice,https://doi.org/10.53555/kuey.v30i1.10595,C3,print,external,ambiguous probe only: mw-full,mw-full,,0,https://openalex.org/W4412843054,2026-07,2026-07-28
W4405480038,The Neonatal Rites in the Paippalāda Śākhā: The Jātakarmādyannaprāśanāntakarmāṇi Section in the Karmapañjikā,2024,book-chapter,Studies in the Atharvaveda,https://doi.org/10.1515/9783111244433-017,C3,print,external,ambiguous probe only: mw-full,mw-full,,0,https://openalex.org/W4405480038,2026-07,2026-07-28
W7112308395,The Psychological Benefits and Risks of Emptiness: Reflections of a Second Century Buddhist Philosopher in Contemporary Psychology,2024,dissertation,Digital Access to Scholarship at Harvard (DASH) (Harvard University),,C3,print,external,ambiguous probe only: ap90-title,ap90-title,,0,https://openalex.org/W7112308395,2026-07,2026-07-28
W4405480120,The Śaunaka and the Paippalāda Śākhās of the Atharvaveda,2024,book-chapter,Studies in the Atharvaveda,https://doi.org/10.1515/9783111244433-015,C3,print,external,ambiguous probe only: ap90-title,ap90-title,,0,https://openalex.org/W4405480120,2026-07,2026-07-28
W4405186146,Understanding of Body Dysmorphic Disorder - An Ayurvedic conceptual study,2024,article,Journal of Ayurveda and Integrated Medical Sciences,https://doi.org/10.21760/jaims.9.9.33,C3,print,external,ambiguous probe only: ap90-title,ap90-title,,0,https://openalex.org/W4405186146,2026-07,2026-07-28
W4400294076,"Unraveling Prapañca: A Yogācāra Examination of Consciousness, Language, and Liberation in the Laṅkāvatāra Sūtra",2024,article,Religions,https://doi.org/10.3390/rel15070795,C3,print,external,ambiguous probe only: ap90-title,ap90-title,,0,https://openalex.org/W4400294076,2026-07,2026-07-28
W4395452881,Vedic Yajna: A Green Literature Practice,2024,book-chapter,GENDER ROLES AND GREEN CONCEPTS: PATHWAYS TO ENVIRONMENTAL STAINABILITY VOLUME - 1,https://doi.org/10.31995/book.ab302-f24.chapter15,C3,print,external,ambiguous probe only: mw-full,mw-full,,0,https://openalex.org/W4395452881,2026-07,2026-07-28
W4403402691,"Śvetāśvatara-Upaniṣad 1.1-16 / Translation from Sanskrit, Introductory Article and Commentaries by Yu. Zavhorodnii",2024,article,The World of the Orient,https://doi.org/10.15407/orientw2024.03.292,C3,print,external,ambiguous probe only: ap90-title,ap90-title,,0,https://openalex.org/W4403402691,2026-07,2026-07-28
W4367676902,An ayurvedic management of Tamakshwasa with special reference to bronchial asthma: A case study,2023,article,World Journal of Advanced Research and Reviews,https://doi.org/10.30574/wjarr.2023.18.1.0730,C3,print,external,ambiguous probe only: ap90-title,ap90-title,,0,https://openalex.org/W4367676902,2026-07,2026-07-28
W4385180170,An ayurvedic management of Tamakshwasa with special reference to bronchial asthma: A case study,2023,article,Zenodo (CERN European Organization for Nuclear Research),https://doi.org/10.5281/zenodo.8179216,C3,print,external,ambiguous probe only: ap90-title,ap90-title,,0,https://openalex.org/W4385180170,2026-07,2026-07-28
W4389558850,Balancing the Poles of the Seesaw: The Parallel Paths of Eckhart and Hindu Vedānta toward Oneness with God/Brahman,2023,article,Religions,https://doi.org/10.3390/rel14121529,C3,print,external,ambiguous probe only: mw-full,mw-full,,1,https://openalex.org/W4389558850,2026-07,2026-07-28
W4386262157,COMMENTARY DISCUSSION AROUND THE CONCEPT OF RASA IN THE RASA SLOKA FROM ABGINAVABHARATA'S COMMENTARY ON BHAGARATAMUNI'S NATYASHASTRA TREATISE,2023,article,Visnyk of the Lviv University,https://doi.org/10.30970/pps.2023.48.20,C3,print,external,ambiguous probe only: mw-full,mw-full,,0,https://openalex.org/W4386262157,2026-07,2026-07-28
W4386565472,Contribution of Harita in Shalakya Tantra,2023,article,International Journal of Ayurveda and Pharma Research,https://doi.org/10.47070/ijapr.v11i7.2882,C3,print,external,ambiguous probe only: ap90-title,ap90-title,,0,https://openalex.org/W4386565472,2026-07,2026-07-28
W4388101490,Development and validation of Ayurveda based assessment scale for anxiety,2023,article,Journal of Ayurveda and Integrative Medicine,https://doi.org/10.1016/j.jaim.2023.100765,C3,print,external,ambiguous probe only: mw-full,mw-full,,7,https://openalex.org/W4388101490,2026-07,2026-07-28
W4389793954,Guys Who Bond,2023,article,Cracow Indological Studies,https://doi.org/10.12797/cis.25.2023.01.11,C3,print,external,ambiguous probe only: mw-full,mw-full,,0,https://openalex.org/W4389793954,2026-07,2026-07-28
W4385386423,Hindu mathematics in Vedic period,2023,article,International Journal of Statistics and Applied Mathematics,https://doi.org/10.22271/maths.2023.v8.i4sd.1079,C3,print,external,ambiguous probe only: ap90-title,ap90-title,,0,https://openalex.org/W4385386423,2026-07,2026-07-28
W4386807176,Iconographical significance of the deity sarasvatī in Buddhism and Jainism,2023,article,International Journal of Sanskrit Research,https://doi.org/10.22271/23947519.2023.v9.i5a.2204,C3,print,external,ambiguous probe only: ap90-title,ap90-title,,0,https://openalex.org/W4386807176,2026-07,2026-07-28
W4389082932,Interpretative Assessment of Smriti w.s.r.to Mana and Buddhi in Ayurvedic Classical Texts,2023,article,International Journal of Ayurveda and Pharma Research,https://doi.org/10.47070/ijapr.v11i10.3000,C3,print,external,ambiguous probe only: mw-full,mw-full,,1,https://openalex.org/W4389082932,2026-07,2026-07-28
W4376644330,Is There a Root of Being? Indic Philosophies and the Parmenidean Problem,2023,article,Religions,https://doi.org/10.3390/rel14050660,C3,print,external,ambiguous probe only: ap90-title,ap90-title,,0,https://openalex.org/W4376644330,2026-07,2026-07-28
W4387702526,"Liminal Spaces, and Identity Transformations in South Asian Literatures and Arts",2023,book,,https://doi.org/10.54103/consonanze.139,C3,print,external,ambiguous probe only: mw-full,mw-full,,0,https://openalex.org/W4387702526,2026-07,2026-07-28
W4403959431,Notes,2023,paratext,Hailing the State,https://doi.org/10.1515/9781478093589-012,C3,print,external,ambiguous probe only: mw-full,mw-full,,0,https://openalex.org/W4403959431,2026-07,2026-07-28
W4382561465,"Nāgārjuna, Madhyamaka, and truth",2023,article,Asian Journal of Philosophy,https://doi.org/10.1007/s44204-023-00088-w,C3,print,external,ambiguous probe only: ap90-title,ap90-title,,0,https://openalex.org/W4382561465,2026-07,2026-07-28
W4386801790,PATHOLOGICAL ASPECT OF GULMA - CONCEPTUAL FRAMEWORK,2023,article,International Ayurvedic Medical Journal,https://doi.org/10.46607/iamj1311092023,C3,print,external,ambiguous probe only: ap90-title,ap90-title,,0,https://openalex.org/W4386801790,2026-07,2026-07-28
W4389057546,Ritual Action and Its Consequences: Libai (Ritualized Prostration) in Medieval Daoist Rituals,2023,article,Religions,https://doi.org/10.3390/rel14121468,C3,print,external,ambiguous probe only: ap90-title,ap90-title,,0,https://openalex.org/W4389057546,2026-07,2026-07-28
W4388212801,Rudra’s Involvement in Ambā’s Liminal Ascetic Path,2023,book-chapter,"Liminal Spaces, and Identity Transformations in South Asian Literatures and Arts",https://doi.org/10.54103/milanoup.139.c165,C3,print,external,ambiguous probe only: mw-full,mw-full,,0,https://openalex.org/W4388212801,2026-07,2026-07-28
W4387453997,Sanātana Vijñāna &amp; Warangal Fort,2023,article,Historical Journal,https://doi.org/10.3126/hj.v14i2.59048,C3,print,external,ambiguous probe only: ap90-title,ap90-title,,0,https://openalex.org/W4387453997,2026-07,2026-07-28
W4367692568,Search Engine on Vedas,2023,article,International Journal of Scientific Research in Computer Science Engineering and Information Technology,https://doi.org/10.32628/cseit2390242,C3,print,external,ambiguous probe only: ap90-title,ap90-title,,1,https://openalex.org/W4367692568,2026-07,2026-07-28
W4323365556,"Spiritualism Seeks Sword for Self Defense Konark, World Heritage Site: Hieroglyphics – Katha",2023,article,Historical Journal,https://doi.org/10.3126/hj.v14i1.52956,C3,print,external,ambiguous probe only: ap90-title,ap90-title,,0,https://openalex.org/W4323365556,2026-07,2026-07-28
W4388776132,Theory of sāmarthya in Indian grammatical tradition: The foundation of universal semantic representation,2023,article,International Journal of Sanskrit Research,https://doi.org/10.22271/23947519.2023.v9.i6a.2235,C3,print,external,ambiguous probe only: ap90-title,ap90-title,,0,https://openalex.org/W4388776132,2026-07,2026-07-28
W4388214325,"Voices From the Stone, Figures on the Stage. The Development of Avadhāna and Avadhānī’s Identity",2023,book-chapter,"Liminal Spaces, and Identity Transformations in South Asian Literatures and Arts",https://doi.org/10.54103/consonanze.139.c173,C3,print,external,ambiguous probe only: mw-full,mw-full,,0,https://openalex.org/W4388214325,2026-07,2026-07-28
W4381996961,What are the “Purposes” of Buddhist Sūtras? From Vasubandhu’s Logic of Exegesis (Vyākhyāyukti),2023,article,Journal of Indian Philosophy,https://doi.org/10.1007/s10781-023-09542-8,C3,print,external,ambiguous probe only: ap90-title,ap90-title,,0,https://openalex.org/W4381996961,2026-07,2026-07-28
W4389031884,‘The Lamp that Illumines the Past’: Sanskrit Kāvya and the Writing of History in Early India,2023,article,Indian Historical Review,https://doi.org/10.1177/03769836231211002,C3,print,external,ambiguous probe only: ap90-title,ap90-title,,0,https://openalex.org/W4389031884,2026-07,2026-07-28
W4214948101,A Critical Review on Tamaka Shwasa (Bronchial Asthma),2022,article,International Research Journal of Ayurveda & Yoga,https://doi.org/10.47223/irjay.2022.5216,C3,print,external,ambiguous probe only: ap90-title,ap90-title,,0,https://openalex.org/W4214948101,2026-07,2026-07-28
W4283590436,Can We Shift from Dalit to Bahujan?: Some Considerations,2022,article,Zenodo (CERN European Organization for Nuclear Research),https://doi.org/10.5281/zenodo.6758217,C3,print,external,ambiguous probe only: ap90-title,ap90-title,,0,https://openalex.org/W4283590436,2026-07,2026-07-28
W4404343916,Classical Review on Asthikshaya and Its Chikitsa,2022,article,International Journal of Science and Research (IJSR),https://doi.org/10.21275/mr22503154411,C3,print,external,ambiguous probe only: mw-full,mw-full,,0,https://openalex.org/W4404343916,2026-07,2026-07-28
W4285172078,Classification of KushthaAccording to Acharyas: A Review,2022,article,International Research Journal of Ayurveda &amp; Yoga,https://doi.org/10.47223/irjay.2022.5615,C3,print,external,ambiguous probe only: ap90-title,ap90-title,,0,https://openalex.org/W4285172078,2026-07,2026-07-28
W4319239192,Comparative pharmaceutical and analytical study of Kasisadi Ghrita prepared by two different methods,2022,article,Journal of Ayurveda and Integrated Medical Sciences,https://doi.org/10.21760/jaims.7.10.19,C3,print,external,ambiguous probe only: mw-full,mw-full,,2,https://openalex.org/W4319239192,2026-07,2026-07-28
W4309090575,"Hindu Deities in the Flesh: “Hot” Emotions, Sensual Interactions, and (Syn)aesthetic Blends",2022,article,Religions,https://doi.org/10.3390/rel13111045,C3,print,external,ambiguous probe only: mw-full,mw-full,,15,https://openalex.org/W4309090575,2026-07,2026-07-28
W4375949559,History behind the praising words of the learned. An annotated translation of the Patiṟṟuppattu and the political geography of the early Cēra kingdom,2022,dissertation,Eötvös Loránd Tudományegyetem,https://doi.org/10.15476/elte.2022.189,C3,print,external,ambiguous probe only: ap90-title,ap90-title,,0,https://openalex.org/W4375949559,2026-07,2026-07-28
W4385368264,"How Do the Cārvākas/Lokāyatas Fit into Udayana’s Statement of Universal Worship? On Nyāya-kusumâñjali 17,3: loka-vyavahāra-siddha iti cārvākāḥ",2022,article,Acta Asiatica Varsoviensia,https://doi.org/10.60018/acasva.oxon6315,C3,print,external,ambiguous probe only: ap90-title,ap90-title,,0,https://openalex.org/W4385368264,2026-07,2026-07-28
W4281692938,Pañcatantra: cinco tratados : livros II e III,2022,book,,https://doi.org/10.11606/9786587621968,C3,print,external,ambiguous probe only: ap90-title,ap90-title,,0,https://openalex.org/W4281692938,2026-07,2026-07-28
W4282025591,Pañcatantra: cinco tratados : livros IV e V,2022,book,,https://doi.org/10.11606/9786587621975,C3,print,external,ambiguous probe only: ap90-title,ap90-title,,0,https://openalex.org/W4282025591,2026-07,2026-07-28
W4300753172,SPIRITUAL AND RELIGIOUS PRACTICES IN THE CONTEXT OF DISPOSAL OF THE DEAD AND ITS IMPACT; A PERSPECTIVE,2022,article,PARIPEX-INDIAN JOURNAL OF RESEARCH,https://doi.org/10.36106/paripex/1008818,C3,print,external,ambiguous probe only: mw-full,mw-full,,0,https://openalex.org/W4300753172,2026-07,2026-07-28
W4220838954,Sanskrit and the <i>labour of gender</i> in early modern South India,2022,article,Modern Asian Studies,https://doi.org/10.1017/s0026749x21000640,C3,print,external,ambiguous probe only: ap90-title,ap90-title,,6,https://openalex.org/W4220838954,2026-07,2026-07-28
W4312759430,Signs and Differentiation: jaLand paaNiin Gujarati,2022,article,Sanglap Journal of Literary and Cultural Inquiry,https://doi.org/10.35684/jlci.2022.9106,C3,print,external,ambiguous probe only: ap90-title,ap90-title,,0,https://openalex.org/W4312759430,2026-07,2026-07-28
W4298003296,"The Partition of India, Bengali “New Jews,” and Refugee Democracy: Transnational Horizons of Indian Refugee Political Discourse",2022,article,Itinerario,https://doi.org/10.1017/s0165115322000092,C3,print,external,ambiguous probe only: mw-full,mw-full,,3,https://openalex.org/W4298003296,2026-07,2026-07-28
W4388422180,The notion of atiśaya in Sanskrit literary theory,2022,article,Rocznik Orientalistyczny/Yearbook of Oriental Studies,https://doi.org/10.24425/ro.2022.141416,C3,print,external,ambiguous probe only: mw-full,mw-full,,0,https://openalex.org/W4388422180,2026-07,2026-07-28
W4295350402,कषठमणडपभतर रहक परतमहरक ववदबर वशलषणतमक अधययन{An Analytical Study of the Controversy of the Images Inside the Kastamandapa},2022,article,Patan Prospective Journal,https://doi.org/10.3126/ppj.v2i1.48334,C3,print,external,ambiguous probe only: ap90-title,ap90-title,,0,https://openalex.org/W4295350402,2026-07,2026-07-28
W4288071608,‘HUMAN’: LINGUISTIC STUDIES IN THE EMERGENCE AND ORAL COMMUNICATION OF A CONCEPT. RECONSTRUCTED ROOTS OF THE PREHISTORIC LANGUAGE CONTACT SITUATION AND CONTINUITY AS REFLEXES IN HISTORICAL LANGUAGES ACROSS LANGUAGE FAMILIES,2022,article,Dialectologia,https://doi.org/10.1344/dialectologia2022.29.4,C3,print,external,ambiguous probe only: ap90-title,ap90-title,,0,https://openalex.org/W4288071608,2026-07,2026-07-28
W4200619948,10 Tools of Economic Connectivity in Early Historic South Asia,2021,book-chapter,Handbook of Ancient Afro-Eurasian Economies,https://doi.org/10.1515/9783110607642-015,C3,print,external,ambiguous probe only: ap90-title,ap90-title,,3,https://openalex.org/W4200619948,2026-07,2026-07-28
W4206329867,A CASE REPORT ON THE ROLE OF PATRAPOTTALI SWEDA IN THE MANAGEMENT OF AVABAHUKA,2021,article,International Ayurvedic Medical Journal,https://doi.org/10.46607/iamj16p5052021,C3,print,external,ambiguous probe only: mw-full,mw-full,,1,https://openalex.org/W4206329867,2026-07,2026-07-28
W3143419632,"Gendering the Sabarimala Conundrum: Female Body, Sexuality and Desire in the Sanskritic Brahmanic Tradition",2021,article,Orientalistica,https://doi.org/10.31696/2618-7043-2021-4-1-233-241,C3,print,external,ambiguous probe only: mw-full,mw-full,,0,https://openalex.org/W3143419632,2026-07,2026-07-28
W4200530173,HINDU COSMOLOGY IN THE LIGHT OF MODERN PSYCHOLOG,2021,article,International Journal of Theology Philosophy and Science,https://doi.org/10.26520/ijtps.201.5.9.19-52,C3,print,external,ambiguous probe only: mw-full,mw-full,,0,https://openalex.org/W4200530173,2026-07,2026-07-28
W4385391717,Herbal Formulations as Lepa (External Application) in Vyanga - A Review,2021,article,International Journal of Ayurveda and Pharma Research,https://doi.org/10.47070/ijapr.v9i10.2021,C3,print,external,ambiguous probe only: ap90-title,ap90-title,,0,https://openalex.org/W4385391717,2026-07,2026-07-28
W4318000440,Parikartika: A literary review based on various ancient classical ayurvedic lexicons,2021,article,International Journal of Unani and Integrative Medicine,https://doi.org/10.33545/2616454x.2021.v5.i2b.173,C3,print,external,ambiguous probe only: mw-full,mw-full,,1,https://openalex.org/W4318000440,2026-07,2026-07-28
W3201095184,Reconstructing Pure Land Buddhist Architecture in Ancient East Asia,2021,article,Religions,https://doi.org/10.3390/rel12090764,C3,print,external,ambiguous probe only: ap90-title,ap90-title,,9,https://openalex.org/W3201095184,2026-07,2026-07-28
W3201555035,Semantic and Pragmatic Approach to Charakokta Mahakashayas -A Review,2021,article,International Journal of Ayurveda and Pharma Research,https://doi.org/10.47070/ijapr.v9i7.2005,C3,print,external,ambiguous probe only: mw-full,mw-full,,2,https://openalex.org/W3201555035,2026-07,2026-07-28
W3197665712,Shilajit an elixir of Ayurveda: A literary review of traditional usage as well as modern findings,2021,article,International journal of applied research,https://doi.org/10.22271/allresearch.2021.v7.i8e.8883,C3,digital,external,ambiguous probe only: ambuda,ambuda,,7,https://openalex.org/W3197665712,2026-07,2026-07-28
W4200419295,The Dichotomized States of Shame in the Scholastic Buddhism,2021,article,Journal of Dharma Studies,https://doi.org/10.1007/s42240-021-00114-1,C3,print,external,ambiguous probe only: mw-full,mw-full,,0,https://openalex.org/W4200419295,2026-07,2026-07-28
W4210344944,The King with the Vina Flag – Perspectives of Ravana in Film,2021,article,Journal of Religion & Film,https://doi.org/10.32873/uno.dc.jrf.25.02.002,C3,print,external,ambiguous probe only: ap90-title,ap90-title,,1,https://openalex.org/W4210344944,2026-07,2026-07-28
W3199599980,Understanding Parkinson’s Disease (PD) in Ayurvedic Prospective,2021,article,International Journal of Ayurveda and Pharma Research,https://doi.org/10.47070/ijapr.v9i6.1944,C3,print,external,ambiguous probe only: mw-full,mw-full,,4,https://openalex.org/W3199599980,2026-07,2026-07-28
W4234468428,Understanding the Rudhita Synonyms of Plantsas Scientific Information,2021,article,International Research Journal of Ayurveda & Yoga,https://doi.org/10.47223/irjay.2021.4721,C3,print,external,ambiguous probe only: ap90-title,ap90-title,,0,https://openalex.org/W4234468428,2026-07,2026-07-28
W4200449540,Études tantriques,2021,article,"Annuaire - Ecole pratique des hautes études, Section des sciences religieuses/Annuaire",https://doi.org/10.4000/asr.3693,C3,print,external,ambiguous probe only: mw-full,mw-full,,0,https://openalex.org/W4200449540,2026-07,2026-07-28
W3022280272,A CRITICAL ANALYSIS ON THE AYURVEDIC ASPECT OF KATIGRAHA (LOW BACK PAIN): A REVIEW,2020,article,International Journal of Research in Ayurveda and Pharmacy,https://doi.org/10.7897/2277-4343.110241,C3,print,external,ambiguous probe only: mw-full,mw-full,,4,https://openalex.org/W3022280272,2026-07,2026-07-28
W3094003967,A Graph-Based Framework for Structured Prediction Tasks in Sanskrit,2020,article,Computational Linguistics,https://doi.org/10.1162/coli_a_00390,C3,print,external,ambiguous probe only: ap90-title,ap90-title,,18,https://openalex.org/W3094003967,2026-07,2026-07-28
W3198048358,Amchi Bhas: o paradoxo linguístico de goa,2020,article,Universidade Católica Portuguesa,https://doi.org/10.34632/povoseculturas.2017.9023,C3,print,external,ambiguous probe only: mw-full,mw-full,,0,https://openalex.org/W3198048358,2026-07,2026-07-28
W3098924702,Asbestos and Salamander in India,2020,article,Indo-Iranian Journal,https://doi.org/10.1163/15728536-06304002,C3,print,external,ambiguous probe only: ap90-title,ap90-title,,4,https://openalex.org/W3098924702,2026-07,2026-07-28
W4240014427,Dharma,2020,reference-entry,Encyclopedia of Indian religions,https://doi.org/10.1007/978-94-024-1036-5_309-2,C3,print,external,ambiguous probe only: mw-full,mw-full,,0,https://openalex.org/W4240014427,2026-07,2026-07-28
W3110117298,Dyeing the Springtime: The Art and Poetry of Fleeting Textile Colors in Medieval and Early Modern South Asia,2020,article,Religions,https://doi.org/10.3390/rel11120627,C3,print,external,ambiguous probe only: ap90-title,ap90-title,,2,https://openalex.org/W3110117298,2026-07,2026-07-28
W3135844876,INTERRELATIONSHIP BETWEEN SATTVA SARATA AND EMOTIONAL INTELLIGENCE - AN OBSERVATIONAL STUDY,2020,article,International Ayurvedic Medical Journal,https://doi.org/10.46607/iamjp040462020,C3,print,external,ambiguous probe only: ap90-title,ap90-title,,0,https://openalex.org/W3135844876,2026-07,2026-07-28
W3148495812,ROLE OF PIPPALYADI GUTIKA ANJANA IN THE MANAGEMENT OF ARMA: A CASE SERIES,2020,article,International Ayurvedic Medical Journal,https://doi.org/10.46607/iamj4108082020,C3,print,external,ambiguous probe only: ap90-title,ap90-title,,0,https://openalex.org/W3148495812,2026-07,2026-07-28
W3083056461,Shani on the Web: Virality and Vitality in Digital Popular Hinduism,2020,article,Religions,https://doi.org/10.3390/rel11090456,C3,print,external,ambiguous probe only: ap90-title,ap90-title,,4,https://openalex.org/W3083056461,2026-07,2026-07-28
W3123058407,Singing a(n) (a)laukika body:,2020,article,Cracow Indological Studies,https://doi.org/10.12797/cis.22.2020.02.05,C3,print,external,ambiguous probe only: ap90-title,ap90-title,,1,https://openalex.org/W3123058407,2026-07,2026-07-28
W3083298676,Sources du shivaïsme tantrique en sanskrit‑vieux‑javanais : lecture du Bhuvanakośa (suite),2020,article,"Annuaire - Ecole pratique des hautes études, Section des sciences religieuses/Annuaire",https://doi.org/10.4000/asr.3351,C3,print,external,ambiguous probe only: mw-full,mw-full,,0,https://openalex.org/W3083298676,2026-07,2026-07-28
W3082107523,Translation as Commentary in the Sanskrit-Old Javanese Didactic and Religious Literature from Java and Bali,2020,article,Medieval Worlds,https://doi.org/10.1553/medievalworlds_no11_2020s213,C3,print,external,ambiguous probe only: mw-full,mw-full,,4,https://openalex.org/W3082107523,2026-07,2026-07-28
W3154331909,Vedic kílbiṣa 'obligation',2020,article,Institutional Repositories DataBase (IRDB),https://doi.org/10.15083/00080052,C3,print,external,ambiguous probe only: mw-full,mw-full,,0,https://openalex.org/W3154331909,2026-07,2026-07-28
W3048550662,Why Are the Skull-Bearers (Kāpālikas) Called Soma?,2020,book-chapter,Śaivism and the Tantric Traditions,https://doi.org/10.1163/9789004432802_004,C3,print,external,ambiguous probe only: ap90-title,ap90-title,,2,https://openalex.org/W3048550662,2026-07,2026-07-28
W2971205467,Dual Semantics of the Latin inter(-),2019,article,Philologia Classica,https://doi.org/10.21638/11701/spbu20.2019.106,C3,print,external,ambiguous probe only: ap90-title,ap90-title,,0,https://openalex.org/W2971205467,2026-07,2026-07-28
W2968120102,MYTH OF CADMUS AS THE PROOF OF ANTIQUITY OF SLAVIC CIVILIZATION,2019,article,Bulletin of the Moscow State Regional University (Jurisprudence),https://doi.org/10.18384/2310-6794-2019-2-43-64,C3,print,external,ambiguous probe only: mw-full,mw-full,,0,https://openalex.org/W2968120102,2026-07,2026-07-28
W3161097610,"On the Road with Kālidāsa: Countries, Cities and Sacred Places",2019,dissertation,Eötvös Loránd Tudományegyetem,https://doi.org/10.15476/elte2019.112,C3,print,external,ambiguous probe only: mw-full,mw-full,,0,https://openalex.org/W3161097610,2026-07,2026-07-28
W2973783950,"Problems of the First Verse, Especially its Pāda a, in the First Group of Verses of the &lt;i&gt;Sarvadharmāpravṛttinirdeśa-sūtra&lt;/i&gt;",2019,article,JOURNAL OF INDIAN AND BUDDHIST STUDIES (INDOGAKU BUKKYOGAKU KENKYU),https://doi.org/10.4259/ibk.67.2_966,C3,print,external,ambiguous probe only: ap90-title,ap90-title,,0,https://openalex.org/W2973783950,2026-07,2026-07-28
W3015225188,Recherches sur le vocabulaire grec de la traduction,2019,dissertation,HAL (Le Centre pour la Communication Scientifique Directe),,C3,print,external,ambiguous probe only: ap90-title,ap90-title,,1,https://openalex.org/W3015225188,2026-07,2026-07-28
W4393905929,Research on Greek translation terminology,2019,dissertation,theses.fr (ABES),,C3,print,external,ambiguous probe only: ap90-title,ap90-title,,0,https://openalex.org/W4393905929,2026-07,2026-07-28
W7144769640,Study of the Indian Commentaries to the Heart Sutra: Vimalamitra (1),2019,article,Institutional Repositories DataBase (IRDB),,C3,print,external,ambiguous probe only: ap90-title,ap90-title,,0,https://openalex.org/W7144769640,2026-07,2026-07-28
W2965057864,The Badoh-Pathari Saptamātṛ Panel Inscription,2019,article,Indo-Iranian Journal,https://doi.org/10.1163/15728536-06203001,C3,print,external,ambiguous probe only: ap90-title,ap90-title,,0,https://openalex.org/W2965057864,2026-07,2026-07-28
W2947882889,The “Kamasutra” temples of India: A case for the encoding of psychedelically induced spirituality,2019,article,Journal of Psychedelic Studies,https://doi.org/10.1556/2054.2019.012,C3,print,external,ambiguous probe only: mw-full,mw-full,,21,https://openalex.org/W2947882889,2026-07,2026-07-28
W3015164379,Tocharian B Manuscripts in the Berezovsky Collection (2): Five More Fragments,2019,article,Written Monuments of the Orient,https://doi.org/10.17816/wmo25893-,C3,print,external,ambiguous probe only: mw-full,mw-full,,1,https://openalex.org/W3015164379,2026-07,2026-07-28
W7144230247,An Annotated Japanese Translation of Chapter 5 of Vasubandhu's Vyākhyāyukti (1),2018,article,Institutional Repositories DataBase (IRDB),https://doi.org/10.34428/00009798,C3,print,external,ambiguous probe only: ap90-title,ap90-title,,1,https://openalex.org/W7144230247,2026-07,2026-07-28
W2961715863,"Biographies du Premier Karma-pa Dus-gsum-mkhyen-pa, Edition Critique et Traduction de deux biographies; et un Résumé de la Dus-gsum-mkhyen-pa Collection",2018,dissertation,HAL (Le Centre pour la Communication Scientifique Directe),,C3,print,external,ambiguous probe only: mw-full,mw-full,,0,https://openalex.org/W2961715863,2026-07,2026-07-28
W2907931308,Critical Analysis of Gulma Aimed at Practical Management,2018,article,International Journal of Ayurvedic Medicine,https://doi.org/10.47552/ijam.v9i3.1120,C3,print,external,ambiguous probe only: ap90-title,ap90-title,,0,https://openalex.org/W2907931308,2026-07,2026-07-28
W2799679399,Mack the Knife and Knife-Black Dorothy Appositional Metaphoric Compounds: A Comparison and Contrast of the Varying Approaches in Sanskrit Treatises on Grammar and Poetics,2018,article,Asiatische Studien – Études Asiatiques,https://doi.org/10.1515/asia-2017-0068,C3,print,external,ambiguous probe only: ap90-title,ap90-title,,0,https://openalex.org/W2799679399,2026-07,2026-07-28
W2911312923,Ritual Performances in the Nāṭyaśāstra II. Food Offerings,2018,article,Cracow Indological Studies,https://doi.org/10.12797/cis.20.2018.01.07,C3,print,external,ambiguous probe only: ap90-title,ap90-title,,1,https://openalex.org/W2911312923,2026-07,2026-07-28
W2914532341,Rudragaṇikās: Courtesans in Śiva’s Temple? Some Hitherto Neglected Sanskrit Sources,2018,article,Cracow Indological Studies,https://doi.org/10.12797/cis.20.2018.01.06,C3,print,external,ambiguous probe only: ap90-title,ap90-title,,2,https://openalex.org/W2914532341,2026-07,2026-07-28
W4312573947,The Bengali Vaishnavism. The Aesthetic Aspects in the Literature of Rupa Gosvami,2018,article,Orientalistica,https://doi.org/10.31696/2618-7043-2018-1-2-289-302,C3,print,external,ambiguous probe only: mw-full,mw-full,,2,https://openalex.org/W4312573947,2026-07,2026-07-28
W3011946150,"Vedic prākāśá- = prāvepá-: 'metal mirror', 'ear-drop' — or rather 'whip'?",2018,book-chapter,Työväentutkimus Vuosikirja,,C3,print,external,ambiguous probe only: ap90-title,ap90-title,,0,https://openalex.org/W3011946150,2026-07,2026-07-28
W2770123035,"<b>Roots of Wisdom, Branches of Devotion: Plant Life in South Asian Traditions</b>, edited by Fabrizio M. Ferrari and Thomas Dähnhardt",2017,book-review,South Asia Journal of South Asian Studies,https://doi.org/10.1080/00856401.2017.1379235,C3,print,external,ambiguous probe only: mw-full,mw-full,,0,https://openalex.org/W2770123035,2026-07,2026-07-28
W2739734411,A Graph Based Semi-Supervised Approach for Analysis of Derivational Nouns in Sanskrit,2017,conference-paper,Proceedings of TextGraphs-11: the Workshop on Graph-based Methods for Natural Language Processing,https://doi.org/10.18653/v1/w17-2409,C3,print,external,ambiguous probe only: mw-full,mw-full,,5,https://openalex.org/W2739734411,2026-07,2026-07-28
W2739853444,A REVIEW ON CONCEPT OF SATWA PARIKSHA AND IT’S APPLICATION,2017,article,International Journal of Research in Ayurveda and Pharmacy,https://doi.org/10.7897/2277-4343.083178,C3,print,external,ambiguous probe only: mw-full,mw-full,,1,https://openalex.org/W2739853444,2026-07,2026-07-28
W2740921350,CONCEPT OF APABAHUKA IN THE LIGHTS OF MODERN SCIENCE: A REVIEW,2017,article,International Journal of Research in Ayurveda and Pharmacy,https://doi.org/10.7897/2277-4343.083166,C3,print,external,ambiguous probe only: mw-full,mw-full,,2,https://openalex.org/W2740921350,2026-07,2026-07-28
W4237562742,Proceedings of TextGraphs-11: the Workshop on Graph-based Methods for Natural Language Processing,2017,paratext,,https://doi.org/10.18653/v1/w17-24,C3,print,external,ambiguous probe only: mw-full,mw-full,,6,https://openalex.org/W4237562742,2026-07,2026-07-28
W2795490883,Rasāyana in Classical Yoga and Āyurveda,2017,article,History of Science in South Asia,https://doi.org/10.18732/hssa.v5i2.32,C3,print,external,ambiguous probe only: ap90-title,ap90-title,,10,https://openalex.org/W2795490883,2026-07,2026-07-28
W4214672720,1 The common origin approach to comparing Indian and Greek philosophy,2016,book-chapter,Edinburgh University Press eBooks,https://doi.org/10.1515/9781474411004-005,C3,print,external,ambiguous probe only: mw-full,mw-full,,1,https://openalex.org/W4214672720,2026-07,2026-07-28
W2417126068,A Further Study of the Muktaka of the Mulasarvastivada-vinaya : A Table of Contents and Parallels,2016,article,Institutional Repositories DataBase (IRDB),https://doi.org/10.50927/bk00210l227,C3,print,external,ambiguous probe only: ap90-title,ap90-title,,1,https://openalex.org/W2417126068,2026-07,2026-07-28
W3128892297,Adverbs in Sanskrit Wordnet,2016,conference-paper,Proceedings of the 8th Global WordNet Conference (GWC),https://doi.org/10.18653/v1/2016.gwc-1.1,C3,print,external,ambiguous probe only: ap90-title,ap90-title,,0,https://openalex.org/W3128892297,2026-07,2026-07-28
W7145842306,An Essay on the Making of the Ajitasenavyākaraṇa,2016,article,Institutional Repositories DataBase (IRDB),,C3,print,external,ambiguous probe only: ap90-title,ap90-title,,0,https://openalex.org/W7145842306,2026-07,2026-07-28
W2462211653,FRACTURE MANAGEMENT PRINCIPLES IN AYURVEDA WITH CURRENT INTERPRETATION: A REVIEW,2016,article,International Journal of Research in Ayurveda and Pharmacy,https://doi.org/10.7897/2277-4343.074125,C3,print,external,ambiguous probe only: mw-full,mw-full,,7,https://openalex.org/W2462211653,2026-07,2026-07-28
W2600424018,Funkcióigés szerkezetek a védikus óind nyelvben,2016,dissertation,Repository of the Academy's Library (Library of the Hungarian Academy of Sciences),,C3,print,external,ambiguous probe only: ap90-title,ap90-title,,0,https://openalex.org/W2600424018,2026-07,2026-07-28
W3158176620,Licence and faithfulness: Taking liberties with kathā in classical Sanskrit poetry and aesthetics,2016,article,Oxford University Research Archive (ORA) (University of Oxford),,C3,print,external,ambiguous probe only: ap90-title,ap90-title,,0,https://openalex.org/W3158176620,2026-07,2026-07-28
W2311978614,Sanskrit Machine Translation Systems: A Comparative Analysis,2016,article,International Journal of Computer Applications,https://doi.org/10.5120/ijca2016908290,C3,print,external,ambiguous probe only: mw-full,mw-full,,22,https://openalex.org/W2311978614,2026-07,2026-07-28
W4243156695,AN AYURVEDIC REVIEW ON ANIDRA,2015,article,International Journal of Research in Ayurveda and Pharmacy,https://doi.org/10.7897/2277-4343.066136,C3,print,external,ambiguous probe only: mw-full,mw-full,,2,https://openalex.org/W4243156695,2026-07,2026-07-28
W4252101483,APPLICATION OF DIFFERENT PARAMETERS FOR SELECTING NORMAL AND ABNORMAL SKIN CHARACTERISTICS IN DETERMINATION OF PRAKRITI IN INFANTS,2015,article,International Journal of Research in Ayurveda and Pharmacy,https://doi.org/10.7897/2277-4343.06232,C3,print,external,ambiguous probe only: mw-full,mw-full,,5,https://openalex.org/W4252101483,2026-07,2026-07-28
W2220688711,Keshya drugs in Bhava Prakasha Nighantu: A Review,2015,article,International Journal of Ayurvedic Medicine,https://doi.org/10.47552/ijam.v6i4.710,C3,print,external,ambiguous probe only: mw-full,mw-full,,0,https://openalex.org/W2220688711,2026-07,2026-07-28
W1970045913,Madness and Possession in P?li Texts,2015,article,Buddhist Studies Review,https://doi.org/10.1558/bsrv.v31i2.195,C3,print,external,ambiguous probe only: ap90-title,ap90-title,,3,https://openalex.org/W1970045913,2026-07,2026-07-28
W2554939539,Simplifying Sanskrit,2015,article,Pragmatics Quarterly Publication of the International Pragmatics Association (IPrA),https://doi.org/10.1075/prag.13.4.03has,C3,print,external,ambiguous probe only: ap90-title,ap90-title,,0,https://openalex.org/W2554939539,2026-07,2026-07-28
W1535931282,A produção do conhecimento soteriológico na Índia antiga,2014,article,Numen,https://doi.org/10.34019/2236-6296.2014.v17.21922,C3,print,external,ambiguous probe only: ap90-title,ap90-title,,0,https://openalex.org/W1535931282,2026-07,2026-07-28
W120080818,Neuroscience and Hindu Aesthetics: A Critical Analysis of V.S. Ramachandran’s “Science of Art”,2014,dissertation,Florida International University,https://doi.org/10.25148/etd.fi14040894,C3,print,external,ambiguous probe only: mw-full,mw-full,,2,https://openalex.org/W120080818,2026-07,2026-07-28
W2614562736,Recasting the Brahmin in Medieval Mithila: Origins of Caste Identity among the Maithil Brahmins of North Bihar.,2014,dissertation,Deep Blue (University of Michigan),,C3,print,external,ambiguous probe only: mw-full,mw-full,,0,https://openalex.org/W2614562736,2026-07,2026-07-28
W2250797712,Semi-Automatic Extension of Sanskrit Wordnet using Bilingual Dictionary,2014,conference-paper,Proceedings of the Seventh Global Wordnet Conference,https://doi.org/10.18653/v1/w14-0145,C3,print,external,ambiguous probe only: mw-full,mw-full,,3,https://openalex.org/W2250797712,2026-07,2026-07-28
W2013735099,The Construction of a Cultic Center through Narrative: The Founding Myth of the Village of Puttaparthi and Sathya Sāī Bābā,2014,article,History of Religions,https://doi.org/10.1086/677807,C3,print,external,ambiguous probe only: mw-full,mw-full,,3,https://openalex.org/W2013735099,2026-07,2026-07-28
W2323818136,"Evolution of the Therav?da Buddhist Idea of ‘Merittransference’ to the Dead, and its Role in Sri Lankan Buddhist Culture",2013,article,Buddhist Studies Review,https://doi.org/10.1558/bsrv.v30i1.89,C3,print,external,ambiguous probe only: mw-full,mw-full,,7,https://openalex.org/W2323818136,2026-07,2026-07-28
W1539437354,Meditation in an Indian Buddhist Monastic Code,2013,dissertation,eScholarship (California Digital Library),,C3,print,external,ambiguous probe only: mw-full,mw-full,,0,https://openalex.org/W1539437354,2026-07,2026-07-28
W2954604466,Old Indo-Aryan Morphology and its Indo-Iranian Background,2013,book,,https://doi.org/10.1553/978oeaw69482,C3,print,external,ambiguous probe only: gra-title,gra-title,,0,https://openalex.org/W2954604466,2026-07,2026-07-28
W2901061430,On the Role of the Lotus Leaf in South Asian Cosmography,2013,article,Wiener Zeitschrift für die Kunde Südasiens,https://doi.org/10.1553/wzks2011-2012s85,C3,print,external,ambiguous probe only: ap90-title,ap90-title,,18,https://openalex.org/W2901061430,2026-07,2026-07-28
W2257377217,Silk Road and Early Buddhist Scribal Culture in China (3-5 C),2013,article,The HKU Scholars Hub (University of Hong Kong),,C3,print,external,ambiguous probe only: mw-full,mw-full,,0,https://openalex.org/W2257377217,2026-07,2026-07-28
W2291637253,Evidence for Two Mūlasarvāstivādin Vinaya Traditions in the Gilgit Prātimokṣa-sūtras,2012,dissertation,MacSphere (McMaster University),,C3,print,external,ambiguous probe only: mw-full,mw-full,,1,https://openalex.org/W2291637253,2026-07,2026-07-28
W2302930952,"Otto Böhtlingk an Rudolf Roth: Briefe zum Petersburger Wörterbuch 1852–1885. Wiesbaden: Harrassowitz, 2008",2012,review,Ghent University Academic Bibliography (Ghent University),,C3,print,external,ambiguous probe only: pw-title,pw-title,,0,https://openalex.org/W2302930952,2026-07,2026-07-28
W2059227102,The Dikpālas of ancient Java revisited: A new identification for the 24 directional deities on the Śiva temple of the Loro Jonggrang complex,2012,article,Bijdragen tot de taal- land- en volkenkunde / Journal of the Humanities and Social Sciences of Southeast Asia,https://doi.org/10.1163/22134379-90003562,C3,print,external,ambiguous probe only: mw-full,mw-full,,14,https://openalex.org/W2059227102,2026-07,2026-07-28
W60436143,Building a Natya Shastra: Individual Voices in an Evolving Public Memory,2011,dissertation,DukeSpace (Duke University),,C3,print,external,ambiguous probe only: mw-full,mw-full,,0,https://openalex.org/W60436143,2026-07,2026-07-28
W2462430338,"Karma as an ""Apparatus"": The Etiology of Non-normative Sexualities in Classical Āyurveda",2011,dissertation,CU Scholar (University of Colorado Boulder),,C3,print,external,ambiguous probe only: ap90-title,ap90-title,,0,https://openalex.org/W2462430338,2026-07,2026-07-28
W2077480772,The Collision of Language and Metaphysics in the Search for Self-Identity: on ahaṃkāra and asmitā in Sāṃkhya-Yoga,2011,article,PhilPapers (PhilPapers Foundation),,C3,print,external,ambiguous probe only: mw-full,mw-full,,0,https://openalex.org/W2077480772,2026-07,2026-07-28
W2339106275,e Causeway Episode of the Prambanan Rāmāyaṇa Reexamined,2011,book-chapter,From Lanka Eastwards,https://doi.org/10.1163/9789004253766_010,C3,print,external,ambiguous probe only: mw-full,mw-full,,0,https://openalex.org/W2339106275,2026-07,2026-07-28
W2561564557,"Review of: Otto Böhtlingk an Rudolf Roth: Briefe zum Petersburger Wörterbuch 1852–1885. Wiesbaden, 2008",2010,other,Leiden Repository (Leiden University),,C3,print,external,ambiguous probe only: pw-title,pw-title,,0,https://openalex.org/W2561564557,2026-07,2026-07-28
W2340607057,Buddhaghosa’s Padyacudamani: as a biography of the Buddha,2009,dissertation,cIRcle (University of British Columbia),https://doi.org/10.14288/1.0087457,C3,print,external,ambiguous probe only: ap90-title,ap90-title,,0,https://openalex.org/W2340607057,2026-07,2026-07-28
W2790767973,"Böhtlingk, Otto an Rudolf Roth: Briefe zum Petersburger Wörterbuch 1852–1885. Veröffentlichungen der Helmuth von Glasenapp-Stiftung, 45. H. BRÜCKNER und G. ZELLER (Hrsg.), bearbeitet von A. STACHE-WEISKE.",2009,article,Kratylos,https://doi.org/10.29091/kratylos/2009/1/47,C3,print,external,ambiguous probe only: pw-title,pw-title,,0,https://openalex.org/W2790767973,2026-07,2026-07-28
W594150029,Cremated like a King: The Funeral of the Buddha within the Ancient Indian Cultural Context,2009,article,Institutional Repositories DataBase (IRDB),https://doi.org/10.15056/00000124,C3,print,external,ambiguous probe only: ap90-title,ap90-title,,4,https://openalex.org/W594150029,2026-07,2026-07-28
W2526417891,Maternity Homes and Abandoned Children in Buddhist India,2008,article,Leiden Repository (Leiden University),,C3,print,external,ambiguous probe only: ap90-title,ap90-title,,3,https://openalex.org/W2526417891,2026-07,2026-07-28
W2304704739,Relationship of the Alaya-Vijnana to theories of the unconscious in depth psychology,2008,dissertation,cIRcle (University of British Columbia),https://doi.org/10.14288/1.0086559,C3,print,external,ambiguous probe only: mw-full,mw-full,,0,https://openalex.org/W2304704739,2026-07,2026-07-28
W351856297,Briefe zum Petersburger Wörterbuch 1852-1885,2007,book,Harrassowitz eBooks,,C3,print,external,ambiguous probe only: pw-title,pw-title,,0,https://openalex.org/W351856297,2026-07,2026-07-28
W4236600859,"Brückner, Heidrun; Gabriele Zeller [Hgg.], Otto Böhtlingk an Rudolf Roth. Briefe zum Petersburger Wörterbuch 1852–1885 bearbeitet von Agnes Stache-Weiske",2007,article,Indo-Iranian Journal,https://doi.org/10.1163/000000007790085671,C3,print,external,ambiguous probe only: pw-title,pw-title,,0,https://openalex.org/W4236600859,2026-07,2026-07-28
W2056829820,"Brückner, Heidrun; Gabriele Zeller [Hgg.], Otto Böhtlingk an Rudolf Roth. Briefe zum Petersburger Wörterbuch 1852–1885 bearbeitet von Agnes Stache-Weiske",2007,article,Indo-Iranian Journal,https://doi.org/10.1007/s10783-008-9073-2,C3,print,external,ambiguous probe only: pw-title,pw-title,,0,https://openalex.org/W2056829820,2026-07,2026-07-28
W2076329424,A study in Buddhist psychology: is Buddhism truly pro‐detachment and anti‐attachment?,2004,article,Contemporary Buddhism,https://doi.org/10.1080/1463994042000319807,C3,print,external,ambiguous probe only: mw-full,mw-full,,4,https://openalex.org/W2076329424,2026-07,2026-07-28
W2288756814,Five Nrsimha Temples in Andhra Pradesh and their function as a religious collective,2004,article,OhioLink ETD Center (Ohio Library and Information Network),,C3,print,external,ambiguous probe only: ap90-title,ap90-title,,0,https://openalex.org/W2288756814,2026-07,2026-07-28
W2131585293,The Philosophy of Desire in the Buddhist Pali Canon,2004,book,,https://doi.org/10.4324/9780203010570,C3,print,external,ambiguous probe only: mw-full,mw-full,,30,https://openalex.org/W2131585293,2026-07,2026-07-28
W2152828284,"Caste Politics, Ritual Performance, and Local Religion in a Bengali Village: A Reassessment of Liminality and Communitas",2002,article,Acta Ethnographica Hungarica,https://doi.org/10.1556/aethn.47.2002.3-4.14,C3,print,external,ambiguous probe only: ap90-title,ap90-title,,1,https://openalex.org/W2152828284,2026-07,2026-07-28
W287246955,Tipologiceskie zametki o morfologiceskom reciproke v vedijskom sanskrite [Typological remarks on the reciprocal verbs in Vedic Sanskrit],2002,book-chapter,Leiden Repository (Leiden University),,C3,print,external,ambiguous probe only: mw-full,mw-full,,1,https://openalex.org/W287246955,2026-07,2026-07-28
W1979980019,La cité royale dans la littérature traditionnelle malaise : représentation et contribution à l'histoire des cités anciennes du monde malais,1999,article,Aséanie,https://doi.org/10.3406/asean.1999.1620,C3,print,external,ambiguous probe only: mw-full,mw-full,,0,https://openalex.org/W1979980019,2026-07,2026-07-28
W1562498074,Nachträge zum Sanskrit-Wörterbuch in kürzerer Fassung von Otto Böhtlingk.,1991,book,Motilal Banarsidass eBooks,,C3,print,external,ambiguous probe only: pwk-title,pwk-title,,7,https://openalex.org/W1562498074,2026-07,2026-07-28
W2043749365,Paninian Studies,1991,book,,https://doi.org/10.3998/mpub.19514,C3,print,external,ambiguous probe only: ap90-title,ap90-title,,3,https://openalex.org/W2043749365,2026-07,2026-07-28
W2133642675,"The Sacred Presence of the Guru: The Velala Lineages of Tiruvavatuturai, Dharmapuram, and Tiruppanantal",1990,dissertation,MacSphere (McMaster University),,C3,print,external,ambiguous probe only: ap90-title,ap90-title,,21,https://openalex.org/W2133642675,2026-07,2026-07-28
W785213803,A Translation and Study of the Purnavadana,1988,dissertation,MacSphere (McMaster University),,C3,print,external,ambiguous probe only: mw-full,mw-full,,0,https://openalex.org/W785213803,2026-07,2026-07-28
W591040588,Kőrösi Csoma Sándor szanszkrit - magyar szójegyzéke | A list of words Sanskrit and Hungarian by Alexander Csoma de Kőrös,1984,book,REAL-EOD (Library of the Hungarian Academy of Sciences and the Information Center Oriental Collection),,C3,print,external,ambiguous probe only: mw-full,mw-full,,0,https://openalex.org/W591040588,2026-07,2026-07-28
W4385793354,Preliminary Material,1981,paratext,Kalādarśana,https://doi.org/10.1163/9789004646490_001,C3,print,external,ambiguous probe only: mw-full,mw-full,,0,https://openalex.org/W4385793354,2026-07,2026-07-28
W1569808045,Toward a Comprehensive Understanding of Rta in the Rg Veda,1980,dissertation,MacSphere (McMaster University),,C3,print,external,ambiguous probe only: ap90-title,ap90-title,,1,https://openalex.org/W1569808045,2026-07,2026-07-28
W2334694315,THE “_??__??__??_” (SHIN FUGYÛ) AS EXPOUNDED IN THE LANKAVATARA,1975,article,JOURNAL OF INDIAN AND BUDDHIST STUDIES (INDOGAKU BUKKYOGAKU KENKYU),https://doi.org/10.4259/ibk.24.513,C3,print,external,ambiguous probe only: mw-full,mw-full,,0,https://openalex.org/W2334694315,2026-07,2026-07-28
W2074366269,Two Vedic notes,1974,article,Bulletin of the School of Oriental and African Studies,https://doi.org/10.1017/s0041977x00127569,C3,print,external,ambiguous probe only: gra-title,gra-title,,1,https://openalex.org/W2074366269,2026-07,2026-07-28
W3111674239,Nullity of Marriage in Modern Hindu Law.,1965,dissertation,Center for International and Regional Studies (Georgetown University),https://doi.org/10.25501/soas.00033926,C3,print,external,ambiguous probe only: mw-full,mw-full,,0,https://openalex.org/W3111674239,2026-07,2026-07-28
W2025432518,V. S. Apte's The Practical Sanskrit-English Dictionary,1960,article,Journal of the American Oriental Society,https://doi.org/10.2307/595270,C3,print,external,ambiguous probe only: ap90-title,ap90-title,,6,https://openalex.org/W2025432518,2026-07,2026-07-28
W1505554947,Revised and Enlarged Edition of Prin. V. S. Apte's The Practical Sanskrit-English Dictionary,1959,article,,,C3,print,external,ambiguous probe only: ap90-title,ap90-title,,32,https://openalex.org/W1505554947,2026-07,2026-07-28
W1552464247,The practical Sanskrit-English dictionary,1957,article,,,C3,print,external,ambiguous probe only: ap90-title,ap90-title,,197,https://openalex.org/W1552464247,2026-07,2026-07-28
W653577907,"The story of Kalaka texts, history, legends, and miniature paintings of the Svetambara Jain hagiographical work, the Kalakacaryakatha",1933,book,,https://doi.org/10.5479/sil.70797.39088016670374,C3,print,external,ambiguous probe only: mw-full,mw-full,,4,https://openalex.org/W653577907,2026-07,2026-07-28
W2331628349,"Indica by L.D. Barnett - 10. Nachträge zum Sanskrit-Wörterbuch in Kürzerer Fassung von Otto Böhtlingk, bearbeitet von Richard Schmidt. 14 × 10½, pp. viii + 398. Hannover and Leipzig, 1924–1928.",1929,article,Journal of the Royal Asiatic Society,https://doi.org/10.1017/s0035869x00151834,C3,print,external,ambiguous probe only: pwk-title,pwk-title,,0,https://openalex.org/W2331628349,2026-07,2026-07-28
W1573232975,Sanskrit-Wörterbuch in kürzerer Fassung,1879,book,Buchdruckerei der Kaiserlichen Akademie der Wissenschaften eBooks,,C3,print,external,ambiguous probe only: pwk-title,pwk-title,,7,https://openalex.org/W1573232975,2026-07,2026-07-28
W1987235752,Wörterbuch zum Rig-Veda,1873,book,Medical Entomology and Zoology,,C3,print,external,ambiguous probe only: gra-title,gra-title,,67,https://openalex.org/W1987235752,2026-07,2026-07-28
W2479086410,Buddhist Steps to an Ecology of Mind: Thinking about 'Thoughts without a Thinker',,article,Institutional Repositories DataBase (IRDB),,C3,print,external,ambiguous probe only: ap90-title,ap90-title,,12,https://openalex.org/W2479086410,2026-07,2026-07-28
W7111587485,Sanskrit-Wörterbuch in Kürzerer Fassung bearbeitet,,article,,,C3,print,external,ambiguous probe only: pwk-title,pwk-title,,0,https://openalex.org/W7111587485,2026-07,2026-07-28
