compound,sent_id,text,ref,sent_counter,sent_subcounter,form,case,gender,number,slot,era,sentence
pūrva+daṇḍa,484949,Agnipurāṇa,"AgniPur, 248",27,1,daṇḍam,Nom,Neut,Sing,3,Early classical,samā sthairyaguṇopetā pūrvadaṇḍamiva sthitā
prāñc+daṇḍa,652625_3,Aitareyabrāhmaṇa,"AB, 7, 5",,,daṇḍām,Acc,Fem,Sing,1,Vedic (Saṃhitā–Brāhmaṇa–Śrautasūtra),atha etām srucam bhinnām āhavanīye abhyādadhyāt prāc daṇḍām pratyak puṣkarām
lāṅgala+daṇḍa,76846,Amarakośa,"AKośa, 2",601,1,daṇḍaḥ,Nom,Masc,Sing,3,Early classical,īṣā lāṅgaladaṇḍaḥ syāt sītā lāṅgalapaddhatiḥ
kanda+daṇḍa,67924,Amaraughaśāsana,"AmarŚās, 1",78,1,daṇḍena,Ins,Masc,Sing,4,Later classical / early medieval,kandadaṇḍena coddaṇḍair bhrāmitā yā bhujaṅginī
kośa+daṇḍa,464115_1,Arthaśāstra,"ArthaŚ, 1, 4",,,daṇḍābhyām,Ins,Masc,Dual,2,Epic & early śāstra,tayā sva pakṣam para pakṣam ca vaśīkaroti kośa daṇḍābhyām
udyam+daṇḍa,464118_1,Arthaśāstra,"ArthaŚ, 1, 4",,,daṇḍaḥ,Nom,Masc,Sing,2,Epic & early śāstra,tasmāt lokayātrā arthī nityam udyata daṇḍaḥ syāt
tīkṣṇa+daṇḍa,464122_1,Arthaśāstra,"ArthaŚ, 1, 4",,,daṇḍaḥ,Nom,Masc,Sing,2,Epic & early śāstra,tīkṣṇa daṇḍaḥ hi bhūtānām udvejanīyaḥ bhavati
mṛdu+daṇḍa,464123_1,Arthaśāstra,"ArthaŚ, 1, 4",,,daṇḍaḥ,Nom,Masc,Sing,2,Epic & early śāstra,mṛdu daṇḍaḥ paribhūyate
yathārha+daṇḍa,464124_1,Arthaśāstra,"ArthaŚ, 1, 4",,,daṇḍaḥ,Nom,Masc,Sing,2,Epic & early śāstra,yathārha daṇḍaḥ pūjyate
sāman+dāna+bheda+daṇḍa,464325,Arthaśāstra,"ArthaŚ, 1, 13",24,2,daṇḍaiḥ,Ins,Masc,Plur,2,Epic & early śāstra,atuṣṭān sāmadānabhedadaṇḍaiḥ sādhayet
para+vac+daṇḍa,464329,Arthaśāstra,"ArthaŚ, 1, 14",2,1,daṇḍitaḥ,Nom,Masc,Sing,2,Epic & early śāstra,saṃśrutyārthān vipralabdhaḥ tulyakāriṇoḥ śilpe vopakāre vā vimānitaḥ vallabhāvaruddhaḥ samāhūya parājitaḥ pravāsopataptaḥ kṛtvā vyayam alabdhakāryaḥ svadharmād dāyādyād voparuddhaḥ mānādhikārābhyāṃ bhraṣṭaḥ kulyair antarhitaḥ prasabhābhimṛṣṭastrīkaḥ kārābhinyastaḥ paroktadaṇḍitaḥ mithyācāravāritaḥ sarvasvam āhāritaḥ bandhanaparikliṣṭaḥ pravāsitabandhuḥ iti kruddhavargaḥ
tulya+doṣa+daṇḍa,464330,Arthaśāstra,"ArthaŚ, 1, 14",3,1,daṇḍena,Ins,Masc,Sing,2,Epic & early śāstra,svayam upahataḥ viprakṛtaḥ pāpakarmābhikhyātaḥ tulyadoṣadaṇḍenodvignaḥ paryāttabhūmiḥ daṇḍenopanataḥ sarvādhikaraṇasthaḥ sahasopacitārthaḥ tatkulīno vāśaṃsuḥ pradviṣṭo rājñā rājadveṣī ca iti bhītavargaḥ
bheda+daṇḍa,464341,Arthaśāstra,"ArthaŚ, 1, 14",12,2,daṇḍābhyām,Ins,Masc,Dual,2,Epic & early śāstra,akṛtyān bhedadaṇḍābhyāṃ paradoṣāṃśca darśayan
sāhasa+daṇḍa,464645,Arthaśāstra,"ArthaŚ, 2, 1",29,1,daṇḍaḥ,Nom,Masc,Sing,2,Epic & early śāstra,putradāram apratividhāya pravrajataḥ pūrvaḥ sāhasadaṇḍaḥ striyaṃ ca pravrājayataḥ
adhyardha+daṇḍa,464693_1,Arthaśāstra,"ArthaŚ, 2, 3",,,daṇḍam,Acc,Masc,Sing,2,Epic & early śāstra,prākāram ubhayatas meṇḍhakam adhyardha daṇḍam kṛtvā pratolī ṣaṣ tulā antaram dvāram niveśayet pañca daṇḍāt eka uttaram ā aṣṭa daṇḍāt iti caturaśram ṣaṣ bhāgam āyāmāt adhikam aṣṭa bhāgam _
pañcan+daṇḍa,464693_1,Arthaśāstra,"ArthaŚ, 2, 3",,,daṇḍāt,Abl,Masc,Sing,2,Epic & early śāstra,prākāram ubhayatas meṇḍhakam adhyardha daṇḍam kṛtvā pratolī ṣaṣ tulā antaram dvāram niveśayet pañca daṇḍāt eka uttaram ā aṣṭa daṇḍāt iti caturaśram ṣaṣ bhāgam āyāmāt adhikam aṣṭa bhāgam _
aṣṭan+daṇḍa,464693_1,Arthaśāstra,"ArthaŚ, 2, 3",,,daṇḍāt,Abl,Masc,Sing,2,Epic & early śāstra,prākāram ubhayatas meṇḍhakam adhyardha daṇḍam kṛtvā pratolī ṣaṣ tulā antaram dvāram niveśayet pañca daṇḍāt eka uttaram ā aṣṭa daṇḍāt iti caturaśram ṣaṣ bhāgam āyāmāt adhikam aṣṭa bhāgam _
aṣṭan+daṇḍa,464718,Arthaśāstra,"ArthaŚ, 2, 4",4,1,daṇḍāḥ,Nom,Masc,Plur,2,Epic & early śāstra,rājamārgadroṇamukhasthānīyarāṣṭravivītapathāḥ samyānīyavyūhaśmaśānagrāmapathāś cāṣṭadaṇḍāḥ
catur+daṇḍa,464719,Arthaśāstra,"ArthaŚ, 2, 4",5,1,daṇḍaḥ,Nom,Masc,Sing,2,Epic & early śāstra,caturdaṇḍaḥ setuvanapathaḥ dvidaṇḍo hastikṣetrapathaḥ pañcāratnayo rathapathaḥ catvāraḥ paśupathaḥ dvau kṣudrapaśumanuṣyapathaḥ
dvi+daṇḍa,464719,Arthaśāstra,"ArthaŚ, 2, 4",5,1,daṇḍaḥ,Nom,Masc,Sing,2,Epic & early śāstra,caturdaṇḍaḥ setuvanapathaḥ dvidaṇḍo hastikṣetrapathaḥ pañcāratnayo rathapathaḥ catvāraḥ paśupathaḥ dvau kṣudrapaśumanuṣyapathaḥ
sāhasa+daṇḍa,464736,Arthaśāstra,"ArthaŚ, 2, 4",22,1,daṇḍaḥ,Nom,Masc,Sing,2,Epic & early śāstra,tasyātikrame pūrvaḥ sāhasadaṇḍaḥ
sāhasa+daṇḍa,464759,Arthaśāstra,"ArthaŚ, 2, 5",12,1,daṇḍaḥ,Nom,Masc,Sing,2,Epic & early śāstra,āhartuḥ pūrvaḥ sāhasadaṇḍaḥ
ardha+daṇḍa,464765,Arthaśāstra,"ArthaŚ, 2, 5",18,1,daṇḍāḥ,Nom,Masc,Plur,2,Epic & early śāstra,tadvaiyāvṛtyakarāṇām ardhadaṇḍāḥ
āyuj+daṇḍa,464790,Arthaśāstra,"ArthaŚ, 2, 6",20,1,daṇḍaḥ,Nom,Masc,Sing,2,Epic & early śāstra,naṣṭaprasmṛtam āyuktadaṇḍaḥ pārśvaṃ pārihīṇikam aupāyanikaṃ ḍamaragatakasvam aputrakaṃ nidhiścānyajātaḥ
sāhasa+daṇḍa,464821,Arthaśāstra,"ArthaŚ, 2, 7",22,1,daṇḍaḥ,Nom,Masc,Sing,2,Epic & early śāstra,kārmike copasthite kāraṇikasyāpratibadhnataḥ pūrvaḥ sāhasadaṇḍaḥ
steya+daṇḍa,464838,Arthaśāstra,"ArthaŚ, 2, 7",39,1,daṇḍaḥ,Nom,Masc,Sing,2,Epic & early śāstra,mithyāvāde steyadaṇḍaḥ
sāhasa+daṇḍa,464856,Arthaśāstra,"ArthaŚ, 2, 8",15,1,daṇḍaḥ,Nom,Masc,Sing,2,Epic & early śāstra,tatra ratnopabhoge ghātaḥ sāropabhoge madhyamaḥ sāhasadaṇḍaḥ phalgukupyopabhoge tacca tāvacca daṇḍaḥ
sāman+upapradāna+bheda+daṇḍa,464974,Arthaśāstra,"ArthaŚ, 2, 10",47,1,daṇḍāḥ,Nom,Masc,Plur,2,Epic & early śāstra,upāyāḥ sāmopapradānabhedadaṇḍāḥ
kośa+daṇḍa,465161,Arthaśāstra,"ArthaŚ, 2, 12",37,2,daṇḍābhyām,Ins,Masc,Dual,2,Epic & early śāstra,pṛthivī kośadaṇḍābhyāṃ prāpyate kośabhūṣaṇā
sāhasa+daṇḍa,465234,Arthaśāstra,"ArthaŚ, 2, 14",10,1,daṇḍaḥ,Nom,Masc,Sing,2,Epic & early śāstra,varṇahīne māṣāvare pūrvaḥ sāhasadaṇḍaḥ pramāṇahīne madhyamas tulāpratimānopadhāv uttamaḥ kṛtabhāṇḍopadhau ca
steya+daṇḍa,465524,Arthaśāstra,"ArthaŚ, 4, 1",27,1,daṇḍaḥ,Nom,Masc,Sing,2,Epic & early śāstra,pracchannavirūpamūlyahīnakrayeṣu steyadaṇḍaḥ kṛtabhāṇḍopadhau ca
sāhasa+daṇḍa,465553,Arthaśāstra,"ArthaŚ, 4, 1",56,1,daṇḍaḥ,Nom,Masc,Sing,2,Epic & early śāstra,bhiṣajaḥ prāṇābādhikam anākhyāyopakramamāṇasya vipattau pūrvaḥ sāhasadaṇḍaḥ karmāparādhena vipattau madhyamaḥ
steya+daṇḍa,465704,Arthaśāstra,"ArthaŚ, 4, 6",16,1,daṇḍam,Acc,Masc,Sing,2,Epic & early śāstra,anyathā steyadaṇḍaṃ bhajeta
sāhasa+daṇḍa,465753,Arthaśāstra,"ArthaŚ, 4, 8",8,1,daṇḍaḥ,Nom,Masc,Sing,2,Epic & early śāstra,śuddhaṃ parivāsayataḥ pūrvaḥ sāhasadaṇḍaḥ
sāhasa+daṇḍa,465778,Arthaśāstra,"ArthaŚ, 4, 9",3,1,daṇḍaḥ,Nom,Masc,Sing,2,Epic & early śāstra,phalgudravyakarmāntebhyaḥ phalgu dravyam upaskaraṃ vā pūrvaḥ sāhasadaṇḍaḥ
sāhasa+daṇḍa,465779,Arthaśāstra,"ArthaŚ, 4, 9",4,1,daṇḍaḥ,Nom,Masc,Sing,2,Epic & early śāstra,paṇyabhūmibhyo vā rājapaṇyaṃ māṣamūlyād ūrdhvam ā pādamūlyād ityapaharato dvādaśapaṇo daṇḍaḥ ā dvipādamūlyād iti caturviṃśatipaṇaḥ ā tripādamūlyād iti ṣaṭtriṃśatpaṇaḥ ā paṇamūlyād ityaṣṭacatvāriṃśatpaṇaḥ ā dvipaṇamūlyād iti pūrvaḥ sāhasadaṇḍaḥ ā catuṣpaṇamūlyād iti madhyamaḥ āṣṭapaṇamūlyād ityuttamaḥ ā daśapaṇamūlyād iti vadhaḥ
sāhasa+daṇḍa,465784,Arthaśāstra,"ArthaŚ, 4, 9",9,1,daṇḍaḥ,Nom,Masc,Sing,2,Epic & early śāstra,bāhyeṣu tu pracchannam ahani kṣetrakhalaveśmāpaṇebhyaḥ kupyabhāṇḍam upaskaraṃ vā māṣamūlyād ūrdhvam ā pādamūlyād ityapaharatastripaṇo daṇḍaḥ gomayapradehena vā pralipyāvaghoṣaṇam ā dvipādamūlyād iti ṣaṭpaṇaḥ gomayabhasmanā vā pralipyāvaghoṣaṇam ā tripādamūlyād iti navapaṇaḥ gomayabhasmanā vā pralipyāvaghoṣaṇam śarāvamekhalayā vā ā paṇamūlyād iti dvādaśapaṇaḥ muṇḍanaṃ pravrājanaṃ vā ā dvipaṇamūlyād iti caturviṃśatipaṇaḥ muṇḍasyeṣṭakāśakalena pravrājanaṃ vā ā catuṣpaṇamūlyād iti ṣaṭtriṃśatpaṇa ā pañcapaṇamūlyād ityaṣṭacatvāriṃśatpaṇaḥ ā daśapaṇamūlyād iti pūrvaḥ sāhasadaṇḍa ā viṃśatipaṇamūlyād iti dviśata ā triṃśatpaṇamūlyād iti pañcaśata ā catvāriṃśatpaṇamūlyād iti sāhasra ā pañcāśatpaṇamūlyād iti vadhaḥ
sāhasa+daṇḍa,465788,Arthaśāstra,"ArthaŚ, 4, 9",13,1,daṇḍam,Acc,Masc,Sing,2,Epic & early śāstra,dharmasthaśced vivadamānaṃ puruṣaṃ tarjayati bhartsayatyapasārayatyabhigrasate vā pūrvam asmai sāhasadaṇḍaṃ kuryāt vākpāruṣye dviguṇam
sāhasa+daṇḍa,465789,Arthaśāstra,"ArthaŚ, 4, 9",14,1,daṇḍam,Acc,Masc,Sing,2,Epic & early śāstra,pṛcchyaṃ na pṛcchati apṛcchyaṃ pṛcchati pṛṣṭvā vā visṛjati śikṣayati smārayati pūrvaṃ dadāti vā iti madhyamam asmai sāhasadaṇḍaṃ kuryāt
sāhasa+daṇḍa,465790,Arthaśāstra,"ArthaŚ, 4, 9",15,1,daṇḍam,Acc,Masc,Sing,2,Epic & early śāstra,deyaṃ deśaṃ na pṛcchati adeyaṃ deśaṃ pṛcchati kāryam adeśenātivāhayati chalenātiharati kālaharaṇena śrāntam apavāhayati mārgāpannaṃ vākyam utkramayati matisāhāyyaṃ sākṣibhyo dadāti tāritānuśiṣṭaṃ kāryaṃ punar api gṛhṇāti uttamam asmai sāhasadaṇḍaṃ kuryāt
sāhasa+daṇḍa,465792,Arthaśāstra,"ArthaŚ, 4, 9",17,1,daṇḍam,Acc,Masc,Sing,2,Epic & early śāstra,lekhakaśced uktaṃ na likhati anuktaṃ likhati duruktam upalikhati sūktam ullikhati arthotpattiṃ vā vikalpayati iti pūrvam asmai sāhasadaṇḍaṃ kuryād yathāparādhaṃ vā
hairaṇya+daṇḍa,465793,Arthaśāstra,"ArthaŚ, 4, 9",18,1,daṇḍam,Acc,Masc,Sing,2,Epic & early śāstra,dharmasthaḥ pradeṣṭā vā hairaṇyadaṇḍam adaṇḍye kṣipati kṣepadviguṇam asmai daṇḍaṃ kuryāt hīnātiriktāṣṭaguṇaṃ vā
śarīra+daṇḍa,465794,Arthaśāstra,"ArthaŚ, 4, 9",19,1,daṇḍam,Acc,Masc,Sing,2,Epic & early śāstra,śarīradaṇḍaṃ kṣipati śārīram eva daṇḍaṃ bhajeta niṣkrayadviguṇaṃ vā
sāhasa+daṇḍa,465797,Arthaśāstra,"ArthaŚ, 4, 9",22,1,daṇḍaḥ,Nom,Masc,Sing,2,Epic & early śāstra,cārakād abhiyuktaṃ muñcato niṣpātayato vā madhyamaḥ sāhasadaṇḍaḥ abhiyogadānaṃ ca bandhanāgārāt sarvasvaṃ vadhaśca
sāhasa+daṇḍa,465798,Arthaśāstra,"ArthaŚ, 4, 9",23,1,daṇḍaḥ,Nom,Masc,Sing,2,Epic & early śāstra,bandhanāgārādhyakṣasya saṃruddhakam anākhyāya cārayataścaturviṃśatipaṇo daṇḍaḥ karma kārayato dviguṇaḥ sthānānyatvaṃ gamayato 'nnapānaṃ vā rundhataḥ ṣaṇṇavatir daṇḍaḥ parikleśayata utkoṭayato vā madhyamaḥ sāhasadaṇḍaḥ ghnataḥ sāhasraḥ
sāhasa+daṇḍa,465799,Arthaśāstra,"ArthaŚ, 4, 9",24,1,daṇḍaḥ,Nom,Masc,Sing,2,Epic & early śāstra,parigṛhītāṃ dāsīm āhitikāṃ vā saṃruddhikām adhicarataḥ pūrvaḥ sāhasadaṇḍaś coraḍāmarikabhāryāṃ madhyamaḥ saṃruddhikām āryām uttamaḥ
sāhasa+daṇḍa,465801,Arthaśāstra,"ArthaŚ, 4, 9",26,1,daṇḍaḥ,Nom,Masc,Sing,2,Epic & early śāstra,tad evākṣaṇagṛhītāyām āryāyāṃ vidyād dāsyāṃ pūrvaḥ sāhasadaṇḍaḥ
ardha+daṇḍa,465806,Arthaśāstra,"ArthaŚ, 4, 10",2,1,daṇḍāḥ,Nom,Masc,Plur,2,Epic & early śāstra,pañcaviṃśatipaṇāvareṣu kukkuṭanakulamārjāraśvasūkarasteyeṣu hiṃsāyāṃ vā catuṣpañcāśatpaṇo daṇḍo nāsāgracchedanaṃ vā caṇḍālāraṇyacarāṇām ardhadaṇḍāḥ
sāhasa+daṇḍa,465830,Arthaśāstra,"ArthaŚ, 4, 11",6,1,daṇḍaḥ,Nom,Masc,Sing,2,Epic & early śāstra,prahāreṇa garbhaṃ pātayata uttamo daṇḍo bhaiṣajyena madhyamaḥ parikleśena pūrvaḥ sāhasadaṇḍaḥ
sāhasa+daṇḍa,465841,Arthaśāstra,"ArthaŚ, 4, 11",17,1,daṇḍaḥ,Nom,Masc,Sing,2,Epic & early śāstra,udakadhāraṇaṃ setuṃ bhindatastatraivāpsu nimajjanam anudakam uttamaḥ sāhasadaṇḍaḥ bhagnotsṛṣṭakaṃ madhyamaḥ
kleśa+daṇḍa,465850,Arthaśāstra,"ArthaŚ, 4, 11",26,1,daṇḍāḥ,Nom,Masc,Plur,2,Epic & early śāstra,ete śāstreṣvanugatāḥ kleśadaṇḍā mahātmanām
ardha+daṇḍa,465857,Arthaśāstra,"ArthaŚ, 4, 12",6,1,daṇḍaḥ,Nom,Masc,Sing,2,Epic & early śāstra,sakāmāyāṃ catuṣpañcāśatpaṇo daṇḍaḥ striyāstvardhadaṇḍaḥ
sāhasa+daṇḍa,465895,Arthaśāstra,"ArthaŚ, 4, 13",1,1,daṇḍaḥ,Nom,Masc,Sing,2,Epic & early śāstra,brāhmaṇam apeyam abhakṣyaṃ vā grāsayata uttamo daṇḍaḥ kṣatriyaṃ madhyamaḥ vaiśyaṃ pūrvaḥ sāhasadaṇḍaḥ śūdraṃ catuṣpañcāśatpaṇo daṇḍaḥ
sāhasa+daṇḍa,465897,Arthaśāstra,"ArthaŚ, 4, 13",3,1,daṇḍaḥ,Nom,Masc,Sing,2,Epic & early śāstra,paragṛhābhigamane divā pūrvaḥ sāhasadaṇḍo rātrau madhyamaḥ
sāhasa+daṇḍa,465900,Arthaśāstra,"ArthaŚ, 4, 13",6,1,daṇḍaḥ,Nom,Masc,Sing,2,Epic & early śāstra,svaveśmano virātrād ūrdhvaṃ parivāram ārohataḥ pūrvaḥ sāhasadaṇḍaḥ paraveśmano madhyamaḥ grāmārāmavāṭabhedinaśca
sāhasa+daṇḍa,465912,Arthaśāstra,"ArthaŚ, 4, 13",18,1,daṇḍaḥ,Nom,Masc,Sing,2,Epic & early śāstra,śṛṅgiṇā daṃṣṭriṇā vā hiṃsyamānam amokṣayataḥ svāminaḥ pūrvaḥ sāhasadaṇḍaḥ pratikruṣṭasya dviguṇaḥ
sāhasa+daṇḍa,465923,Arthaśāstra,"ArthaŚ, 4, 13",29,1,daṇḍaḥ,Nom,Masc,Sing,2,Epic & early śāstra,anyathāhiṃsāyāṃ madhyamaḥ sāhasadaṇḍaḥ
sāhasa+daṇḍa,465934,Arthaśāstra,"ArthaŚ, 4, 13",40,1,daṇḍaḥ,Nom,Masc,Sing,2,Epic & early śāstra,striyam ayonau gacchataḥ pūrvaḥ sāhasadaṇḍaḥ puruṣam adhimehataśca
daṇḍay+daṇḍa,465937,Arthaśāstra,"ArthaŚ, 4, 13",42,1,daṇḍane,Loc,Neut,Sing,2,Epic & early śāstra,adaṇḍyadaṇḍane rājño daṇḍastriṃśadguṇo 'mbhasi
jāla+daṇḍa,637594,Atharvaveda (Śaunaka),"AVŚ, 8, 8",5,1,daṇḍāḥ,Nom,Masc,Plur,1,Vedic (Saṃhitā–Brāhmaṇa–Śrautasūtra),antarikṣaṃ jālam āsīj jāladaṇḍā diśo mahīḥ
jāla+daṇḍa,637608,Atharvaveda (Śaunaka),"AVŚ, 8, 8",12,1,daṇḍam,Acc,Masc,Sing,1,Vedic (Saṃhitā–Brāhmaṇa–Śrautasūtra),sādhyā ekaṃ jāladaṇḍam udyatya yanty ojasā
vaiḍūrya+daṇḍa,642994,Avadānaśataka,"AvŚat, 17",4,2,daṇḍām,Acc,Fem,Sing,2,Epic & early śāstra,aho bata pañcaśikho gandharvaputraḥ saptagandharvasahasraparivṛto vaiḍūryadaṇḍāṃ vīṇām ādāya matsakāśam upasaṃkrāmed iti
vaiḍūrya+daṇḍa,642995,Avadānaśataka,"AvŚat, 17",4,3,daṇḍām,Acc,Fem,Sing,2,Epic & early śāstra,sahacittotpādāt pañcaśikho gandharvaputraḥ saptagandharvasahasraparivṛto bhagavantaṃ yathāvad abhyarcya bhagavato vaiḍūryadaṇḍāṃ vīṇām upanayati sma
vaiḍūrya+daṇḍa,642998,Avadānaśataka,"AvŚat, 17",4,6,daṇḍām,Acc,Fem,Sing,2,Epic & early śāstra,tato bhagavān api vaiḍūryadaṇḍāṃ vīṇām āśrāvitavān yata ekaikasyāṃ tantryām aneke svaraviśeṣā mūrcchanāś ca bahuprakārā darśitāḥ te ca śūnyākāreṇaiva
mantha+daṇḍa,553551,Aṣṭādhyāyī,"Aṣṭādhyāyī, 5, 1",110,,daṇḍayoḥ,Loc,Masc,Dual,2,Epic & early śāstra,viśākhāṣāḍhād aṇ manthadaṇḍayoḥ
madhya+ūrdhva+vṛtta+daṇḍa,29188,Aṣṭāṅgahṛdayasaṃhitā,"AHS, Sū., 25",37,1,daṇḍām,Acc,Fem,Sing,3,Early classical,madhyordhvavṛttadaṇḍāṃ ca mūle cārdhendusaṃnibhām
ūrdhva+daṇḍa,29224,Aṣṭāṅgahṛdayasaṃhitā,"AHS, Sū., 26",12,2,daṇḍayā,Ins,Fem,Sing,3,Early classical,tayordhvadaṇḍayā vidhyed uparyasthnāṃ sthitāṃ sirām
gaura+daṇḍa,29884,Aṣṭāṅgahṛdayasaṃhitā,"AHS, Śār., 1",39,2,daṇḍam,Acc,Masc,Sing,3,Early classical,gauradaṇḍam apāmārgaṃ jīvakarṣabhasairyakān
vāc+manas+karman+daṇḍa,519836,Baudhāyanadharmasūtra,"BaudhDhS, 2, 11",23,1,daṇḍaiḥ,Ins,Masc,Plur,1,Vedic (Saṃhitā–Brāhmaṇa–Śrautasūtra),vāṅmanaḥkarmadaṇḍair bhūtānām adrohī
udumbara+daṇḍa,436292,Baudhāyanagṛhyasūtra,"BaudhGS, 1, 5",17,1,daṇḍaḥ,Nom,Masc,Sing,1,Vedic (Saṃhitā–Brāhmaṇa–Śrautasūtra),tayoḥ śayyām antareṇodumbaradaṇḍo gandhānulipto vāsasā sūtreṇa vā parivītas tiṣṭhaty ā pakvahomāt
sruva+daṇḍa,669620,Baudhāyanaśrautasūtra,"BaudhŚS, 1, 17",28,,daṇḍena,Ins,Masc,Sing,1,Vedic (Saṃhitā–Brāhmaṇa–Śrautasūtra),athainat sruvadaṇḍenābhighārya jaghanena praṇītāḥ sādayitvādbhiḥ sruvadaṇḍaṃ saṃsparśyāvadadhāti
sruva+daṇḍa,669620,Baudhāyanaśrautasūtra,"BaudhŚS, 1, 17",28,,daṇḍam,Acc,Masc,Sing,1,Vedic (Saṃhitā–Brāhmaṇa–Śrautasūtra),athainat sruvadaṇḍenābhighārya jaghanena praṇītāḥ sādayitvādbhiḥ sruvadaṇḍaṃ saṃsparśyāvadadhāti
maitrāvaruṇa+daṇḍa,669942_1,Baudhāyanaśrautasūtra,"BaudhŚS, 4, 1",,,daṇḍam,Acc,Masc,Sing,1,Vedic (Saṃhitā–Brāhmaṇa–Śrautasūtra),saḥ upakalpayate pautudravān paridhīn gulgulu sugandhi tejanam śuklām ūrṇā stukām yā petvasya antarā śṛṅge dve raśane dviguṇām ca triguṇām ca dve vapāśrapaṇī viśākhām ca a viśākhām ca hṛdayaśūlam kārṣmarya mayān paridhīn audumbaram maitrāvaruṇa daṇḍam mukhena saṃmitam idhmābarhiḥ idhmam praṇayanīyam plakṣa śākhām iḍa sūnam yavān yavamatībhyaḥ saktūn saktu homāya pṛṣadājyāya dadhi hiraṇyam iti
maitrāvaruṇa+daṇḍa,670067_1,Baudhāyanaśrautasūtra,"BaudhŚS, 4, 4",,,daṇḍam,Acc,Masc,Sing,1,Vedic (Saṃhitā–Brāhmaṇa–Śrautasūtra),etāḥ asadan iti samabhimṛśya pradakṣiṇam āvṛtya pratyaṅ ādrutya yācati yavamatīḥ prokṣaṇīḥ barhiḥ hastam ājya sthālīm sa sruvām svaru raśanam maitrāvaruṇa daṇḍam yūpa śakalam hiraṇyam uda pātram iti
maitrāvaruṇa+daṇḍa,670077_1,Baudhāyanaśrautasūtra,"BaudhŚS, 4, 4",,,daṇḍam,Acc,Masc,Sing,1,Vedic (Saṃhitā–Brāhmaṇa–Śrautasūtra),atha ādatte ājya sthālīm sa sruvām svaru raśanam maitrāvaruṇa daṇḍam uda pātram iti
maitrāvaruṇa+daṇḍa,670093_1,Baudhāyanaśrautasūtra,"BaudhŚS, 4, 4",,,daṇḍena,Ins,Masc,Sing,1,Vedic (Saṃhitā–Brāhmaṇa–Śrautasūtra),maitrāvaruṇa daṇḍena saṃhanti brahma dṛṃha kṣatram dṛṃha prajām dṛṃha rāyaspoṣam dṛṃha iti
sruc+daṇḍa,670586,Baudhāyanaśrautasūtra,"BaudhŚS, 6, 12",5,,daṇḍe,Loc,Masc,Sing,1,Vedic (Saṃhitā–Brāhmaṇa–Śrautasūtra),atraitāṃ darbhanāḍīṃ srugdaṇḍa upasaṃgṛhyāhavanīye juhoty anvārabdhe yajamāne jūr asi dhṛtā manasā juṣṭā viṣṇave tasyās te satyasavasaḥ prasave vāco yantram aśīya svāheti
maitrāvaruṇa+daṇḍa,670990,Baudhāyanaśrautasūtra,"BaudhŚS, 6, 26",23,,daṇḍam,Acc,Masc,Sing,1,Vedic (Saṃhitā–Brāhmaṇa–Śrautasūtra),athādhvaryuḥ pradakṣiṇam āvṛtya pratyaṅṅ ādrutya yācati yavamatīḥ prokṣaṇīr barhirhastam ājyasthālīṃ sasruvāṃ maitrāvaruṇadaṇḍaṃ hiraṇyam udapātram iti
maitrāvaruṇa+daṇḍa,671002,Baudhāyanaśrautasūtra,"BaudhŚS, 6, 27",9,,daṇḍena,Ins,Masc,Sing,1,Vedic (Saṃhitā–Brāhmaṇa–Śrautasūtra),maitrāvaruṇadaṇḍena saṃhanti brahma dṛṃha kṣatraṃ dṛṃha prajāṃ dṛṃha rāyaspoṣaṃ dṛṃheti
sruc+daṇḍa,672081,Baudhāyanaśrautasūtra,"BaudhŚS, 8, 5",4,1,daṇḍe,Loc,Masc,Sing,1,Vedic (Saṃhitā–Brāhmaṇa–Śrautasūtra),uttareṇāgnīdhrīyaṃ parītyottareṇa sadaḥ parītya pūrvayā dvārā śālāṃ prapādya samanvārabdheṣv apivrateṣu saṃpracchanneṣu gārhapatya ājyaṃ vilāpyotpūya sruci caturgṛhītaṃ gṛhītvā vasanasyāntaṃ srugdaṇḍa upasaṃgṛhya saurībhyām ṛgbhyāṃ gārhapatye juhoty ud u tyaṃ jātavedasaṃ devaṃ vahanti ketavaḥ
sruc+daṇḍa,672085,Baudhāyanaśrautasūtra,"BaudhŚS, 8, 5",6,1,daṇḍe,Loc,Masc,Sing,1,Vedic (Saṃhitā–Brāhmaṇa–Śrautasūtra),athāgnīdhraṃ drutvā sruci caturgṛhītaṃ gṛhītvā vasanasyaivāntaṃ srugdaṇḍa upasaṃgṛhya nayavatyarcāgnīdhre juhoty agne naya supathā rāye asmān viśvāni deva vayunāni vidvān
maitrāvaruṇa+daṇḍa,672447,Baudhāyanaśrautasūtra,"BaudhŚS, 8, 19",3,,daṇḍam,Acc,Masc,Sing,1,Vedic (Saṃhitā–Brāhmaṇa–Śrautasūtra),sadasa audumbarīṃ sthūṇāṃ maitrāvaruṇadaṇḍam
ratna+daṇḍa,88026,Bhāgavatapurāṇa,"BhāgPur, 1, 10",17,2,daṇḍam,Acc,Masc,Sing,4,Later classical / early medieval,ratnadaṇḍaṃ guḍākeśaḥ priyaḥ priyatamasya ha
kara+daṇḍa,88215,Bhāgavatapurāṇa,"BhāgPur, 1, 12",33,2,daṇḍayoḥ,Loc,Masc,Dual,4,Later classical / early medieval,rājā labdhadhano dadhyau nānyatra karadaṇḍayoḥ
nyas+daṇḍa,90930,Bhāgavatapurāṇa,"BhāgPur, 3, 14",35,2,daṇḍāya,Dat,Masc,Sing,4,Later classical / early medieval,śivāya nyastadaṇḍāya dhṛtadaṇḍāya manyave
dhṛ+daṇḍa,90930,Bhāgavatapurāṇa,"BhāgPur, 3, 14",35,2,daṇḍāya,Dat,Masc,Sing,4,Later classical / early medieval,śivāya nyastadaṇḍāya dhṛtadaṇḍāya manyave
ugra+daṇḍa,93071,Bhāgavatapurāṇa,"BhāgPur, 4, 5",8,1,daṇḍaḥ,Nom,Masc,Sing,4,Later classical / early medieval,vātā na vānti na hi santi dasyavaḥ prācīnabarhir jīvati hogradaṇḍaḥ
pragrah+daṇḍa,93248,Bhāgavatapurāṇa,"BhāgPur, 4, 7",14,2,daṇḍaḥ,Nom,Masc,Sing,4,Later classical / early medieval,tad brāhmaṇān parama sarvavipatsu pāsi pālaḥ paśūn iva vibho pragṛhītadaṇḍaḥ
bhuja+daṇḍa,93292,Bhāgavatapurāṇa,"BhāgPur, 4, 7",32,3,daṇḍaiḥ,Ins,Masc,Plur,4,Later classical / early medieval,suravidviṭkṣapaṇair udāyudhair bhujadaṇḍair upapannam aṣṭabhiḥ
śikṣā+daṇḍa,95156,Bhāgavatapurāṇa,"BhāgPur, 4, 26",21,3,daṇḍam,Acc,Masc,Sing,4,Later classical / early medieval,kṛtāgaḥsvātmasātkṛtvā śikṣādaṇḍaṃ na yuñjate
dīrgha+pīvara+dos+daṇḍa,95608,Bhāgavatapurāṇa,"BhāgPur, 8, 8",33,1,daṇḍaḥ,Nom,Masc,Sing,4,Later classical / early medieval,dīrghapīvaradordaṇḍaḥ kambugrīvo 'ruṇekṣaṇaḥ
mūla+daṇḍa,727238,Bhāradvājaśrautasūtra,"BhārŚS, 1, 16",6,1,daṇḍāḥ,Nom,Fem,Plur,1,Vedic (Saṃhitā–Brāhmaṇa–Śrautasūtra),prādeśamātryo 'ratnimātryo bāhumātryo vā sruco bhavanti tvagbilā mūladaṇḍā hastyoṣṭhyo vāyasapucchā haṃsamukhaprasecanā vā
maitrāvaruṇa+daṇḍa,727490_1,Bhāradvājaśrautasūtra,"BhārŚS, 7, 6",,,daṇḍam,Acc,Masc,Sing,1,Vedic (Saṃhitā–Brāhmaṇa–Śrautasūtra),vasā homa havanīm dvitīyām juhūm prayunakti pṛṣadājya dhānīm dvitīyām upabhṛtam dve ājya sthālyau kumbhīm paśu śrapaṇīm kārṣmarya mayyau vapāśrapaṇyau dvi śūlām eka śūlām ca hṛdayaśūlam svarum svadhitim raśane plakṣa śākhām audumbaram maitrāvaruṇa daṇḍam yena ca arthī bhavati
maitrāvaruṇa+daṇḍa,727533_1,Bhāradvājaśrautasūtra,"BhārŚS, 7, 8",,,daṇḍena,Ins,Masc,Sing,1,Vedic (Saṃhitā–Brāhmaṇa–Śrautasūtra),maitrāvaruṇa daṇḍena paridṛṃhati brahma dṛṃha kṣatram dṛṃha iti
dīkṣ+daṇḍa,727901,Bhāradvājaśrautasūtra,"BhārŚS, 10, 6",18,,daṇḍam,Acc,Masc,Sing,1,Vedic (Saṃhitā–Brāhmaṇa–Śrautasūtra),athāsmā audumbaraṃ dīkṣitadaṇḍaṃ prayacchati mukhena saṃmitam ūrdhvasad asi vānaspatyaḥ sudyumno dyumnaṃ yajamānāya dhehīti
sruc+daṇḍa,728525,Bhāradvājaśrautasūtra,"BhārŚS, 12, 16",14,,daṇḍe,Loc,Masc,Sing,1,Vedic (Saṃhitā–Brāhmaṇa–Śrautasūtra),ahatena vāsasāmātyān saṃpracchādya vāsaso 'ntaṃ srugdaṇḍa upaniyamya juhoti vaisarjanāni tvaṃ soma tanūkṛdbhya iti
sruc+daṇḍa,729456,Bhāradvājaśrautasūtra,"BhārŚS, 14, 4",3,,daṇḍe,Loc,Masc,Sing,1,Vedic (Saṃhitā–Brāhmaṇa–Śrautasūtra),vāsaso 'ntaṃ srugdaṇḍa upaniyamya juhoti dākṣiṇāni
upāṃśu+daṇḍa,575579,Bhāratamañjarī,"BhāMañj, 1",744,2,daṇḍena,Ins,Masc,Sing,4,Later classical / early medieval,anyathopāṃśudaṇḍena ghnantyasmānarayaḥ śaraiḥ
dos+daṇḍa,580285,Bhāratamañjarī,"BhāMañj, 7",516,1,daṇḍaḥ,Nom,Masc,Sing,4,Later classical / early medieval,patansa bhuvi dordaṇḍaḥ kaṅkaṇāvaliniḥsvanaḥ
karṇa+dos+daṇḍa,580631,Bhāratamañjarī,"BhāMañj, 7",689,1,daṇḍāt,Abl,Masc,Sing,4,Later classical / early medieval,śaktiśca karṇadordaṇḍātsamaṃ yātā jayāya vaḥ
citra+daṇḍa,581098,Bhāratamañjarī,"BhāMañj, 8",117,1,daṇḍakau,Acc,Masc,Dual,4,Later classical / early medieval,devāpiṃ jiṣṇukarmāṇaṃ śalabhaṃ citradaṇḍakau
rājan+daṇḍa,582965,Bhāratamañjarī,"BhāMañj, 13",454,1,daṇḍena,Ins,Masc,Sing,4,Later classical / early medieval,nayam evaṃvidhaṃ jñātvā rājadaṇḍena gāmimām
laghu+daṇḍa,584025,Bhāratamañjarī,"BhāMañj, 13",977,1,daṇḍāḥ,Nom,Masc,Plur,4,Later classical / early medieval,laghudaṇḍāḥ purābhūvanmṛdavo 'lpadruho janāḥ
vadh+daṇḍa,584026,Bhāratamañjarī,"BhāMañj, 13",977,2,daṇḍe,Loc,Masc,Sing,4,Later classical / early medieval,adya kālaviparyāsādvadhyadaṇḍe 'pyasaṃyatāḥ
nija+dos+daṇḍa,586378,Bhāratamañjarī,"BhāMañj, 16",57,2,daṇḍe,Loc,Masc,Sing,4,Later classical / early medieval,pratasthe nijadordaṇḍe sāsūyāḥ pātayandṛśaḥ
suvarṇa+daṇḍa,98269,Bodhicaryāvatāra,"BoCA, 2",19,1,daṇḍaiḥ,Ins,Masc,Plur,3,Early classical,suvarṇadaṇḍaiḥ kamanīyarūpaiḥ saṃsaktamuktāni samucchritāni
ugra+daṇḍa,477581,Buddhacarita,"BCar, 3",49,2,daṇḍaḥ,Nom,Masc,Sing,2,Epic & early śāstra,mārgasya śaucādhikṛtāya caiva cukrośa ruṣṭo 'pi ca nogradaṇḍaḥ
mekhala+daṇḍa,478734,Buddhacarita,"BCar, 11",31,1,daṇḍakāḥ,Nom,Masc,Plur,2,Epic & early śāstra,vināśamīyuḥ kuravo yadarthaṃ vṛṣṇyandhakā mekhaladaṇḍakāśca
mṛj+hāṭaka+daṇḍa,522826,Bṛhatkathāślokasaṃgraha,"BKŚS, 10",3,2,daṇḍam,Acc,Neut,Sing,3,Early classical,mṛṣṭahāṭakadaṇḍaṃ ca cāmaraṃ marubhūtikaḥ
malla+daṇḍa,527738,Bṛhatkathāślokasaṃgraha,"BKŚS, 21",41,2,daṇḍakaḥ,Nom,Masc,Sing,3,Early classical,prasāritas tvayā kasmād asāro malladaṇḍakaḥ
vākya+daṇḍa,62287,Carakasaṃhitā,"Ca, Vim., 8",20,4,daṇḍakaiḥ,Ins,Masc,Plur,2,Epic & early śāstra,tadvidhena ca saha kathayatā āviddhadīrghasūtrasaṃkulair vākyadaṇḍakaiḥ kathayitavyam atihṛṣṭaṃ muhurmuhurupahasatā paraṃ nirūpayatā ca parṣadamākārairbruvataścāsya vākyāvakāśo na deyaḥ kaṣṭaśabdaṃ ca bruvatā vaktavyo nocyate athavā punarhīnā te pratijñā iti
vākya+daṇḍa,62291,Carakasaṃhitā,"Ca, Vim., 8",21,2,daṇḍakaiḥ,Ins,Masc,Plur,2,Epic & early śāstra,tatra khalvime pratyavarāṇāmāśu nigrahe bhavantyupāyāḥ tadyathā śrutahīnaṃ mahatā sūtrapāṭhenābhibhavet vijñānahīnaṃ punaḥ kaṣṭaśabdena vākyena vākyadhāraṇāhīnamāviddhadīrghasūtrasaṃkulairvākyadaṇḍakaiḥ pratibhāhīnaṃ punarvacanenaikavidhenānekārthavācinā vacanaśaktihīnamardhoktasya vākyasyākṣepeṇa aviśāradam apatrapaṇena kopanam āyāsanena bhīruṃ vitrāsanena anavahitaṃ niyamaneneti
brahmāṇḍa+chattra+daṇḍa,487437,Daśakumāracarita,"DKCar, 1, 1",1,1,daṇḍaḥ,Nom,Masc,Sing,3,Early classical,brahmāṇḍacchatradaṇḍaḥ śatadhṛtibhavanāmbhoruho nāladaṇḍaḥ kṣoṇīnaukūpadaṇḍaḥ kṣaradamarasaritpaṭṭikāketudaṇḍaḥ
nāla+daṇḍa,487437,Daśakumāracarita,"DKCar, 1, 1",1,1,daṇḍaḥ,Nom,Masc,Sing,3,Early classical,brahmāṇḍacchatradaṇḍaḥ śatadhṛtibhavanāmbhoruho nāladaṇḍaḥ kṣoṇīnaukūpadaṇḍaḥ kṣaradamarasaritpaṭṭikāketudaṇḍaḥ
kṣoṇī+nau+kūpa+daṇḍa,487437,Daśakumāracarita,"DKCar, 1, 1",1,1,daṇḍaḥ,Nom,Masc,Sing,3,Early classical,brahmāṇḍacchatradaṇḍaḥ śatadhṛtibhavanāmbhoruho nāladaṇḍaḥ kṣoṇīnaukūpadaṇḍaḥ kṣaradamarasaritpaṭṭikāketudaṇḍaḥ
kṣar+amarasarit+paṭṭikā+ketu+daṇḍa,487437,Daśakumāracarita,"DKCar, 1, 1",1,1,daṇḍaḥ,Nom,Masc,Sing,3,Early classical,brahmāṇḍacchatradaṇḍaḥ śatadhṛtibhavanāmbhoruho nāladaṇḍaḥ kṣoṇīnaukūpadaṇḍaḥ kṣaradamarasaritpaṭṭikāketudaṇḍaḥ
jyotiścakra+akṣa+daṇḍa,487438,Daśakumāracarita,"DKCar, 1, 1",1,2,daṇḍaḥ,Nom,Masc,Sing,3,Early classical,jyotiścakrākṣadaṇḍastribhuvanavijayastambhadaṇḍo 'ṅghridaṇḍaḥ śreyastraivikramaste vitaratu vibudhadveṣiṇāṃ kāladaṇḍaḥ
tribhuvana+vijaya+stambha+daṇḍa,487438,Daśakumāracarita,"DKCar, 1, 1",1,2,daṇḍaḥ,Nom,Masc,Sing,3,Early classical,jyotiścakrākṣadaṇḍastribhuvanavijayastambhadaṇḍo 'ṅghridaṇḍaḥ śreyastraivikramaste vitaratu vibudhadveṣiṇāṃ kāladaṇḍaḥ
aṅghri+daṇḍa,487438,Daśakumāracarita,"DKCar, 1, 1",1,2,daṇḍaḥ,Nom,Masc,Sing,3,Early classical,jyotiścakrākṣadaṇḍastribhuvanavijayastambhadaṇḍo 'ṅghridaṇḍaḥ śreyastraivikramaste vitaratu vibudhadveṣiṇāṃ kāladaṇḍaḥ
vīra+bhaṭa+paṭala+uttaraṅga+turaṃga+kuñjara+makara+bhīṣaṇa+sakala+ripu+gaṇa+kaṭaka+jalanidhi+mathana+mandarāy+samuddaṇḍa+bhuja+daṇḍa,487440,Daśakumāracarita,"DKCar, 1, 1",3,1,daṇḍaḥ,Nom,Masc,Sing,3,Early classical,tatra vīrabhaṭapaṭalottaraṅgaturaṅgakuñjaramakarabhīṣaṇasakalaripugaṇakaṭakajalanidhimathanamandarāyamāṇasamuddaṇḍabhujadaṇḍaḥ purandarapurāṅgaṇavanaviharaṇaparāyaṇataruṇagaṇikāgaṇajegīyamānayātimānayā śaradindukundaghanasāranīhārahāramṛṇālamarālasuragajanīrakṣīragiriśāṭṭahāsakailāsakāśanīkāśamūrtyā racitadigantarālapūrtyā kīrtyābhitaḥ surabhitaḥ svarlokaśikharoruruciraratnaratnākaravelāmekhalāyitadharaṇīramaṇīsaubhāgyabhogabhāgyavān anavaratayāgadakṣiṇārakṣitaśiṣṭaviśiṣṭavidyāsambhārabhāsurabhūsuranikaraḥ viracitārātisaṃtāpena pratāpena satatatulitaviyanmadhyahaṃsaḥ rājahaṃso nāma ghanadarpakandarpasaundaryasodaryahṛdyaniravadyarūpo bhūpo babhūva
śrī+daṇḍa,487569,Daśakumāracarita,"DKCar, 1, 1",82,1,daṇḍinaḥ,Gen,Masc,Sing,3,Early classical,iti śrīdaṇḍinaḥ kṛtau daśakumāracarite kumārotpattir nāma prathama ucchvāsaḥ
śrī+daṇḍa,487624,Daśakumāracarita,"DKCar, 1, 2",23,1,daṇḍinaḥ,Gen,Masc,Sing,3,Early classical,iti śrīdaṇḍinaḥ kṛtau daśakumāracarite dvijopakṛtir nāma dvitīya ucchvāsaḥ
tad+niraparādha+daṇḍa,487657,Daśakumāracarita,"DKCar, 1, 3",12,1,daṇḍe,Loc,Masc,Sing,3,Early classical,tanniśamyābhinanditaparākramo rājavāhanastanniraparādhadaṇḍe daivamupālabhya tasmai krameṇātmacaritaṃ kathayāmāsa
śrī+daṇḍa,487664,Daśakumāracarita,"DKCar, 1, 3",14,1,daṇḍinaḥ,Gen,Masc,Sing,3,Early classical,iti śrīdaṇḍinaḥ kṛtau daśakumāracarite somadattacaritaṃ nāma tṛtīya ucchvāsaḥ
śrī+daṇḍa,487738,Daśakumāracarita,"DKCar, 1, 4",28,1,daṇḍinaḥ,Gen,Masc,Sing,3,Early classical,iti śrīdaṇḍinaḥ kṛtau daśakumāracarite puṣpodbhavacaritaṃ nāma caturtha ucchvāsaḥ
śrī+daṇḍa,487839,Daśakumāracarita,"DKCar, 1, 5",26,1,daṇḍinaḥ,Gen,Masc,Sing,3,Early classical,iti śrīdaṇḍinaḥ kṛtau daśakumāracarite 'vantisundarīpariṇayo nāma pañcama ucchvāsaḥ
bāhu+daṇḍa,487859,Daśakumāracarita,"DKCar, 2, 1",20,1,daṇḍena,Ins,Masc,Sing,3,Early classical,paśyatu patimadyaiva śūlāvataṃsitamiyamanāryaśīlā kulapāṃsanī iti nirbhartsayan bhīṣaṇabhrukuṭidūṣitalalāṭaḥ kāla iva kālalohadaṇḍakarkaśena bāhudaṇḍenāvalambya hastāmbuje rekhāmbujarathāṅgalāñchane rājaputraṃ sarabhasamācakarṣa
bāhu+daṇḍa,487898,Daśakumāracarita,"DKCar, 2, 1",59,1,daṇḍe,Loc,Masc,Sing,3,Early classical,tasminneva kṣaṇāntare hato hataścaṇḍavarmā siṃhavarmaduhiturambālikāyāḥ pāṇisparśarāgaprasārite bāhudaṇḍa eva balavadalambya sarabhasamākṛṣya kenāpi duṣkarakarmaṇā taskareṇa nakhaprahāreṇa rājamandiroddeśaṃ ca śavaśatamayam āpādayann acakitagatirasau viharati iti vācaḥ samabhavan
śrī+daṇḍa,487922,Daśakumāracarita,"DKCar, 2, 1",83,1,daṇḍinaḥ,Gen,Masc,Sing,3,Early classical,iti śrīdaṇḍinaḥ kṛtau daśakumāracarite rājavāhanacarito nāma prathama ucchvāsaḥ
bāhu+daṇḍa,488299,Daśakumāracarita,"DKCar, 2, 2",377,1,daṇḍam,Acc,Masc,Sing,3,Early classical,tathā iti tenābhyupagate gatāyuṣo 'muṣya bhavanam utsavākulam upasamādhīyamānapariṇayopakaraṇam itas tataḥ praveśanirgamapravṛttalokasaṃbādhamalakṣyaśastrikaḥ saha praviśya maṅgalapāṭhakair ambalikāpāṇipallavam agnau sākṣiṇyātharvaṇena vidhinārpyamāṇam āditsamānasyāyāminaṃ bāhudaṇḍam ākṛṣya churikayorasi prāharṣam
śrī+daṇḍa,488305,Daśakumāracarita,"DKCar, 2, 2",383,1,daṇḍinaḥ,Gen,Masc,Sing,3,Early classical,iti śrīdaṇḍinaḥ kṛtau daśakumāracarite 'pahāravarmacaritaṃ nāma dvitīya ucchvāsaḥ
śrī+daṇḍa,488524,Daśakumāracarita,"DKCar, 2, 3",219,1,daṇḍinaḥ,Gen,Masc,Sing,3,Early classical,iti śrīdaṇḍinaḥ kṛtau daśakumāracarite upahāravarmacaritaṃ nāma tṛtīya ucchvāsaḥ
śrī+daṇḍa,488703,Daśakumāracarita,"DKCar, 2, 4",179,,daṇḍinaḥ,Gen,Masc,Sing,3,Early classical,iti śrīdaṇḍinaḥ kṛtau daśakumāracarite 'rthapālacaritaṃ nāma caturtha ucchvāsaḥ
śrī+daṇḍa,488823,Daśakumāracarita,"DKCar, 2, 5",120,1,daṇḍinaḥ,Gen,Masc,Sing,3,Early classical,iti śrīdaṇḍinaḥ kṛtau daśakumāracaritaṃ nāma pañcama ucchvāsaḥ
śrī+daṇḍa,489134,Daśakumāracarita,"DKCar, 2, 6",311,1,daṇḍinaḥ,Gen,Masc,Sing,3,Early classical,iti śrīdaṇḍinaḥ kṛtau daśakumāracarite mitraguptacaritaṃ nāma ṣaṣṭha ucchvāsaḥ
śrī+daṇḍa,489241,Daśakumāracarita,"DKCar, 2, 7",107,,daṇḍinaḥ,Gen,Masc,Sing,3,Early classical,iti śrīdaṇḍinaḥ kṛtau daśakumāracarite mantraguptacaritaṃ nāma saptama ucchvāsaḥ
śrī+daṇḍa,489534,Daśakumāracarita,"DKCar, 2, 8",291,,daṇḍinaḥ,Gen,Masc,Sing,3,Early classical,iti śrīdaṇḍinaḥ kṛtau daśakumāracarite viśrutacaritaṃ nāmāṣṭama ucchvāsaḥ
prabala+daṇḍa,612808,Devīmāhātmya,"Devīmāhātmya, 1",5,1,daṇḍinaḥ,Gen,Masc,Sing,5,Medieval / late,tasya tairabhavad yuddhamatiprabaladaṇḍinaḥ
ratna+daṇḍa,656212,Divyāvadāna,"Divyāv, 12",338,1,daṇḍam,Nom,Neut,Sing,3,Early classical,nandopanandābhyāṃ nāgarājābhyāṃ bhagavata upanāmitaṃ nirmitaṃ sahasrapatraṃ śakaṭacakramātraṃ sarvasauvarṇaṃ ratnadaṇḍaṃ padmam
chattra+daṇḍa,658427,Divyāvadāna,"Divyāv, 19",275,1,daṇḍe,Loc,Masc,Sing,3,Early classical,so 'pattanaṃ ghoṣayitvā tām yamalīṃ chatradaṇḍe prakṣipya sārthena sārdhaṃ rājagṛhaṃ samprasthito yāvadanupūrveṇa śulkaśālāmanuprāptaḥ
chattra+daṇḍa,658450,Divyāvadāna,"Divyāv, 19",298,1,daṇḍāt,Abl,Masc,Sing,3,Early classical,tena chatradaṇḍādapanīya sā yamalī darśitā
tri+daṇḍa,541335,Garuḍapurāṇa,"GarPur, 1, 15",117,1,_,Nom,Masc,Sing,4,Later classical / early medieval,vikramo daṇḍahastaśca hyekadaṇḍī tridaṇḍadhṛk
īṣā+daṇḍa,544013,Garuḍapurāṇa,"GarPur, 1, 58",2,1,daṇḍaḥ,Nom,Masc,Sing,4,Later classical / early medieval,īṣādaṇḍastathaivāsya dviguṇo vṛṣabhadhvaja
vikukṣi+nimi+daṇḍa,548519,Garuḍapurāṇa,"GarPur, 1, 138",18,2,daṇḍakāḥ,Nom,Masc,Plur,4,Later classical / early medieval,ikṣvākostu trayaḥ putrāḥ vikukṣinimidaṇḍakāḥ
brāhmaṇa+daṇḍa,489588_1,Gautamadharmasūtra,"GautDhS, 1, 1",,,daṇḍau,Nom,Masc,Dual,1,Vedic (Saṃhitā–Brāhmaṇa–Śrautasūtra),bailva pālāśau brāhmaṇa daṇḍau
prātibhāvya+vaṇij+śulka+madya+dyūta+daṇḍa,490078,Gautamadharmasūtra,"GautDhS, 2, 3",39,1,daṇḍāḥ,Nom,Masc,Plur,1,Vedic (Saṃhitā–Brāhmaṇa–Śrautasūtra),prātibhāvyavaṇikśulkamadyadyūtadaṇḍāḥ putrānnābhyābhaveyuḥ
brāhmaṇa+daṇḍa,490083,Gautamadharmasūtra,"GautDhS, 2, 3",44,1,daṇḍaḥ,Nom,Masc,Sing,1,Vedic (Saṃhitā–Brāhmaṇa–Śrautasūtra),na śārīro brāhmaṇadaṇḍaḥ
loha+daṇḍa,490400,Gautamadharmasūtra,"GautDhS, 3, 4",25,1,daṇḍaḥ,Nom,Masc,Sing,1,Vedic (Saṃhitā–Brāhmaṇa–Śrautasūtra),sarpe lohadaṇḍaḥ
rambhā+daṇḍa,81,Gheraṇḍasaṃhitā,"GherS, 1",38,1,daṇḍam,Acc,Masc,Sing,5,Medieval / late,rambhādaṇḍaṃ hariddaṇḍaṃ vetradaṇḍaṃ tathaiva ca
harit+daṇḍa,81,Gheraṇḍasaṃhitā,"GherS, 1",38,1,daṇḍam,Acc,Masc,Sing,5,Medieval / late,rambhādaṇḍaṃ hariddaṇḍaṃ vetradaṇḍaṃ tathaiva ca
vetra+daṇḍa,81,Gheraṇḍasaṃhitā,"GherS, 1",38,1,daṇḍam,Acc,Masc,Sing,5,Medieval / late,rambhādaṇḍaṃ hariddaṇḍaṃ vetradaṇḍaṃ tathaiva ca
pāda+daṇḍa,191,Gheraṇḍasaṃhitā,"GherS, 2",28,2,daṇḍena,Ins,Masc,Sing,5,Medieval / late,pādadaṇḍena yāmyena veṣṭayed vāmapādakam
rambhā+daṇḍa,514,Gheraṇḍasaṃhitā,"GherS, 5",19,1,daṇḍam,Acc,Masc,Sing,5,Medieval / late,āmarambhāṃ bālarambhāṃ rambhādaṇḍaṃ ca mūlakam
śāka+daṇḍa,524,Gheraṇḍasaṃhitā,"GherS, 5",24,1,daṇḍakam,Acc,Neut,Sing,5,Medieval / late,kulatthaṃ masūraṃ pāṇḍuṃ kūṣmāṇḍaṃ śākadaṇḍakam
brahman+daṇḍa,439595,Gokarṇapurāṇasāraḥ,"GokPurS, 2",73,1,daṇḍakam,Acc,Masc,Sing,5,Medieval / late,ādau snātvā koṭitīrthe sthāpayed brahmadaṇḍakam
rudra+daṇḍa,440410,Gokarṇapurāṇasāraḥ,"GokPurS, 7",65,2,daṇḍam,Acc,Masc,Sing,5,Medieval / late,labdhvā tasmād rudradaṇḍaṃ vasiṣṭhaṃ punar abhyagāt
rudra+daṇḍa,440411,Gokarṇapurāṇasāraḥ,"GokPurS, 7",66,1,daṇḍam,Acc,Masc,Sing,5,Medieval / late,jagrāsa rudradaṇḍaṃ taṃ vasiṣṭho munipuṅgavaḥ
rudra+daṇḍa,440412,Gokarṇapurāṇasāraḥ,"GokPurS, 7",66,2,daṇḍaḥ,Nom,Masc,Sing,5,Medieval / late,nirbhidya munidehaṃ sa rudradaṇḍas tv agāc chivam
brahman+daṇḍa,440425,Gokarṇapurāṇasāraḥ,"GokPurS, 7",72,2,daṇḍam,Nom,Neut,Sing,5,Medieval / late,brāhmaṇyaṃ ca dadus tasmai brahmadaṇḍaṃ ca pūjyatām
sruc+daṇḍa,689325,Gopathabrāhmaṇa,"GB, 1, 3, 11",41,,daṇḍam,Acc,Masc,Sing,1,Vedic (Saṃhitā–Brāhmaṇa–Śrautasūtra),kiṃdevatyaṃ rātrau srugdaṇḍam avāmārkṣīḥ
sruc+daṇḍa,689368,Gopathabrāhmaṇa,"GB, 1, 3, 12",41,,daṇḍam,Acc,Masc,Sing,1,Vedic (Saṃhitā–Brāhmaṇa–Śrautasūtra),yad rātrau srugdaṇḍam avāmārkṣaṃ ye rātrau saṃviśanti dakṣiṇāṃs tān udanaiṣam
prāñc+daṇḍa,690576_1,Gopathabrāhmaṇa,"GB, 2, 1, 2",,,daṇḍam,Acc,Masc,Sing,1,Vedic (Saṃhitā–Brāhmaṇa–Śrautasūtra),tat vyūhya tṛṇāni prāc daṇḍam sthaṇḍile nidadhāti pṛthivyāḥ tvā nābhau sādayāmi iti
bhuja+daṇḍa,74910,Gorakṣaśataka,"GorŚ, 1",37,1,daṇḍena,Ins,Masc,Sing,5,Medieval / late,ākṣipto bhujadaṇḍena yathoccalati kandukaḥ
loha+daṇḍa,393146,Gūḍhārthadīpikā,"ŚGDīp zu ŚdhSaṃh, 2, 11, 43.2",18,3,daṇḍena,Ins,Masc,Sing,5,Medieval / late,gharṣaṇaṃ lohadaṇḍena cūrṇaṃ deyaṃ punaḥ punaḥ
tāra+vyoman+agni+manu+yuga+daṇḍa,557560,Haribhaktivilāsa,"HBhVil, 1",235,2,daṇḍī,Nom,Masc,Sing,5,Medieval / late,tāravyomāgnimanuyugadaṇḍī jyotir manur mataḥ
tīkṣṇa+daṇḍa,762253,Harivaṃśa,"HV, 41",7,2,daṇḍāḥ,Nom,Masc,Plur,3,Early classical,atīkṣṇadaṇḍāś caturo varṇāñ jugupur añjasā
bāhu+daṇḍa,764236,Harivaṃśa,"HV, 61",45,1,daṇḍena,Ins,Masc,Sing,3,Early classical,bāhudaṇḍena kṛṣṇasya vidhṛtaṃ sumahat tadā
rukma+daṇḍa,767653,Harivaṃśa,"HV, 93",53,1,daṇḍāḥ,Nom,Masc,Plur,3,Early classical,tasmin suvihitāḥ sarve rukmadaṇḍāḥ patākinaḥ
uru+daṇḍa,629619,Harṣacarita,"Harṣacarita, 1",105,1,daṇḍābhyām,Ins,Masc,Dual,3,Early classical,madhye ca tasya sārdhacandreṇa muktāphalajālamālinā vividharatnakhaṇḍakhacitena śaṅkhakṣīraphenapāṇḍureṇa kṣīrodeneva svayaṃ lakṣmīṃ dātumāgatena gaganagatenātapatreṇa kṛtacchāyam acchācchenābharaṇadyutīnāṃ nivahena diśāmiva darśanānurāgalagnena cakravālenānugamyamānam ānitambavilambinyā mālatīśekharasrajā sakalabhuvanavijayārjitayā rūpapatākayeva virājamānam utsarpibhiḥ śikhaṇḍakhaṇḍikāpadmarāgamaṇer aruṇair aṃśujālair adṛśyamānavanadevatāvidhṛtair bālapallavairiva pramṛjyamānamārgareṇuparuṣavapuṣam bakulakuḍmalamaṇḍalīmuṇḍamālāmaṇḍanamanohareṇa kuṭilakuntalastabakamālinā maulinā mīlitātapaṃ pibantamiva divasam paśupatijaṭāmukuṭamṛgāṅkadvitīyaśakalaghaṭitasyeva sahajalakṣmīsamāliṅgitasya lalāṭapaṭṭasya manaḥśilāpaṅkapiṅgalena lāvaṇyena limpantamivāntarikṣam abhinavayauvanārambhāvaṣṭambhapragalbhadṛṣṭipātatṛṇīkṛtatribhuvanasya cakṣuṣaḥ prathimnā vikacakumudakuvalayakamalasaraḥsahasrasaṃchāditadaśadiśaṃ śaradamiva pravartayantam āyatanayananadīsīmāntasetubandhena lalāṭataṭaśaśimaṇiśilātalagalitena kāntisalilasrotaseva drāghīyasā nāsāvaṃśena śobhamānam atisurabhisahakārakarpūrakakkolalavaṅgapārijātakaparimalamucā mattamadhukarakulakolāhalamukhareṇa mukhena sanandanavanaṃ vasantamivāvatārayantam āsannasuhṛtparihāsabhāvanottānitamukhamugdhahasitairdaśanajyotsnāsnapitadiṅmukhaiḥ punaḥpunarnabhasi saṃcāriṇaṃ candrālokamiva kalpayantaṃ kadambamukulasthūlamuktāphalayugalamadhyādhyāsitamarakatasya trikaṇṭakakarṇābharaṇasya preṅkhataḥ prabhayā samutsarpantyā kṛtasakusumaharitakundapallavakarṇāvataṃsamivopalakṣyamāṇam āmoditamṛgamadapaṅkalikhitapatrabhaṅgabhāsvaram bhujayugalamuddāmamakarākrāntaśikharamiva makaraketuketoḥ daṇḍadvayaṃ dadhānaṃ dhavalabrahmasūtrasīmantitaṃ sāgaramathanasāmarṣagaṅgāsrotaḥsaṃdānitam iva mandaraṃ dehamudvahantam karpūrakṣodamuṣṭicchuraṇapāṃśuleneva kāntoccakucacakravākayugalavipulapulinenoraḥsthalena sthūlabhujāyāmapuñjitam puro vistārayantamiva dikcakram purastād īṣad adhonābhinihitaikakoṇakamanīyena pṛṣṭhataḥ kakṣyādhikakṣiptapallavenobhayataḥ saṃvalanaprakaṭitorutribhāgena hārītaharitā nibiḍanipīḍitenādharavāsasā vibhajyamānatanutaramadhyabhāgam anavarataśramopacitamāṃsakaṭhinavikaṭamakaramukhasaṃlagnajānubhyām ativiśālavakṣaḥsthalopalavedikottambhanaśilāstambhābhyāṃ cārucandanasthāsakasthūlatarakāntibhyāmurudaṇḍābhyām upahasantamivairāvatakarāyāmam atibharitorubhāravahanakhedeneva tanuhasantam ivairāvatakarāyāmam atibharitorubhāravahanakhedeneva tanutarajaṅghākāṇḍam kalpapādapapallavadvayasyeva pāṭalasyobhayapārśvāvalambinaḥ pādadvayasya dolāyamānair nakhamayūkhair aśvamaṇḍanacāmaramālāmiva racayantam abhimukhamuccairudañcadbhiraticiramupariviśrāmyadbhiriva valitavikaṭaṃ patadbhiḥ khuraiḥ khaṇḍitabhuvi pratikṣaṇadaśanavimuktakhaṇakhaṇāyitakharakhalīne dīrghaghrāṇalīnalālike lalāṭalulitacārucāmīkaracakrake śiñjānaśātakaumbhāyānaśobhini manoraṃhasi golāṅgūlakapolakālakāyalomni nīlasindhuvāravarṇe vājini mahati samārūḍham ubhayataḥ paryāṇapaṭṭaśliṣṭahastābhyām āsannaparicārakābhyāṃ dodhūyamānadhavalacāmarikāyugalam agrataḥ paṭhato bandinaḥ subhāṣitamutkaṇṭakitakapolaphalakena lagnakarṇotpalakesarapakṣmaśakaleneva mukhaśaśinā bhāvayantam anaṅgayugāvatāramiva darśayantaṃ candramayīmiva sṛṣṭimutpādayantam vilāsaprāyamiva jīvalokaṃ janayantam anurāgamayamiva sargāntamāracayantam śṛṅgāramayamiva divasamāpādayantam rāgarājyamiva pravartayantam ākarṣaṇāñjanamiva cakṣuṣoḥ vaśīkaraṇamantramiva manasaḥ svasthāveśacūrṇam ivendriyāṇām asaṃtoṣam iva kautukasya siddhayogamiva saubhāgyasya punarjanmadivasamiva manmathasya rasāyanamiva yauvanasya ekarājyamiva rāmaṇīyakasya kīrtistambhamiva rūpasya mūlakośamiva lāvaṇyasya puṇyakarmapariṇāmamiva saṃsārasya prathamāṅkuramiva kāntilatāyāḥ sargābhyāsaphalamiva prajāpateḥ pratāpamiva vibhramasya yaśaḥpravāhamiva vaidagdhyasya aṣṭādaśavarṣadeśīyaṃ yuvānamadrākṣīt
nārāyaṇa+bāhu+daṇḍa,629767,Harṣacarita,"Harṣacarita, 1",253,1,daṇḍāḥ,Nom,Masc,Plur,3,Early classical,tasyābhavannacyuta īśāno haraḥ pāśupataśceti catvāro yugārambhā iva brāhmatejojanyamānaprajāvistārā nārāyaṇabāhudaṇḍā iva saccakranandakāstanayāḥ
dyut+vikaṭa+vidruma+daṇḍa,629854,Harṣacarita,"Harṣacarita, 2",66,1,daṇḍaiḥ,Ins,Masc,Plur,3,Early classical,nivartitasnānāśanavyatikaro viśrāntaśca mekhalakena saha yāmamātrāvaśeṣe divase bhuktavati bhūbhuji prakhyātānāṃ kṣitibhujāṃ bahūñchibirasaṃniveśān vīkṣamāṇaḥ śanaiḥ śanaiḥ paṭṭabandhārthamupasthāpitaiśca ḍiṇḍimādhirohaṇāyāhṛtaiścābhinavabaddhaiśca vikṣepopārjitaiśca kauśalikāgataiśca prathamadarśanakutūhalopanītaiśca nāgavīthīpālapreṣitaiśca pallīparivṛḍhaḍhaukitaiśca svecchāyuddhakrīḍākautukākāritaiś ca dūtasaṃpreṣaṇapreṣitaiśca dīyamānaiś cāchidyamānaiś ca mucyamānaiś ca yāmasthāpitaiś ca sarvadvīpavijigīṣayā giribhiriva sāgarasetubandhanārtham ekīkṛtair dhvajapaṭapaṭupaṭahaśaṅkhacāmarāṅgarāgaramaṇīyaiḥ puṣyābhiṣekadivasairiva kalpitairvāraṇendraiḥ śyāmāyamānam anavaratacalitakhurapuṭaprahatamṛdaṅgaiś ca nartayadbhir iva rājalakṣmīm upahasadbhir iva sṛkkapuṭaprasṛtaphenāṭṭahāsena javajaḍajaṅghāṃ hariṇajātimākārayadbhiriva saṃghaṭṭahetor harṣaheṣitenoccair uccaiḥśravasam utpatadbhir iva divasakararathaturagaruṣā pakṣāyamāṇamaṇḍanacāmaramālair gaganatalaṃ turaṅgais taraṅgāyamāṇam anyatra preṣitaiśca preṣyamāṇaiśca preṣitapratinivṛttaiś ca bahuyojanagamanagaṇanasaṃkhyākṣarāvalībhir iva varāṭikāvalībhir ghaṭitamukhamaṇḍanakais tārakitair iva saṃdhyātapacchedair aruṇacāmarikāracitakarṇapūraiḥ saraktotpalair iva raktaśāliśāleyair anavaratajhaṇajhaṇāyamānacārucāmīkaraghurughurukamālikair jaratkarañjavanair iva raṇitaśuṣkabījakośīśataiḥ śravaṇopāntapreṅkhatpañcarāgavarṇorṇācitrasūtrajūṭajaṭājālaiḥ kapikapolakapilaiḥ kramelakakulaiḥ kapilāyamānam anyatra śarajjaladharairiva sadyaḥsrutapayaḥpaṭaladhavalatanubhiḥ kalpapādapairiva muktāphalajālakajāyamānālokaluptachāyāmaṇḍalair nārāyaṇanābhipuṇḍarīkair ivāśliṣṭagaruḍapakṣaiḥ kṣīrododdeśairiva dyotamānavikaṭavidrumadaṇḍaiḥ śeṣaphaṇāphalakair ivoparisphuratsphītamāṇikyakhaṇḍaiḥ śvetagaṅgāpulinairiva rājahaṃsopasevitairabhibhavadbhiriva nidāghasamayamupahasadbhiriva vivasvataḥ pratāpamāpibadbhirivātapaṃ candralokamayamiva jīvalokaṃ janayadbhiḥ kumudamayamiva kālaṃ kurvadbhir jyotsnāmayam iva vāsaraṃ viracayadbhiḥ phenamayīmiva divaṃ darśayadbhir akālakaumudīsahasrāṇīva sṛjadbhir upahasadbhir iva śātakratavīṃ śriyaṃ śvetāyamānair ātapatrakhaṇḍaiḥ śvetadvīpāyamānam kṣaṇadṛṣṭanaṣṭāṣṭadiṅmukhaṃ ca muṣṇadbhiriva bhuvanamākṣepotkṣepadolāyitaṃ dinaṃ gatāgatānīva kārayadbhirutsārayadbhiriva kunṛpatisamparkakalaṅkakālīṃ kāleyīṃ sthitiṃ vikacaviśadakāśavanapāṇḍuradaśadiśaṃ śaratsamayam ivopapādayadbhir bisatantumayam ivāntarikṣam āvirbhāvayadbhiḥ śaśikararucīnāṃ calatāṃ cāmarāṇāṃ sahasrair dolāyamānam api ca haṃsayūthāyamānaṃ karikarṇaśaṅkhaiḥ kalpalatāvanāyamānaṃ kadalikābhiḥ māṇikyavṛkṣakavanāyamānaṃ māyūrātapatraiḥ mandākinīpravāhāyamāṇam aṃśukaiḥ kṣīrodāyamānaṃ kṣaumaiḥ kadalīvanāyamānaṃ marakatamayūkhaiḥ janyamānānyadivasamiva padmarāgabālātapaiḥ utpadyamānāparāmbaram ivendranīlaprabhāpaṭalaiḥ ārabhyamāṇāpūrvaniśam iva mahānīlamayūkhāndhakāraiḥ syandamānānekakālindīsahasram iva gāruḍamaṇiprabhāpratānaiḥ aṅgārakitamiva puṣparāgaraśmibhiḥ kaiścit praveśam alabhamānair adhomukhaiś caraṇanakhapatitavadanapratibimbanibhena lajjayā svāṅgānīva viśadbhiḥ kaiścid aṅgulīlikhitāyāḥ kṣiter vikīryamāṇakaranakhakiraṇakadambavyājena sevācāmarāṇīvārpayadbhiḥ kaiścid uraḥsthaladolāyamānendranīlataralaprabhāpaṭṭaiḥ svāmikopapraśamanāya kaṇṭhabaddhakṛpāṇapaṭṭairiva kaiścid ucchvāsasaurabhabhrāmyadbhramarapaṭalāndhakāritamukhair apahṛtalakṣmīśokadhṛtalambaśmaśrubhir ivānyaiḥ śekharoḍḍīyamānamadhupamaṇḍalaiḥ praṇāmaviḍambanābhayapalāyamānamaulibhiriva nirjitairapi susaṃmānitair ivānanyaśaraṇair antarāntarā niṣpatatāṃ praviśatāṃ cāntarapratīhārāṇām anumārgapradhāvitānekārthijanasahasrāṇām anuyāyinaḥ puruṣān aśrāntaiḥ punaḥ punaḥ pṛcchadbhiḥ bhadrādya bhaviṣyati bhuktvā sthāne dāsyati darśanaṃ parameśvaraḥ niṣpatiṣyati vā bāhyāṃ kakṣām iti darśanāśayā divasaṃ nayadbhirbhujanirjitaiḥ śatrumahāsāmantaiḥ samantādāsevyamānam anyaiś ca pratāpānurāgāgatair nānādeśajair mahāmahīpālaiḥ pratipālayadbhir narapatidarśanakālam adhyāsyamānam ekāntopaviṣṭaiśca jainair ārhataiḥ pāśupataiḥ pārāśaribhirvarṇibhiḥ sarvadeśajanmabhiś ca janapadaiḥ sarvāmbhodhivelāvanavalayavāsibhiś ca mlecchajātibhiḥ sarvadeśāntarāgataiś ca dūtamaṇḍalairupāsyamānam sarvaprajānirmāṇabhūmimiva prajāpatīnāṃ lokatrayasāroccayaracitaṃ caturthamiva lokam mahābhārataśatair apy akathanīyasamṛddhisaṃbhāram kṛtayugasahasrairiva kalpitasaṃniveśaṃ svargārbudair iva vihitarāmaṇīyakam rājalakṣmīkoṭibhir iva kṛtaparigrahaṃ rājadvāramagamat
hasta+argala+daṇḍa,629874,Harṣacarita,"Harṣacarita, 2",86,,daṇḍena,Ins,Masc,Sing,3,Early classical,gatvā ca taṃ pradeśaṃ dūrād eva gabhīragalagarjitair viyati cātakakadambakair bhuvi ca bhavananīlakaṇṭhakulaiḥ kalakekākalakalamukharamukhaiḥ kriyamāṇakalakolāhalaṃ vikacakadambasaṃvādimadasurāsaurabhabharitabhuvanam kāyavantam ivākālameghakālam aviralamadhubindupiṅgalapadmajālakitāṃ sarasīm ivātyavagāḍhāṃ daśāṃ caturthīm utsṛjantam anavaratam avataṃsaśaṅkair āmandrakarṇatāladundubhidhvanibhiḥ pañcamīpraveśamaṅgalārambham iva sūcayantam aviratacalanacitratripadīlalitalāsyalayair dolāyamānadīrghadehābhogatayā medinīvidalanabhayena bhāramiva laghayantaṃ digbhittitaṭeṣu kāyamiva kaṇḍūyamānam āhavāyodastahastatayā digvāraṇānivāhvayamānam brahmastambham iva sthūlaniśitadantena karapatreṇa pāṭayantam amāntaṃ bhuvanābhyantare bahir iva nirgantum īhamānaṃ sarvataḥ sarasakisalayalatālāsibhir leśikaiś ciraparicayopacitair vanair iva vikṣiptasaśaivalabisavisaraśabalasalilaiḥ sarobhir iva cādhoraṇair ādhīyamānanidāghasamayasamucitopacārānandam api ca pratigajadānapavanādānadūrotkṣiptenānekasamaravijayagaṇanālekhābhir iva valivalayarājibhistanīyasībhis taraṅgitodareṇātisthavīyasā hastārgaladaṇḍenārgalayantam iva sakalaṃ sakulaśailasamudradvīpakānanaṃ kakubhāṃ cakravālam ekaṃ karāntarārpitenotpalāśena kadalīdaṇḍenāntargataśīkarasicyamānamūlam muktapallavam ivāparaṃ līlāvalambinā mṛṇālajālakena samararasoccaromāñcakaṇṭakitam iva dantakāṇḍaṃ vahantam visarpantyā ca dantakāṇḍayugalasya kāntyā saraḥkrīḍāsvāditāni kumudavanānīva bahudhā vamantaṃ nijayaśorāśimiva diśāmarpayantam kukarikīṭapāṭanadurvidagdhān siṃhānivopahasantam kalpadrumadukūlamukhapaṭamiva cātmanaḥ kalayantam hastakāṇḍadaṇḍoddharaṇalīlāsu ca lakṣyamāṇena raktāṃśukasukumāratareṇa tālunā kavalitāni raktapadmavanānīva varṣantam abhinavakisalayarāśīnivodgirantam kamalakavalapītaṃ madhurasamiva svabhāvapiṅgalena vamantaṃ cakṣuṣāṃ cūtacampakalavalīlavaṅgakakkolavantyelālatāmiśritāni sasahakārāṇi karpūrapūritāni pārijātakavanānīvopabhuktāni puraḥ karaṭābhyāṃ bahalamadāmodavyājena visṛjantam aharniśaṃ vibhramakṛtahastasthitibhir ardhakhaṇḍitapuṇḍrekṣukāṇḍakaṇḍūyanalikhitair alikulavācālitair dānapaṭṭakair vilabhamānam iva sarvakānanāni karipatīnām aviralodabindusyandinā himaśilāśakalamayena vibhramanakṣatramālāguṇena śiśirīkriyamāṇam sakalavāraṇendrādhipatyapaṭṭabandhabandhuram ivoccaistarāṃ śiro dadhānaṃ muhurmuhuḥ sthagitāpāvṛtadiṅmukhābhyāṃ karṇatālatālavṛntābhyāṃ vījayantam iva bhartṛbhaktyā dantaparyaṅkikāsthitāṃ rājalakṣmīm āyatavaṃśakramāgatena gajādhipatyacihnena cāmareṇeva calatā vāladhinā virājamānam svacchaśiśiraśīkaracchalena digvijayapītāḥ sarita iva punaḥpunarmukhena muñcantam kṣaṇam avadhānadānaniḥspandīkṛtasakalāvayavānām anyadviradaḍiṇḍimākarṇanāṅgavalanānām ante dīrghaphūtkāraiḥ paribhavaduḥkham ivāvedayantam alabdhayuddham ivātmānam anuśocantam ārohādhirūḍhiparibhavena lajjamānam ivāṅgulīlikhitamahītalam madaṃ muñcantam avajñāgṛhītamuktakavalakupitārohāraṭanānurodhena madatandrīnimīlitanetratribhāgam kathaṃ kathamapi mandamandam anādarād ādadānaṃ kavalān ardhajagdhatamālapallavasrutaśyāmalarasena prabhūtatayā madapravāham iva mukhenāpy utsṛjantam calantam iva darpeṇa śvasantam iva śauryeṇa mūrchantam iva madena truṭyantam iva tāruṇyena dravantam iva dānena valgantam iva balena mādyantam iva mānena udyantam ivotsāhena tāmyantam iva tejasā limpantam iva lāvaṇyena siñcantam iva saubhāgyena snigdhaṃ nakheṣu paruṣaṃ romaviṣaye guruṃ mukhe sacchiṣyaṃ vinaye mṛduṃ śirasi dṛḍhaṃ paricayeṣu hrasvaṃ skandhabandhe dīrgham āyuṣi daridram udare satatapravṛttaṃ dāne balabhadraṃ madalīlāsu kulakalatram āyattatāsu jinaṃ kṣamāsu vahnivarṣaṃ krodhamokṣeṣu garuḍaṃ nāgoddhṛtiṣu nāradaṃ kalahakutūhaleṣu śuṣkāśanipātam avaskandeṣu makaraṃ vāhinīkṣobheṣu āśīviṣaṃ daśanakarmasu varuṇaṃ hastapāśākṛṣṭiṣu yamavāgurām arātisaṃveṣṭaneṣu kālaṃ pariṇatiṣu rāhuṃ tīkṣṇakaragrahaṇeṣu lohitāṅgaṃ vakracāreṣu alātacakraṃ maṇḍalabhrāntivijñāneṣu manorathasaṃpādakaṃ cintāmaṇiparvataṃ vikramasya dantamuktāśailastambhanivāsaprāsādam abhimānasya ghaṇṭācāmaramaṇḍanamanoharam icchāsaṃcaraṇavimānaṃ manasvitāyāḥ madadhārādurdināndhakāraṃ gandhodakadhārāgṛhaṃ krodhasya sakāñcanapratimaṃ mahāniketanam ahaṅkārasya sagaṇḍaśailaprasravaṇaṃ krīḍāparvatam avalepasya sadantatoraṇaṃ vajramandiraṃ darpasya uccakumbhakūṭāṭṭālakavikaṭaṃ saṃcārigiridurgaṃ rājyasya kṛtānekabāṇavivarasahasraṃ lohaprākāraṃ pṛthivyāḥ śilīmukhaśatajhāṅkāritaṃ pārijātapādapaṃ bhūnandanasya tathā ca saṃgītagṛhaṃ karṇatālatāṇḍavānām āpānamaṇḍapaṃ madhupamaṇḍalānām antaḥpuraṃ śṛṅgārābharaṇānām madanotsavaṃ madalīlālāsyānām akṣuṇṇapradoṣaṃ nakṣatramālāmaṇḍalānām akālaprāvṛṭkālaṃ madamahānadīpūraplavānām alīkaśaratsamayaṃ saptacchadavanaparimalānām apūrvahimāgamaṃ śīkaranīhārāṇām mithyājaladharaṃ garjitāḍambarāṇāṃ darpaśātamapaśyat
kadala+daṇḍa,629874,Harṣacarita,"Harṣacarita, 2",86,,daṇḍena,Ins,Masc,Sing,3,Early classical,gatvā ca taṃ pradeśaṃ dūrād eva gabhīragalagarjitair viyati cātakakadambakair bhuvi ca bhavananīlakaṇṭhakulaiḥ kalakekākalakalamukharamukhaiḥ kriyamāṇakalakolāhalaṃ vikacakadambasaṃvādimadasurāsaurabhabharitabhuvanam kāyavantam ivākālameghakālam aviralamadhubindupiṅgalapadmajālakitāṃ sarasīm ivātyavagāḍhāṃ daśāṃ caturthīm utsṛjantam anavaratam avataṃsaśaṅkair āmandrakarṇatāladundubhidhvanibhiḥ pañcamīpraveśamaṅgalārambham iva sūcayantam aviratacalanacitratripadīlalitalāsyalayair dolāyamānadīrghadehābhogatayā medinīvidalanabhayena bhāramiva laghayantaṃ digbhittitaṭeṣu kāyamiva kaṇḍūyamānam āhavāyodastahastatayā digvāraṇānivāhvayamānam brahmastambham iva sthūlaniśitadantena karapatreṇa pāṭayantam amāntaṃ bhuvanābhyantare bahir iva nirgantum īhamānaṃ sarvataḥ sarasakisalayalatālāsibhir leśikaiś ciraparicayopacitair vanair iva vikṣiptasaśaivalabisavisaraśabalasalilaiḥ sarobhir iva cādhoraṇair ādhīyamānanidāghasamayasamucitopacārānandam api ca pratigajadānapavanādānadūrotkṣiptenānekasamaravijayagaṇanālekhābhir iva valivalayarājibhistanīyasībhis taraṅgitodareṇātisthavīyasā hastārgaladaṇḍenārgalayantam iva sakalaṃ sakulaśailasamudradvīpakānanaṃ kakubhāṃ cakravālam ekaṃ karāntarārpitenotpalāśena kadalīdaṇḍenāntargataśīkarasicyamānamūlam muktapallavam ivāparaṃ līlāvalambinā mṛṇālajālakena samararasoccaromāñcakaṇṭakitam iva dantakāṇḍaṃ vahantam visarpantyā ca dantakāṇḍayugalasya kāntyā saraḥkrīḍāsvāditāni kumudavanānīva bahudhā vamantaṃ nijayaśorāśimiva diśāmarpayantam kukarikīṭapāṭanadurvidagdhān siṃhānivopahasantam kalpadrumadukūlamukhapaṭamiva cātmanaḥ kalayantam hastakāṇḍadaṇḍoddharaṇalīlāsu ca lakṣyamāṇena raktāṃśukasukumāratareṇa tālunā kavalitāni raktapadmavanānīva varṣantam abhinavakisalayarāśīnivodgirantam kamalakavalapītaṃ madhurasamiva svabhāvapiṅgalena vamantaṃ cakṣuṣāṃ cūtacampakalavalīlavaṅgakakkolavantyelālatāmiśritāni sasahakārāṇi karpūrapūritāni pārijātakavanānīvopabhuktāni puraḥ karaṭābhyāṃ bahalamadāmodavyājena visṛjantam aharniśaṃ vibhramakṛtahastasthitibhir ardhakhaṇḍitapuṇḍrekṣukāṇḍakaṇḍūyanalikhitair alikulavācālitair dānapaṭṭakair vilabhamānam iva sarvakānanāni karipatīnām aviralodabindusyandinā himaśilāśakalamayena vibhramanakṣatramālāguṇena śiśirīkriyamāṇam sakalavāraṇendrādhipatyapaṭṭabandhabandhuram ivoccaistarāṃ śiro dadhānaṃ muhurmuhuḥ sthagitāpāvṛtadiṅmukhābhyāṃ karṇatālatālavṛntābhyāṃ vījayantam iva bhartṛbhaktyā dantaparyaṅkikāsthitāṃ rājalakṣmīm āyatavaṃśakramāgatena gajādhipatyacihnena cāmareṇeva calatā vāladhinā virājamānam svacchaśiśiraśīkaracchalena digvijayapītāḥ sarita iva punaḥpunarmukhena muñcantam kṣaṇam avadhānadānaniḥspandīkṛtasakalāvayavānām anyadviradaḍiṇḍimākarṇanāṅgavalanānām ante dīrghaphūtkāraiḥ paribhavaduḥkham ivāvedayantam alabdhayuddham ivātmānam anuśocantam ārohādhirūḍhiparibhavena lajjamānam ivāṅgulīlikhitamahītalam madaṃ muñcantam avajñāgṛhītamuktakavalakupitārohāraṭanānurodhena madatandrīnimīlitanetratribhāgam kathaṃ kathamapi mandamandam anādarād ādadānaṃ kavalān ardhajagdhatamālapallavasrutaśyāmalarasena prabhūtatayā madapravāham iva mukhenāpy utsṛjantam calantam iva darpeṇa śvasantam iva śauryeṇa mūrchantam iva madena truṭyantam iva tāruṇyena dravantam iva dānena valgantam iva balena mādyantam iva mānena udyantam ivotsāhena tāmyantam iva tejasā limpantam iva lāvaṇyena siñcantam iva saubhāgyena snigdhaṃ nakheṣu paruṣaṃ romaviṣaye guruṃ mukhe sacchiṣyaṃ vinaye mṛduṃ śirasi dṛḍhaṃ paricayeṣu hrasvaṃ skandhabandhe dīrgham āyuṣi daridram udare satatapravṛttaṃ dāne balabhadraṃ madalīlāsu kulakalatram āyattatāsu jinaṃ kṣamāsu vahnivarṣaṃ krodhamokṣeṣu garuḍaṃ nāgoddhṛtiṣu nāradaṃ kalahakutūhaleṣu śuṣkāśanipātam avaskandeṣu makaraṃ vāhinīkṣobheṣu āśīviṣaṃ daśanakarmasu varuṇaṃ hastapāśākṛṣṭiṣu yamavāgurām arātisaṃveṣṭaneṣu kālaṃ pariṇatiṣu rāhuṃ tīkṣṇakaragrahaṇeṣu lohitāṅgaṃ vakracāreṣu alātacakraṃ maṇḍalabhrāntivijñāneṣu manorathasaṃpādakaṃ cintāmaṇiparvataṃ vikramasya dantamuktāśailastambhanivāsaprāsādam abhimānasya ghaṇṭācāmaramaṇḍanamanoharam icchāsaṃcaraṇavimānaṃ manasvitāyāḥ madadhārādurdināndhakāraṃ gandhodakadhārāgṛhaṃ krodhasya sakāñcanapratimaṃ mahāniketanam ahaṅkārasya sagaṇḍaśailaprasravaṇaṃ krīḍāparvatam avalepasya sadantatoraṇaṃ vajramandiraṃ darpasya uccakumbhakūṭāṭṭālakavikaṭaṃ saṃcārigiridurgaṃ rājyasya kṛtānekabāṇavivarasahasraṃ lohaprākāraṃ pṛthivyāḥ śilīmukhaśatajhāṅkāritaṃ pārijātapādapaṃ bhūnandanasya tathā ca saṃgītagṛhaṃ karṇatālatāṇḍavānām āpānamaṇḍapaṃ madhupamaṇḍalānām antaḥpuraṃ śṛṅgārābharaṇānām madanotsavaṃ madalīlālāsyānām akṣuṇṇapradoṣaṃ nakṣatramālāmaṇḍalānām akālaprāvṛṭkālaṃ madamahānadīpūraplavānām alīkaśaratsamayaṃ saptacchadavanaparimalānām apūrvahimāgamaṃ śīkaranīhārāṇām mithyājaladharaṃ garjitāḍambarāṇāṃ darpaśātamapaśyat
uru+daṇḍa,629882,Harṣacarita,"Harṣacarita, 2",94,,daṇḍābhyām,Ins,Masc,Dual,3,Early classical,paśya tāvad devam ity abhidhīyamānaś ca tena madajalapaṅkilakapolapaṭṭapatitāṃ mattām iva madaparimalena mukulitāṃ kathamapi tasmād dṛṣṭim ākṛṣya tenaiva dauvārikeṇopadiśyamānavartmā samatikramya bhūpālakulasahasrasaṃkulāni trīṇi kakṣāntarāṇi caturthe bhuktāsthānamaṇḍapasya purastād ajire sthitam dūrād ūrdhvasthitena prāṃśunā karṇikāragaureṇa vyāyāmavyāyatavapuṣā śastriṇā maulena śarīraparivārakalokena paṅktisthitena kārtasvarastambhamaṇḍaleneva parivṛtam āsannopaviṣṭaviśiṣṭeṣṭalokam haricandanarasaprakṣālite tuṣāraśīkaraśītalatale dantapāṇḍurapāde śaśimaya iva muktāśailaśilāpaṭṭaśayane samupaviṣṭam śayanīyaparyantavinyaste samarpitasakalavigrahabhāraṃ bhuje diṅmukhavisarpiṇi dehaprabhāvitāne vitatamaṇimayūkhe gharmasamayasubhage sarasīva mṛdumṛṇālajālajaṭilajale sarājakaṃ ramamāṇam tejasaḥ paramāṇubhir iva kevalair nirmitam anicchantam api balād āropayitum iva siṃhāsanam sarvāvayaveṣu sarvalakṣaṇair gṛhītam gṛhītabrahmacaryam āliṅgitaṃ rājalakṣmyā pratipannāsidhārādhāraṇavratam avisaṃvādinaṃ rājarṣim viṣamarājamārgavinihitapadaskhalanabhiyeva sulagnaṃ dharme sakalabhūpālaparityaktena bhīteneva labdhavācā sarvātmanā satyena sevyamānam āsannavāravilāsinīpratiyātanābhiś caraṇanakhapātinībhir digbhir iva daśabhiḥ praṇamyamānam dīrghair digantapātibhir dṛṣṭipātair lokapālānāṃ kṛtākṛtam iva pratyavekṣamāṇam maṇipādapīṭhapṛṣṭhapratiṣṭhitakareṇoparigamanābhyanujñāṃ mṛgyamāṇam iva divasakareṇa bhūṣaṇaprabhāsam utsāraṇabaddhaparyantamaṇḍalena pradakṣiṇīkriyamāṇam iva divasena apraṇamadbhir giribhir api dūyamānaṃ śauryoṣmaṇā phenāyamānam iva candanadhavalaṃ lāvaṇyajaladhim udvahantam ekarājyaurjityena nijapratibimbāny api nṛpacakracūḍāmaṇidhṛtāny asahamānam iva darpaduḥkhāsikayā cāmarānilanibhena bahudheva śvasantīṃ rājalakṣmīṃ dadhānam sakalam iva catuḥsamudralāvaṇyam ādāyotthitayā śriyā samupaśliṣṭam ābharaṇamaṇikiraṇaprabhājālajāyamānānīndradhanuḥsahasrāṇīndraprābhṛtaprahitāni vilabhamānam iva rājñāṃ saṃbhāṣaṇeṣu parityaktam api madhu varṣantam kāvyakathāsvapītam apy amṛtam udvamantaṃ visrambhabhāṣiteṣv anākṛṣṭam api hṛdayaṃ darśayantaṃ prasādeṣu niścalām api śriyaṃ sthāne sthāne sthāpayantaṃ vīragoṣṭhīṣu pulakitena kapolasthalenānurāgasaṃdeśam ivopāṃśu raṇaśriyaḥ śṛṇvantam atikrāntasubhaṭakalahālāpeṣu snehavṛṣṭim iva dṛṣṭim iṣṭe kṛpāṇe pātayantaṃ parihāsasmiteṣu gurupratāpabhītasya rājakasya svaccham āśayam iva daśanāṃśubhiḥ kathayantaṃ sakalalokahṛdayasthitam api nyāye tiṣṭhantam agocare guṇānām abhūmau saubhāgyānām aviṣaye varapradānānām aśakya āśiṣām amārge manorathānām atidūre daivasyādiśy upamānānām asādhye dharmasyādṛṣṭapūrve lakṣmyā mahattve sthitam aruṇapādapallavena sugatamantharoruṇā vajrāyudhaniṣṭhuraprakoṣṭhapṛṣṭhena vṛṣaskandhena bhāsvadbimbādhareṇa prasannāvalokitena candramukhena kṛṣṇakeśena vapuṣā sarvadevatāvatāramivaikatra darśayantam api ca māṃsalamayūkhamālāmalinitamahītale mahati mahārhe māṇikyamālāmaṇḍitamekhale mahānīlamaye pādapīṭhe kalikālaśirasīva salīlaṃ vinyastavāmacaraṇam ākrāntakāliyaphaṇācakravālaṃ bālamiva puṇḍarīkākṣam kṣaumapāṇḍureṇa caraṇanakhadīdhitipratānena prasaratā mahīṃ mahādevīpaṭṭabandheneva mahimānam āropayantam apraṇatalokapālakopenevātilohitau sakalanṛpatimaulimālāsv atipītaṃ padmarāgaratnātapam iva vamantau sarvatejasvimaṇḍalāstamayasaṃdhyām iva dhārayantāv aśeṣarājakakusumaśekharamadhurasasrotāṃsīva sravantau samastasāmantasīmantottaṃsasraksaurabhabhrāntair bhramaramaṇḍalair amitrottamāṅgair iva muhūrtam apy avirahitau saṃvāhanatatparāyāḥ śriyo vikacaraktapaṅkajavanavāsabhavanānīva kalpayantau jalajaśaṅkhamīnamakarasanāthatalatayā kathitacaturambhodhibhogacihnāv iva caraṇau dadhānaṃ diṅnāgadantamusalābhyām iva vikaṭamakaramukhapratibandhabandhurābhyām udvelalāvaṇyayodhipravāhābhyām iva phenāhitaśobhābhyāṃ candanadrumābhyām iva bhogimaṇḍalaśiroratnaraśmirajyamānamūlābhyāṃ hṛdayāropitabhūbhāradhāraṇamāṇikyastambhābhyām urudaṇḍābhyāṃ virājamānam amṛtaphenapiṇḍapāṇḍunā mekhalāmaṇimayūkhakhacitena nitambabimbavyāsaṅginā vimalapayodhautena netrasūtraniveśaśobhinādharavāsasā vāsukinirmokeṇeva mandaraṃ dyotamānam aghanena satārāgaṇenoparikṛtena dvitīyāmbareṇa bhuvanābhogam iva bhāsamānam ibhapatidaśanamusalasahasrollekhakaṭhinamasṛṇenāparyāptāmbaraprathimnā vividhavāhinīsaṃkṣobhakalakalasaṃmardasahiṣṇunā kailāsam iva mahatā sphaṭikataṭenoruṇoraḥkapāṭena virājamānaṃ śrīsarasvatyorurovadanopabhogavibhāgasūtreṇeva pātitena śeṣeṇeva ca tadbhujastambhavinyastasamastabhūbhāralabdhaviśrāntisukhaprasuptena hāradaṇḍena parivalitakandharam jīvitāvadhigṛhītasarvasvamahādānadīkṣācīreṇeva hāramuktāphalānāṃ kiraṇanikareṇa prāvṛtavakṣaḥsthalam ajajigīṣayā bālair bhujair ivāparaiḥ prarohadbhir bāhūpadhānaśāyinyāḥ śriyāḥ karṇotpalamadhurasadhārāsaṃtānair iva galadbhir bhujajanmanaḥ pratāpasya nirgamanamārgair ivāvirbhavadbhir aruṇaiḥ keyūraratnakiraṇadaṇḍair ubhayataḥprasāritamaṇimayapakṣavitānam iva māṇikyamahīdharaṃ sakalalokālokamārgārgalena caturudadhiparikṣepakhātaśātakumbhaśilāprākāreṇa sarvarājahaṃsabandhavajrapañjareṇa bhuvanalakṣmīpraveśamaṅgalamahāmaṇitoraṇenātidīrghadordaṇḍayugalena diśāṃ dikpālānāṃ ca yugapad āyatim apaharantaṃ sodaryalakṣmīcumbanalobhena kaustubhamaṇer iva mukhāvayavatāṃ gatasyādharasya galatā rāgeṇa pārijātapallavaraseneva siñcantaṃ diṅmukhāny antarāntarā suhṛtparihāsasmitaiḥ prakīryamāṇavimaladaśanaśikhāpratānaiḥ prakṛtimūḍhāyā rājaśriyāḥ prajñālokam iva darśayantaṃ mukhajanitendusaṃdehāgatāni kumudinīvanānīva preṣayantam sphuṭadhavaladaśanapaṅktikṛtakumudavanaśaṅkāpraviṣṭāṃ śarajjyotsnām iva visarjayantaṃ madirāmṛtapārijātagandhagarbheṇa bharitasakalakakubhā mukhāmodenāmṛtamathanadivasam iva sṛjantaṃ vikacamukhakamalakarṇikākośenānavaratam āpīyamānaśvāsasaurabham ivādhomukhena nāsāvaṃśena cakṣuṣaḥ kṣīrasnigdhasya dhavalimnā diṅmukhāny apūrvavadanacandrodayodvelakṣīrodotplāvitānīva kurvāṇaṃ vimalakapolaphalakapratibimbitāṃ cāmaragrāhiṇīṃ vigrahiṇīm iva mukhanivāsinīṃ sarasvatīṃ dadhānam aruṇena cūḍāmaṇiśociṣā sarasvatīrṣyākupitalakṣmīprasādanalagnena caraṇālaktakeneva lohitāyatalalāṭataṭam āpāṭalāṃśutantrīsaṃtānavalayinīṃ kuṇḍalamaṇikuṭilakoṭibālavīṇām anavaratacalitacaraṇānāṃ vādayatām upavīṇayatām iva svaravyākaraṇavivekaviśāradaṃ śravaṇāvataṃsamadhukarakulānāṃ kalakvaṇitam ākarṇayantam utphullamālatīmayena rājalakṣmyāḥ kacagrahalīlālagnena nakhajyotsnāvalayeneva mukhaśaśipariveṣamaṇḍalena muṇḍamālāguṇena parikalitakeśāntam śikhaṇḍābharaṇabhuvā muktāphalālokena marakatamaṇikiraṇakalāpena cānyonyasaṃvalanavṛjinena prayāgapravāhaveṇikāvāriṇevāgatya svayam abhiṣicyamānaṃ śramajalavilīnabahalakṛṣṇāgurupaṅkatilakakalaṅkakalpitena kālimnā prārthanācāṭucaturacaraṇapatanaśataśyāmikākiṇeneva nīlāyamānalalāṭendulekhābhiḥ kṣubhitamānasodgatair utkalikākalāpair iva hārair ullasadbhir avaṣṭabhyamānābhir vilāsavalganacaṭulair bhrūlatākalpair īrṣyayā śriyam iva tarjayantībhir āyāmibhiḥ śvasitair aviralaparimalair malayamārutamayaiḥ pāśair ivākarṣantībhir vikaṭabakulāvalīvarāṭakaveṣṭitamukhair bṛhadbhiḥ stanakalaśaiḥ svadārasaṃtoṣarasam ivāśeṣam uddharantībhiḥ kucotkampikāvikārapreṅkhitānāṃ hārataralamaṇīnāṃ raśmibhir ākṛṣya hṛdayam iva haṭhāt praveśayantībhiḥ prabhāmucām ābharaṇamaṇīnāṃ mayūkhaiḥ prasāritair bahubhir iva bāhubhir āliṅgantībhir jṛmbhānubandhabandhuravadanāravindāvaraṇīkṛtair uttānaiḥ karakisalayaiḥ sarabhasapradhāvitāni mānasānīva nirundhatībhir madanāndhamadhukarakulakīryamāṇakarṇakusumarajaḥkaṇakūṇitakoṇāni kusumaśaraśaranikaraprahāramūrcchāmukulitānīva locanāni caturaṃ saṃcārayantībhir anyonyamatsarād āvirbhavadbhaṅgurabhrukuṭivibhramakṣiptaiḥ kaṭākṣaiḥ karṇendīvarāṇīva tāḍayantībhir animeṣadarśanasukharasarāśiṃ mantharitapakṣmaṇā cakṣuṣā pītam iva komalakapolapālīpratibimbitaṃ vahantībhir abhilāṣalīlānirnimittasmitaiś candrodayāniva madanasahāyakāya sampādayantībhir aṅgabhaṅgavalanānyonyaghaṭitottānakaraveṇikābhiḥ sphuṭanamukharāṅgulīkāṇḍakuṇḍalīkriyamāṇanakhadīdhitinivahanibhenākiñcitkarakāmakārmukāṇīva ruṣā bhañjantībhir vāravilāsinībhir vilupyamānasaubhāgyam iva sarvataḥ sparśasvinnavepamānakarakisalayagalitacaraṇāravindāṃ caraṇagrāhiṇīṃ vihasya koṇena līlālasaṃ śirasi tāḍayantam anavaratakarakalitakoṇatayā cātmanaḥ priyāṃ vīṇām iva śriyam api śikṣayantaṃ niḥsneha iti dhanair anāśrayaṇīya iti doṣair nigraharucir itīndriyair durupasarpa iti kalinā nīrasa iti vyasanair bhīrur ity ayaśasā durgrahacittavṛttir iti cittabhuvā strīpara iti sarasvatyā ṣaṇḍha iti parakalatraiḥ kāṣṭhāmunir iti yatibhir dhūrta iti veśyābhir neya iti suhṛdbhiḥ karmakara iti vipraiḥ susahāya iti śatruyodhair ekam apy anekadhā gṛhyamāṇaṃ śantanor mahāvāhinīpatiṃ bhīṣmāj jitakāśinaṃ droṇāc cāpalālasaṃ guruputrād amoghamārgaṇaṃ karṇān mitrapriyaṃ yudhiṣṭhirād bahukṣamaṃ bhīmād anekanāgāyutabalaṃ dhanañjayān mahābhārataraṇayogyaṃ kāraṇam iva kṛtayugasya bījam iva vibudhasargasya utpattidvīpam iva darpasya ekāgāram iva karuṇāyāḥ prātiveśikam iva puruṣottamasya khaniparvatam iva parākramasya sarvavidyāsaṃgītagṛham iva sarasvatyāḥ dvitīyāmṛtamanthanadivasam iva lakṣmīsamutthānasya baladarśanam iva vaidagdhyasya ekasthānam iva sthitīnāṃ sarvasvakathanam iva kānter apavargam iva rūpaparamāṇusargasya sakaladuścaritaprāyaścittam iva rājyasya sarvabalasaṃdohāvaskandam iva kandarpasya upāyam iva purandaradarśanasya āvartanam iva dharmasya kanyāntaḥpuram iva kalānāṃ paramapramāṇam iva saubhāgyasya rājasargasamāptyavabhṛthasnānadivasam iva sarvaprajāpatīnāṃ gambhīraṃ ca prasannaṃ ca trāsajananaṃ ca ramaṇīyaṃ ca kautukajananaṃ ca puṇyaṃ ca cakravartinaṃ harṣam adrākṣīt
hāra+daṇḍa,629882,Harṣacarita,"Harṣacarita, 2",94,,daṇḍena,Ins,Masc,Sing,3,Early classical,paśya tāvad devam ity abhidhīyamānaś ca tena madajalapaṅkilakapolapaṭṭapatitāṃ mattām iva madaparimalena mukulitāṃ kathamapi tasmād dṛṣṭim ākṛṣya tenaiva dauvārikeṇopadiśyamānavartmā samatikramya bhūpālakulasahasrasaṃkulāni trīṇi kakṣāntarāṇi caturthe bhuktāsthānamaṇḍapasya purastād ajire sthitam dūrād ūrdhvasthitena prāṃśunā karṇikāragaureṇa vyāyāmavyāyatavapuṣā śastriṇā maulena śarīraparivārakalokena paṅktisthitena kārtasvarastambhamaṇḍaleneva parivṛtam āsannopaviṣṭaviśiṣṭeṣṭalokam haricandanarasaprakṣālite tuṣāraśīkaraśītalatale dantapāṇḍurapāde śaśimaya iva muktāśailaśilāpaṭṭaśayane samupaviṣṭam śayanīyaparyantavinyaste samarpitasakalavigrahabhāraṃ bhuje diṅmukhavisarpiṇi dehaprabhāvitāne vitatamaṇimayūkhe gharmasamayasubhage sarasīva mṛdumṛṇālajālajaṭilajale sarājakaṃ ramamāṇam tejasaḥ paramāṇubhir iva kevalair nirmitam anicchantam api balād āropayitum iva siṃhāsanam sarvāvayaveṣu sarvalakṣaṇair gṛhītam gṛhītabrahmacaryam āliṅgitaṃ rājalakṣmyā pratipannāsidhārādhāraṇavratam avisaṃvādinaṃ rājarṣim viṣamarājamārgavinihitapadaskhalanabhiyeva sulagnaṃ dharme sakalabhūpālaparityaktena bhīteneva labdhavācā sarvātmanā satyena sevyamānam āsannavāravilāsinīpratiyātanābhiś caraṇanakhapātinībhir digbhir iva daśabhiḥ praṇamyamānam dīrghair digantapātibhir dṛṣṭipātair lokapālānāṃ kṛtākṛtam iva pratyavekṣamāṇam maṇipādapīṭhapṛṣṭhapratiṣṭhitakareṇoparigamanābhyanujñāṃ mṛgyamāṇam iva divasakareṇa bhūṣaṇaprabhāsam utsāraṇabaddhaparyantamaṇḍalena pradakṣiṇīkriyamāṇam iva divasena apraṇamadbhir giribhir api dūyamānaṃ śauryoṣmaṇā phenāyamānam iva candanadhavalaṃ lāvaṇyajaladhim udvahantam ekarājyaurjityena nijapratibimbāny api nṛpacakracūḍāmaṇidhṛtāny asahamānam iva darpaduḥkhāsikayā cāmarānilanibhena bahudheva śvasantīṃ rājalakṣmīṃ dadhānam sakalam iva catuḥsamudralāvaṇyam ādāyotthitayā śriyā samupaśliṣṭam ābharaṇamaṇikiraṇaprabhājālajāyamānānīndradhanuḥsahasrāṇīndraprābhṛtaprahitāni vilabhamānam iva rājñāṃ saṃbhāṣaṇeṣu parityaktam api madhu varṣantam kāvyakathāsvapītam apy amṛtam udvamantaṃ visrambhabhāṣiteṣv anākṛṣṭam api hṛdayaṃ darśayantaṃ prasādeṣu niścalām api śriyaṃ sthāne sthāne sthāpayantaṃ vīragoṣṭhīṣu pulakitena kapolasthalenānurāgasaṃdeśam ivopāṃśu raṇaśriyaḥ śṛṇvantam atikrāntasubhaṭakalahālāpeṣu snehavṛṣṭim iva dṛṣṭim iṣṭe kṛpāṇe pātayantaṃ parihāsasmiteṣu gurupratāpabhītasya rājakasya svaccham āśayam iva daśanāṃśubhiḥ kathayantaṃ sakalalokahṛdayasthitam api nyāye tiṣṭhantam agocare guṇānām abhūmau saubhāgyānām aviṣaye varapradānānām aśakya āśiṣām amārge manorathānām atidūre daivasyādiśy upamānānām asādhye dharmasyādṛṣṭapūrve lakṣmyā mahattve sthitam aruṇapādapallavena sugatamantharoruṇā vajrāyudhaniṣṭhuraprakoṣṭhapṛṣṭhena vṛṣaskandhena bhāsvadbimbādhareṇa prasannāvalokitena candramukhena kṛṣṇakeśena vapuṣā sarvadevatāvatāramivaikatra darśayantam api ca māṃsalamayūkhamālāmalinitamahītale mahati mahārhe māṇikyamālāmaṇḍitamekhale mahānīlamaye pādapīṭhe kalikālaśirasīva salīlaṃ vinyastavāmacaraṇam ākrāntakāliyaphaṇācakravālaṃ bālamiva puṇḍarīkākṣam kṣaumapāṇḍureṇa caraṇanakhadīdhitipratānena prasaratā mahīṃ mahādevīpaṭṭabandheneva mahimānam āropayantam apraṇatalokapālakopenevātilohitau sakalanṛpatimaulimālāsv atipītaṃ padmarāgaratnātapam iva vamantau sarvatejasvimaṇḍalāstamayasaṃdhyām iva dhārayantāv aśeṣarājakakusumaśekharamadhurasasrotāṃsīva sravantau samastasāmantasīmantottaṃsasraksaurabhabhrāntair bhramaramaṇḍalair amitrottamāṅgair iva muhūrtam apy avirahitau saṃvāhanatatparāyāḥ śriyo vikacaraktapaṅkajavanavāsabhavanānīva kalpayantau jalajaśaṅkhamīnamakarasanāthatalatayā kathitacaturambhodhibhogacihnāv iva caraṇau dadhānaṃ diṅnāgadantamusalābhyām iva vikaṭamakaramukhapratibandhabandhurābhyām udvelalāvaṇyayodhipravāhābhyām iva phenāhitaśobhābhyāṃ candanadrumābhyām iva bhogimaṇḍalaśiroratnaraśmirajyamānamūlābhyāṃ hṛdayāropitabhūbhāradhāraṇamāṇikyastambhābhyām urudaṇḍābhyāṃ virājamānam amṛtaphenapiṇḍapāṇḍunā mekhalāmaṇimayūkhakhacitena nitambabimbavyāsaṅginā vimalapayodhautena netrasūtraniveśaśobhinādharavāsasā vāsukinirmokeṇeva mandaraṃ dyotamānam aghanena satārāgaṇenoparikṛtena dvitīyāmbareṇa bhuvanābhogam iva bhāsamānam ibhapatidaśanamusalasahasrollekhakaṭhinamasṛṇenāparyāptāmbaraprathimnā vividhavāhinīsaṃkṣobhakalakalasaṃmardasahiṣṇunā kailāsam iva mahatā sphaṭikataṭenoruṇoraḥkapāṭena virājamānaṃ śrīsarasvatyorurovadanopabhogavibhāgasūtreṇeva pātitena śeṣeṇeva ca tadbhujastambhavinyastasamastabhūbhāralabdhaviśrāntisukhaprasuptena hāradaṇḍena parivalitakandharam jīvitāvadhigṛhītasarvasvamahādānadīkṣācīreṇeva hāramuktāphalānāṃ kiraṇanikareṇa prāvṛtavakṣaḥsthalam ajajigīṣayā bālair bhujair ivāparaiḥ prarohadbhir bāhūpadhānaśāyinyāḥ śriyāḥ karṇotpalamadhurasadhārāsaṃtānair iva galadbhir bhujajanmanaḥ pratāpasya nirgamanamārgair ivāvirbhavadbhir aruṇaiḥ keyūraratnakiraṇadaṇḍair ubhayataḥprasāritamaṇimayapakṣavitānam iva māṇikyamahīdharaṃ sakalalokālokamārgārgalena caturudadhiparikṣepakhātaśātakumbhaśilāprākāreṇa sarvarājahaṃsabandhavajrapañjareṇa bhuvanalakṣmīpraveśamaṅgalamahāmaṇitoraṇenātidīrghadordaṇḍayugalena diśāṃ dikpālānāṃ ca yugapad āyatim apaharantaṃ sodaryalakṣmīcumbanalobhena kaustubhamaṇer iva mukhāvayavatāṃ gatasyādharasya galatā rāgeṇa pārijātapallavaraseneva siñcantaṃ diṅmukhāny antarāntarā suhṛtparihāsasmitaiḥ prakīryamāṇavimaladaśanaśikhāpratānaiḥ prakṛtimūḍhāyā rājaśriyāḥ prajñālokam iva darśayantaṃ mukhajanitendusaṃdehāgatāni kumudinīvanānīva preṣayantam sphuṭadhavaladaśanapaṅktikṛtakumudavanaśaṅkāpraviṣṭāṃ śarajjyotsnām iva visarjayantaṃ madirāmṛtapārijātagandhagarbheṇa bharitasakalakakubhā mukhāmodenāmṛtamathanadivasam iva sṛjantaṃ vikacamukhakamalakarṇikākośenānavaratam āpīyamānaśvāsasaurabham ivādhomukhena nāsāvaṃśena cakṣuṣaḥ kṣīrasnigdhasya dhavalimnā diṅmukhāny apūrvavadanacandrodayodvelakṣīrodotplāvitānīva kurvāṇaṃ vimalakapolaphalakapratibimbitāṃ cāmaragrāhiṇīṃ vigrahiṇīm iva mukhanivāsinīṃ sarasvatīṃ dadhānam aruṇena cūḍāmaṇiśociṣā sarasvatīrṣyākupitalakṣmīprasādanalagnena caraṇālaktakeneva lohitāyatalalāṭataṭam āpāṭalāṃśutantrīsaṃtānavalayinīṃ kuṇḍalamaṇikuṭilakoṭibālavīṇām anavaratacalitacaraṇānāṃ vādayatām upavīṇayatām iva svaravyākaraṇavivekaviśāradaṃ śravaṇāvataṃsamadhukarakulānāṃ kalakvaṇitam ākarṇayantam utphullamālatīmayena rājalakṣmyāḥ kacagrahalīlālagnena nakhajyotsnāvalayeneva mukhaśaśipariveṣamaṇḍalena muṇḍamālāguṇena parikalitakeśāntam śikhaṇḍābharaṇabhuvā muktāphalālokena marakatamaṇikiraṇakalāpena cānyonyasaṃvalanavṛjinena prayāgapravāhaveṇikāvāriṇevāgatya svayam abhiṣicyamānaṃ śramajalavilīnabahalakṛṣṇāgurupaṅkatilakakalaṅkakalpitena kālimnā prārthanācāṭucaturacaraṇapatanaśataśyāmikākiṇeneva nīlāyamānalalāṭendulekhābhiḥ kṣubhitamānasodgatair utkalikākalāpair iva hārair ullasadbhir avaṣṭabhyamānābhir vilāsavalganacaṭulair bhrūlatākalpair īrṣyayā śriyam iva tarjayantībhir āyāmibhiḥ śvasitair aviralaparimalair malayamārutamayaiḥ pāśair ivākarṣantībhir vikaṭabakulāvalīvarāṭakaveṣṭitamukhair bṛhadbhiḥ stanakalaśaiḥ svadārasaṃtoṣarasam ivāśeṣam uddharantībhiḥ kucotkampikāvikārapreṅkhitānāṃ hārataralamaṇīnāṃ raśmibhir ākṛṣya hṛdayam iva haṭhāt praveśayantībhiḥ prabhāmucām ābharaṇamaṇīnāṃ mayūkhaiḥ prasāritair bahubhir iva bāhubhir āliṅgantībhir jṛmbhānubandhabandhuravadanāravindāvaraṇīkṛtair uttānaiḥ karakisalayaiḥ sarabhasapradhāvitāni mānasānīva nirundhatībhir madanāndhamadhukarakulakīryamāṇakarṇakusumarajaḥkaṇakūṇitakoṇāni kusumaśaraśaranikaraprahāramūrcchāmukulitānīva locanāni caturaṃ saṃcārayantībhir anyonyamatsarād āvirbhavadbhaṅgurabhrukuṭivibhramakṣiptaiḥ kaṭākṣaiḥ karṇendīvarāṇīva tāḍayantībhir animeṣadarśanasukharasarāśiṃ mantharitapakṣmaṇā cakṣuṣā pītam iva komalakapolapālīpratibimbitaṃ vahantībhir abhilāṣalīlānirnimittasmitaiś candrodayāniva madanasahāyakāya sampādayantībhir aṅgabhaṅgavalanānyonyaghaṭitottānakaraveṇikābhiḥ sphuṭanamukharāṅgulīkāṇḍakuṇḍalīkriyamāṇanakhadīdhitinivahanibhenākiñcitkarakāmakārmukāṇīva ruṣā bhañjantībhir vāravilāsinībhir vilupyamānasaubhāgyam iva sarvataḥ sparśasvinnavepamānakarakisalayagalitacaraṇāravindāṃ caraṇagrāhiṇīṃ vihasya koṇena līlālasaṃ śirasi tāḍayantam anavaratakarakalitakoṇatayā cātmanaḥ priyāṃ vīṇām iva śriyam api śikṣayantaṃ niḥsneha iti dhanair anāśrayaṇīya iti doṣair nigraharucir itīndriyair durupasarpa iti kalinā nīrasa iti vyasanair bhīrur ity ayaśasā durgrahacittavṛttir iti cittabhuvā strīpara iti sarasvatyā ṣaṇḍha iti parakalatraiḥ kāṣṭhāmunir iti yatibhir dhūrta iti veśyābhir neya iti suhṛdbhiḥ karmakara iti vipraiḥ susahāya iti śatruyodhair ekam apy anekadhā gṛhyamāṇaṃ śantanor mahāvāhinīpatiṃ bhīṣmāj jitakāśinaṃ droṇāc cāpalālasaṃ guruputrād amoghamārgaṇaṃ karṇān mitrapriyaṃ yudhiṣṭhirād bahukṣamaṃ bhīmād anekanāgāyutabalaṃ dhanañjayān mahābhārataraṇayogyaṃ kāraṇam iva kṛtayugasya bījam iva vibudhasargasya utpattidvīpam iva darpasya ekāgāram iva karuṇāyāḥ prātiveśikam iva puruṣottamasya khaniparvatam iva parākramasya sarvavidyāsaṃgītagṛham iva sarasvatyāḥ dvitīyāmṛtamanthanadivasam iva lakṣmīsamutthānasya baladarśanam iva vaidagdhyasya ekasthānam iva sthitīnāṃ sarvasvakathanam iva kānter apavargam iva rūpaparamāṇusargasya sakaladuścaritaprāyaścittam iva rājyasya sarvabalasaṃdohāvaskandam iva kandarpasya upāyam iva purandaradarśanasya āvartanam iva dharmasya kanyāntaḥpuram iva kalānāṃ paramapramāṇam iva saubhāgyasya rājasargasamāptyavabhṛthasnānadivasam iva sarvaprajāpatīnāṃ gambhīraṃ ca prasannaṃ ca trāsajananaṃ ca ramaṇīyaṃ ca kautukajananaṃ ca puṇyaṃ ca cakravartinaṃ harṣam adrākṣīt
keyūra+ratna+kiraṇa+daṇḍa,629882,Harṣacarita,"Harṣacarita, 2",94,,daṇḍaiḥ,Ins,Masc,Plur,3,Early classical,paśya tāvad devam ity abhidhīyamānaś ca tena madajalapaṅkilakapolapaṭṭapatitāṃ mattām iva madaparimalena mukulitāṃ kathamapi tasmād dṛṣṭim ākṛṣya tenaiva dauvārikeṇopadiśyamānavartmā samatikramya bhūpālakulasahasrasaṃkulāni trīṇi kakṣāntarāṇi caturthe bhuktāsthānamaṇḍapasya purastād ajire sthitam dūrād ūrdhvasthitena prāṃśunā karṇikāragaureṇa vyāyāmavyāyatavapuṣā śastriṇā maulena śarīraparivārakalokena paṅktisthitena kārtasvarastambhamaṇḍaleneva parivṛtam āsannopaviṣṭaviśiṣṭeṣṭalokam haricandanarasaprakṣālite tuṣāraśīkaraśītalatale dantapāṇḍurapāde śaśimaya iva muktāśailaśilāpaṭṭaśayane samupaviṣṭam śayanīyaparyantavinyaste samarpitasakalavigrahabhāraṃ bhuje diṅmukhavisarpiṇi dehaprabhāvitāne vitatamaṇimayūkhe gharmasamayasubhage sarasīva mṛdumṛṇālajālajaṭilajale sarājakaṃ ramamāṇam tejasaḥ paramāṇubhir iva kevalair nirmitam anicchantam api balād āropayitum iva siṃhāsanam sarvāvayaveṣu sarvalakṣaṇair gṛhītam gṛhītabrahmacaryam āliṅgitaṃ rājalakṣmyā pratipannāsidhārādhāraṇavratam avisaṃvādinaṃ rājarṣim viṣamarājamārgavinihitapadaskhalanabhiyeva sulagnaṃ dharme sakalabhūpālaparityaktena bhīteneva labdhavācā sarvātmanā satyena sevyamānam āsannavāravilāsinīpratiyātanābhiś caraṇanakhapātinībhir digbhir iva daśabhiḥ praṇamyamānam dīrghair digantapātibhir dṛṣṭipātair lokapālānāṃ kṛtākṛtam iva pratyavekṣamāṇam maṇipādapīṭhapṛṣṭhapratiṣṭhitakareṇoparigamanābhyanujñāṃ mṛgyamāṇam iva divasakareṇa bhūṣaṇaprabhāsam utsāraṇabaddhaparyantamaṇḍalena pradakṣiṇīkriyamāṇam iva divasena apraṇamadbhir giribhir api dūyamānaṃ śauryoṣmaṇā phenāyamānam iva candanadhavalaṃ lāvaṇyajaladhim udvahantam ekarājyaurjityena nijapratibimbāny api nṛpacakracūḍāmaṇidhṛtāny asahamānam iva darpaduḥkhāsikayā cāmarānilanibhena bahudheva śvasantīṃ rājalakṣmīṃ dadhānam sakalam iva catuḥsamudralāvaṇyam ādāyotthitayā śriyā samupaśliṣṭam ābharaṇamaṇikiraṇaprabhājālajāyamānānīndradhanuḥsahasrāṇīndraprābhṛtaprahitāni vilabhamānam iva rājñāṃ saṃbhāṣaṇeṣu parityaktam api madhu varṣantam kāvyakathāsvapītam apy amṛtam udvamantaṃ visrambhabhāṣiteṣv anākṛṣṭam api hṛdayaṃ darśayantaṃ prasādeṣu niścalām api śriyaṃ sthāne sthāne sthāpayantaṃ vīragoṣṭhīṣu pulakitena kapolasthalenānurāgasaṃdeśam ivopāṃśu raṇaśriyaḥ śṛṇvantam atikrāntasubhaṭakalahālāpeṣu snehavṛṣṭim iva dṛṣṭim iṣṭe kṛpāṇe pātayantaṃ parihāsasmiteṣu gurupratāpabhītasya rājakasya svaccham āśayam iva daśanāṃśubhiḥ kathayantaṃ sakalalokahṛdayasthitam api nyāye tiṣṭhantam agocare guṇānām abhūmau saubhāgyānām aviṣaye varapradānānām aśakya āśiṣām amārge manorathānām atidūre daivasyādiśy upamānānām asādhye dharmasyādṛṣṭapūrve lakṣmyā mahattve sthitam aruṇapādapallavena sugatamantharoruṇā vajrāyudhaniṣṭhuraprakoṣṭhapṛṣṭhena vṛṣaskandhena bhāsvadbimbādhareṇa prasannāvalokitena candramukhena kṛṣṇakeśena vapuṣā sarvadevatāvatāramivaikatra darśayantam api ca māṃsalamayūkhamālāmalinitamahītale mahati mahārhe māṇikyamālāmaṇḍitamekhale mahānīlamaye pādapīṭhe kalikālaśirasīva salīlaṃ vinyastavāmacaraṇam ākrāntakāliyaphaṇācakravālaṃ bālamiva puṇḍarīkākṣam kṣaumapāṇḍureṇa caraṇanakhadīdhitipratānena prasaratā mahīṃ mahādevīpaṭṭabandheneva mahimānam āropayantam apraṇatalokapālakopenevātilohitau sakalanṛpatimaulimālāsv atipītaṃ padmarāgaratnātapam iva vamantau sarvatejasvimaṇḍalāstamayasaṃdhyām iva dhārayantāv aśeṣarājakakusumaśekharamadhurasasrotāṃsīva sravantau samastasāmantasīmantottaṃsasraksaurabhabhrāntair bhramaramaṇḍalair amitrottamāṅgair iva muhūrtam apy avirahitau saṃvāhanatatparāyāḥ śriyo vikacaraktapaṅkajavanavāsabhavanānīva kalpayantau jalajaśaṅkhamīnamakarasanāthatalatayā kathitacaturambhodhibhogacihnāv iva caraṇau dadhānaṃ diṅnāgadantamusalābhyām iva vikaṭamakaramukhapratibandhabandhurābhyām udvelalāvaṇyayodhipravāhābhyām iva phenāhitaśobhābhyāṃ candanadrumābhyām iva bhogimaṇḍalaśiroratnaraśmirajyamānamūlābhyāṃ hṛdayāropitabhūbhāradhāraṇamāṇikyastambhābhyām urudaṇḍābhyāṃ virājamānam amṛtaphenapiṇḍapāṇḍunā mekhalāmaṇimayūkhakhacitena nitambabimbavyāsaṅginā vimalapayodhautena netrasūtraniveśaśobhinādharavāsasā vāsukinirmokeṇeva mandaraṃ dyotamānam aghanena satārāgaṇenoparikṛtena dvitīyāmbareṇa bhuvanābhogam iva bhāsamānam ibhapatidaśanamusalasahasrollekhakaṭhinamasṛṇenāparyāptāmbaraprathimnā vividhavāhinīsaṃkṣobhakalakalasaṃmardasahiṣṇunā kailāsam iva mahatā sphaṭikataṭenoruṇoraḥkapāṭena virājamānaṃ śrīsarasvatyorurovadanopabhogavibhāgasūtreṇeva pātitena śeṣeṇeva ca tadbhujastambhavinyastasamastabhūbhāralabdhaviśrāntisukhaprasuptena hāradaṇḍena parivalitakandharam jīvitāvadhigṛhītasarvasvamahādānadīkṣācīreṇeva hāramuktāphalānāṃ kiraṇanikareṇa prāvṛtavakṣaḥsthalam ajajigīṣayā bālair bhujair ivāparaiḥ prarohadbhir bāhūpadhānaśāyinyāḥ śriyāḥ karṇotpalamadhurasadhārāsaṃtānair iva galadbhir bhujajanmanaḥ pratāpasya nirgamanamārgair ivāvirbhavadbhir aruṇaiḥ keyūraratnakiraṇadaṇḍair ubhayataḥprasāritamaṇimayapakṣavitānam iva māṇikyamahīdharaṃ sakalalokālokamārgārgalena caturudadhiparikṣepakhātaśātakumbhaśilāprākāreṇa sarvarājahaṃsabandhavajrapañjareṇa bhuvanalakṣmīpraveśamaṅgalamahāmaṇitoraṇenātidīrghadordaṇḍayugalena diśāṃ dikpālānāṃ ca yugapad āyatim apaharantaṃ sodaryalakṣmīcumbanalobhena kaustubhamaṇer iva mukhāvayavatāṃ gatasyādharasya galatā rāgeṇa pārijātapallavaraseneva siñcantaṃ diṅmukhāny antarāntarā suhṛtparihāsasmitaiḥ prakīryamāṇavimaladaśanaśikhāpratānaiḥ prakṛtimūḍhāyā rājaśriyāḥ prajñālokam iva darśayantaṃ mukhajanitendusaṃdehāgatāni kumudinīvanānīva preṣayantam sphuṭadhavaladaśanapaṅktikṛtakumudavanaśaṅkāpraviṣṭāṃ śarajjyotsnām iva visarjayantaṃ madirāmṛtapārijātagandhagarbheṇa bharitasakalakakubhā mukhāmodenāmṛtamathanadivasam iva sṛjantaṃ vikacamukhakamalakarṇikākośenānavaratam āpīyamānaśvāsasaurabham ivādhomukhena nāsāvaṃśena cakṣuṣaḥ kṣīrasnigdhasya dhavalimnā diṅmukhāny apūrvavadanacandrodayodvelakṣīrodotplāvitānīva kurvāṇaṃ vimalakapolaphalakapratibimbitāṃ cāmaragrāhiṇīṃ vigrahiṇīm iva mukhanivāsinīṃ sarasvatīṃ dadhānam aruṇena cūḍāmaṇiśociṣā sarasvatīrṣyākupitalakṣmīprasādanalagnena caraṇālaktakeneva lohitāyatalalāṭataṭam āpāṭalāṃśutantrīsaṃtānavalayinīṃ kuṇḍalamaṇikuṭilakoṭibālavīṇām anavaratacalitacaraṇānāṃ vādayatām upavīṇayatām iva svaravyākaraṇavivekaviśāradaṃ śravaṇāvataṃsamadhukarakulānāṃ kalakvaṇitam ākarṇayantam utphullamālatīmayena rājalakṣmyāḥ kacagrahalīlālagnena nakhajyotsnāvalayeneva mukhaśaśipariveṣamaṇḍalena muṇḍamālāguṇena parikalitakeśāntam śikhaṇḍābharaṇabhuvā muktāphalālokena marakatamaṇikiraṇakalāpena cānyonyasaṃvalanavṛjinena prayāgapravāhaveṇikāvāriṇevāgatya svayam abhiṣicyamānaṃ śramajalavilīnabahalakṛṣṇāgurupaṅkatilakakalaṅkakalpitena kālimnā prārthanācāṭucaturacaraṇapatanaśataśyāmikākiṇeneva nīlāyamānalalāṭendulekhābhiḥ kṣubhitamānasodgatair utkalikākalāpair iva hārair ullasadbhir avaṣṭabhyamānābhir vilāsavalganacaṭulair bhrūlatākalpair īrṣyayā śriyam iva tarjayantībhir āyāmibhiḥ śvasitair aviralaparimalair malayamārutamayaiḥ pāśair ivākarṣantībhir vikaṭabakulāvalīvarāṭakaveṣṭitamukhair bṛhadbhiḥ stanakalaśaiḥ svadārasaṃtoṣarasam ivāśeṣam uddharantībhiḥ kucotkampikāvikārapreṅkhitānāṃ hārataralamaṇīnāṃ raśmibhir ākṛṣya hṛdayam iva haṭhāt praveśayantībhiḥ prabhāmucām ābharaṇamaṇīnāṃ mayūkhaiḥ prasāritair bahubhir iva bāhubhir āliṅgantībhir jṛmbhānubandhabandhuravadanāravindāvaraṇīkṛtair uttānaiḥ karakisalayaiḥ sarabhasapradhāvitāni mānasānīva nirundhatībhir madanāndhamadhukarakulakīryamāṇakarṇakusumarajaḥkaṇakūṇitakoṇāni kusumaśaraśaranikaraprahāramūrcchāmukulitānīva locanāni caturaṃ saṃcārayantībhir anyonyamatsarād āvirbhavadbhaṅgurabhrukuṭivibhramakṣiptaiḥ kaṭākṣaiḥ karṇendīvarāṇīva tāḍayantībhir animeṣadarśanasukharasarāśiṃ mantharitapakṣmaṇā cakṣuṣā pītam iva komalakapolapālīpratibimbitaṃ vahantībhir abhilāṣalīlānirnimittasmitaiś candrodayāniva madanasahāyakāya sampādayantībhir aṅgabhaṅgavalanānyonyaghaṭitottānakaraveṇikābhiḥ sphuṭanamukharāṅgulīkāṇḍakuṇḍalīkriyamāṇanakhadīdhitinivahanibhenākiñcitkarakāmakārmukāṇīva ruṣā bhañjantībhir vāravilāsinībhir vilupyamānasaubhāgyam iva sarvataḥ sparśasvinnavepamānakarakisalayagalitacaraṇāravindāṃ caraṇagrāhiṇīṃ vihasya koṇena līlālasaṃ śirasi tāḍayantam anavaratakarakalitakoṇatayā cātmanaḥ priyāṃ vīṇām iva śriyam api śikṣayantaṃ niḥsneha iti dhanair anāśrayaṇīya iti doṣair nigraharucir itīndriyair durupasarpa iti kalinā nīrasa iti vyasanair bhīrur ity ayaśasā durgrahacittavṛttir iti cittabhuvā strīpara iti sarasvatyā ṣaṇḍha iti parakalatraiḥ kāṣṭhāmunir iti yatibhir dhūrta iti veśyābhir neya iti suhṛdbhiḥ karmakara iti vipraiḥ susahāya iti śatruyodhair ekam apy anekadhā gṛhyamāṇaṃ śantanor mahāvāhinīpatiṃ bhīṣmāj jitakāśinaṃ droṇāc cāpalālasaṃ guruputrād amoghamārgaṇaṃ karṇān mitrapriyaṃ yudhiṣṭhirād bahukṣamaṃ bhīmād anekanāgāyutabalaṃ dhanañjayān mahābhārataraṇayogyaṃ kāraṇam iva kṛtayugasya bījam iva vibudhasargasya utpattidvīpam iva darpasya ekāgāram iva karuṇāyāḥ prātiveśikam iva puruṣottamasya khaniparvatam iva parākramasya sarvavidyāsaṃgītagṛham iva sarasvatyāḥ dvitīyāmṛtamanthanadivasam iva lakṣmīsamutthānasya baladarśanam iva vaidagdhyasya ekasthānam iva sthitīnāṃ sarvasvakathanam iva kānter apavargam iva rūpaparamāṇusargasya sakaladuścaritaprāyaścittam iva rājyasya sarvabalasaṃdohāvaskandam iva kandarpasya upāyam iva purandaradarśanasya āvartanam iva dharmasya kanyāntaḥpuram iva kalānāṃ paramapramāṇam iva saubhāgyasya rājasargasamāptyavabhṛthasnānadivasam iva sarvaprajāpatīnāṃ gambhīraṃ ca prasannaṃ ca trāsajananaṃ ca ramaṇīyaṃ ca kautukajananaṃ ca puṇyaṃ ca cakravartinaṃ harṣam adrākṣīt
viśākhikā+daṇḍa,630090,Harṣacarita,"Harṣacarita, 3",133,,daṇḍena,Ins,Masc,Sing,3,Early classical,atha mahataḥ kārpaṭikavṛndasya madhye prātar eva snātam dattāṣṭapuṣpikam anuṣṭhitāgnikāryam kṛtabhasmarekhāparihāraparikare haritagomayopaliptakṣititalavitate vyāghracarmaṇy upaviṣṭam kṛṣṇakambalaprāvaraṇanibhenāsuravivarapraveśāśaṅkayā pātālāndhakārāvāsam ivābhyasyantam unmiṣatā vidyutkapilenātmatejasā mahāmāṃsavikrayakrītena manaḥśilāpaṅkeneva śiṣyalokaṃ limpantam jaṭīkṛtaikadeśalambamānarudrākṣaśaṅkhaguṭikenordhvabaddhena śikhāpāśena badhnantam iva vidyāvalepadurvidagdhān upari saṃcarataḥ siddhān dhavalakatipayaśiroruheṇa vayasā pañcapañcāśataṃ varṣāṇy atikrāmantam khālityakṣīyamāṇaśaṅkhalomalekham lomaśakarṇaśaṣkulīpradeśam pṛthulalāṭataṭam tiraścyā bhasmalalāṭikayā bahuśaḥ śirordhadhṛtadagdhaguggulusaṃtāpasphuṭitakapālāsthipāṇḍurarājiśaṅkām iva janayantam sahajalalāṭavalibhaṅgasaṃkocitakūrcabhāgāṃ babhrubhāsaṃ bhrūsaṃgatyā nirantarām āyāminīm ekām iva bhrūlekhāṃ bibhrāṇam īṣatkācarakanīnikena raktāpāṅganirgatāṃśupratānena madhyadhavalabhāsīndrāyudhenevātidīrgheṇa locanayugalena parito mahāmaṇḍalam ivānekavarṇarāgam ālikhantam sitapītalohitapatākāvalīśabalam śivabalim iva dikṣu vikṣipantam tārkṣyatuṇḍakoṭikubjāgraghoṇam dūravidīrṇasṛkkasaṃkṣiptakapolam kiṃcid danturatayā sadāhṛdayasaṃnihitaharamaulicandrātapeneva nirgacchatā dantālokena dhavalayantaṃ diśāṃ jālam jihvāgrasthitasarvaśaivasaṃhitātibhāreṇeva manākpralambitauṣṭham pralambaśravaṇapālīpreṅkhitābhyāṃ sphāṭikakuṇḍalābhyāṃ śukrabṛhaspatibhyām iva surāsuravijayavidyāsiddhiśraddhayānubadhyamānam baddhavividhauṣadhimantrasūtrapaṅktinā salohavalayenaikaprakoṣṭhena śaṅkhakhaṇḍaṃ pūṣṇo dantam iva bhagavatā bhavena bhagnaṃ bhaktyā bhūṣaṇīkṛtaṃ kalayantam akhilarasakūpodañcanaghaṭīyantramālām iva rudrākṣamālāṃ dakṣiṇena pāṇinā bhramayantam urasi dolāyamānenāpiṅgalāgreṇa kūrcakalāpena saṃmārjayantam ivāntargataṃ nijarajonikaram atinibiḍanīlalomamaṇḍalavicitaṃ ca dhyānalabdhena jyotiṣā dagdham iva hṛdayadeśe dadhānam īṣatpraśithilavalivalayabadhyamānatundam upacīyamānasphiṅmāṃsapiṇḍakam pāṇḍurapavitrakṣaumāvṛtakaupīnam sāvaṣṭambhaparyaṅkabandhamaṇḍalitenāmṛtaphenaśvetarucā yogapaṭṭakena vāsukinevāpratihatānekamantraprabhāvāvirbhūtena pradakṣiṇīkriyamāṇam aruṇatāmarasasukumārataratalasya pādayugalasya nirmalair nakhamayūkhajālakair jarjarayantam iva mahānidhānoddharaṇarasena rasātalam toyakṣālitaśucinā dhautapādukāyugalena haṃsamithuneneva bhāgīrathītīrthayātrāparicayāgatenāmucyamānacaraṇāntikam śikharanikhātakubjakālāyasakaṇṭakena vaiṇavena viśākhikādaṇḍena sarvavidyāsiddhivighnavināyakāpanayanāṅkuśeneva satatapārśvavartinā virājamānam abahubhāṣiṇaṃ mandahāsinaṃ sarvopakāriṇaṃ kumārabrahmacāriṇam atitapasvinam mahāmanasvinaṃ kṛśakrodham akṛśānurodham mahānagaram ivādīnaprakṛtiśobhitam merum iva kalpatarupallavarāśisukumāracchāyam kailāsam iva paśupaticaraṇarajaḥpavitritaśirasam śivalokam iva māheśvaragaṇānuyātam jalanidhim ivānekanadanadīsahasraprakṣālitaśarīram jāhnavīpravāham iva bahupuṇyatīrthasthānaśucim dhāma dharmasya tīrthaṃ tathyasya kośaṃ kuśalasya pattanaṃ pūtatāyāḥ śālāṃ śīlasya kṣetraṃ kṣamāyāḥ śāleyaṃ śālīnatāyāḥ sthānaṃ sthiteḥ ādhāraṃ dhṛteḥ ākaraṃ karuṇāyāḥ niketanaṃ kautukasya ārāmaṃ rāmaṇīyakasya prāsādaṃ prasādasya agāraṃ gauravasya samājaṃ saujanyasya saṃbhavaṃ sadbhāvasya kālaṃ kaleḥ bhagavantaṃ sākṣād iva virūpākṣaṃ bhairavācāryaṃ dadarśa
hari+bāhu+daṇḍa,630131,Harṣacarita,"Harṣacarita, 3",174,1,daṇḍam,Acc,Masc,Sing,3,Early classical,so 'yaṃ bhavadbhujayogyo gṛhyatām ity abhidhāyāpahṛtakarpaṭāvacchādanāt parivārād ācakarṣa śaradgaganatalam iva piṇḍatāṃ nītam kālindīpravāham iva stambhitajalam nandakajigīṣayā kṛṣṇakopitaṃ kāliyam iva kṛpāṇatāṃ gatam lokavināśāya prakāśitadhārāsāraṃ pralayakālameghakhaṇḍam iva nabhastalāt patitam dṛśyamānavikaṭadantamaṇḍalaṃ hāsam iva hiṃsāyāḥ haribāhudaṇḍam iva kṛtadṛḍhamuṣṭigraham sakalabhuvanajīvitāpaharaṇakṣameṇa kālakūṭeneva nirmitam kṛtāntakopānalataptenevāyasā ghaṭitam atitīkṣṇatayā pavanasparśenāpi ruṣeva kvaṇantam maṇisabhākuṭṭimapatatpratibimbacchadmanātmānam api dvidheva pāṭayantam ariśiraśchedalagnaiḥ kacair iva kiraṇaiḥ karālitadhāram muhurmuhus taḍidunmeṣataralaiḥ prabhācakracchuritair jarjaritātapam khaṇḍaśaś chindantam iva divasam kaṭākṣam iva kālarātreḥ karṇotpalam iva kālasya oṃkāram iva krauryasya alaṃkāram ahaṃkārasya kulamitraṃ kopasya dehaṃ darpasya susahāyaṃ sāhasasya apatyaṃ mṛtyoḥ āgamanamārgaṃ lakṣmyāḥ nirgamanamārgaṃ kīrteḥ kṛpāṇam
sthira+sthūla+ucca+daṇḍa,630166,Harṣacarita,"Harṣacarita, 3",209,1,daṇḍaḥ,Nom,Masc,Sing,3,Early classical,sahasaiva ca tasmād vivarād āśāvāraṇotkṣipta ivālānalohastambhaḥ mahāvarāhapīvaraskandhapīṭho narakāsura iva bhuvo garbhād udbhūto balidānava iva bhittvotthitaḥ pātālam indranīlaprāsāda ivoparijvalitaratnapradīpaḥ snigdhanīlaghananibiḍakuṭilakuntalakāntamaulir unmīlan mālatīmuṇḍamālaḥ gadgadatayā svarasya svabhāvapāṭalatayā ca cakṣuṣaḥ kṣība iva yauvanamadena valgadgaladāmakaḥ karasaṃpuṭamṛditayā mṛdā diṅnāgakumbhābhāv aṃsakūṭau punaḥ punaḥ paṅkayan sāndracandanakardamadattair avyavasthāsthāsakair atisitajaladharaśakalaśārita iva śāradākāśaikadeśaḥ ketakīgarbhapatrapāṇḍurasya caṇḍātakasyopari kṣāmatarīkṛtakukṣiḥ kakṣyābandhaṃ vidhāya vilāsavikṣiptena dhavalavyāyāmaphālīpaṭāntena dharaṇitalagatena dhāryamāṇa iva pṛṣṭhataḥ śeṣeṇa sthirasthūloccadaṇḍaḥ bhūmibhaṅgabhayeneva mantharāṇi sthāpayan padāni nirbharagarvaguru katham api śailam iva gātram udvahan darpeṇa muhurmuhur urasi dviguṇite doṣṇi vāme tiryagutkṣipte ca dakṣiṇe jaṅghākāṇḍe kuṇḍalite ca caṇḍasphoṭanaṭāṃkāraiḥ karmavighnanirghātān iva pātayann ekendriyavikalam iva jīvalokaṃ kurvan kuvalayaśyāmalaḥ puruṣa ujjagāma
bāhu+daṇḍa,630179,Harṣacarita,"Harṣacarita, 3",219,1,daṇḍaiḥ,Ins,Masc,Plur,3,Early classical,yuyudhāte ca nirdayāsphoṭanasphuṭitabhujarudhiraśīkarasicyamānau śilāstambhair iva patadbhir bāhudaṇḍaiḥ śabdamayam iva kurvāṇau bhuvanaṃ tau
ūru+daṇḍa,630843,Harṣacarita,"Harṣacarita, 6",93,1,daṇḍam,Acc,Masc,Sing,3,Early classical,samāsannasakalamahīpālacūḍāmaṇicakrākramaṇajātāhaṃkāra iva ca samāruroha vāmam ūrudaṇḍam uttānitaś caraṇo dakṣiṇaḥ
dīkṣ+daṇḍa,773442,Hiraṇyakeśiśrautasūtra,"HirŚS, 7, 3",1,,daṇḍaḥ,Nom,Masc,Sing,1,Vedic (Saṃhitā–Brāhmaṇa–Śrautasūtra),audumbaro dīkṣitadaṇḍo yo vā kaścana vṛkṣaḥ phalagrahis tasya
vāc+daṇḍa,353833,Hitopadeśa,"Hitop, 3",117,3,daṇḍayoḥ,Gen,Masc,Dual,4,Later classical / early medieval,vāgdaṇḍayoś ca pāruṣyaṃ vyasanāni mahībhujām
sāman+dāna+bheda+daṇḍa,354302,Hitopadeśa,"Hitop, 4",55,7,daṇḍāḥ,Nom,Masc,Plur,4,Later classical / early medieval,sāmadānabhedadaṇḍāś catvāra upāyāḥ
ugra+daṇḍa,354465,Hitopadeśa,"Hitop, 4",87,1,daṇḍam,Acc,Masc,Sing,4,Later classical / early medieval,saṃcintya saṃcintya tam ugradaṇḍaṃ mṛtyuṃ manuṣyasya vicakṣaṇasya
dīkṣ+daṇḍa,754010,Jaiminīyaśrautasūtra,"JaimŚS, 6",13,,daṇḍena,Ins,Masc,Sing,1,Vedic (Saṃhitā–Brāhmaṇa–Śrautasūtra),athaināṃ dīkṣitadaṇḍena dṛṃhati
dā+daṇḍa,616521,Kathāsaritsāgara,"KSS, 3, 1",13,1,daṇḍaḥ,Nom,Masc,Sing,4,Later classical / early medieval,dattadaṇḍaśca rājāsau mānī bhṛśamatapyata
nara+śata+akāṇḍa+yama+daṇḍa,617944,Kathāsaritsāgara,"KSS, 3, 4",281,2,daṇḍam,Acc,Masc,Sing,4,Later classical / early medieval,bhujaṃ naraśatākāṇḍayamadaṇḍaṃ nyaveśayat
yuj+daṇḍa,624455,Kathāsaritsāgara,"KSS, 6, 8",205,1,daṇḍaḥ,Nom,Masc,Sing,4,Later classical / early medieval,tasmājjitātmā rājā syādyuktadaṇḍo viśeṣavit
prāñc+daṇḍa,70191,Kauśikasūtra,"KauśS, 1, 6",10,,daṇḍam,Acc,Masc,Sing,1,Vedic (Saṃhitā–Brāhmaṇa–Śrautasūtra),sruvo 'si ghṛtād aniśitaḥ sapatnakṣayaṇo divi ṣīda antarikṣe sīda pṛthivyāṃ sīdottaro 'haṃ bhūyāsam adhare matsapatnāḥ iti sruvaṃ prāgdaṇḍaṃ nidadhāti
dīrgha+daṇḍa,70388,Kauśikasūtra,"KauśS, 2, 6",4,,daṇḍeṇa,Ins,Masc,Sing,1,Vedic (Saṃhitā–Brāhmaṇa–Śrautasūtra),ekeṣvā hatasyādahana upasamādhāya dīrghadaṇḍeṇa sruveṇa rathacakrasya khena samayā juhoti
bādhaka+daṇḍa,70419,Kauśikasūtra,"KauśS, 2, 7",17,,daṇḍāni,Nom,Neut,Plur,1,Vedic (Saṃhitā–Brāhmaṇa–Śrautasūtra),bādhakadaṇḍāni
upasaṅga+daṇḍa,70427,Kauśikasūtra,"KauśS, 2, 7",25,,daṇḍe,Loc,Masc,Sing,1,Vedic (Saṃhitā–Brāhmaṇa–Śrautasūtra),śitipadīṃ saṃpātavatīṃ darbharajjvā kṣatriyāyopasaṅgadaṇḍe badhnāti
ṛṣabha+daṇḍa,70632,Kauśikasūtra,"KauśS, 3, 7",9,,daṇḍinaḥ,Gen,Masc,Sing,1,Vedic (Saṃhitā–Brāhmaṇa–Śrautasūtra),divyaṃ suparṇaṃ ity ṛṣabhadaṇḍino vapayā indraṃ yajate
aralu+daṇḍa,71172,Kauśikasūtra,"KauśS, 5, 7",1,,daṇḍam,Nom,Neut,Sing,1,Vedic (Saṃhitā–Brāhmaṇa–Śrautasūtra),karśaphasyeti piśaṅgasūtram araludaṇḍaṃ yad āyudham
tumbara+daṇḍa,72242,Kauśikasūtra,"KauśS, 10, 2",2,1,daṇḍena,Ins,Masc,Sing,1,Vedic (Saṃhitā–Brāhmaṇa–Śrautasūtra),tumbaradaṇḍena pratipādya nirvrajet
prāñc+daṇḍa,713296_1,Kauṣītakibrāhmaṇa,"KauṣB, 6, 9",,,daṇḍam,Acc,Masc,Sing,1,Vedic (Saṃhitā–Brāhmaṇa–Śrautasūtra),tat vyūhya tṛṇāni prāc daṇḍam sthaṇḍile sādayati pṛthivyāḥ tvā nābhau sādayāmi adityāḥ upasthe iti
dhavitra+daṇḍa,753692,Kaṭhāraṇyaka,"KaṭhĀ, 3, 4",219,,daṇḍau,Nom,Masc,Dual,5,Medieval / late,tasya kapālāni kapālāni keśā vedau dhavitre karṇau dhavitradaṇḍau nāsike rukmau cakṣuṣī sauvarṇo dakṣiṇaṃ rājata uttaraṃ mahāvīrāḥ kaṇṭhā āsyaṃ caruṣṭhālī hanū śaphā aniṣṭubdhī aṣṭhīvantau daṃṣṭrā mayūkhā dantā yad gharme nidadhāti jihvopayāmo rajjvoś ca vaiṇavāni snāvāni puroḍāśo mastiṣkaḥ
kośa+daṇḍa,357773,Kirātārjunīya,"Kir, 2",12,1,daṇḍayoḥ,Gen,Masc,Dual,3,Early classical,prabhavaḥ khalu kośadaṇḍayoḥ kṛtapañcāṅgavinirṇayo nayaḥ
māna+daṇḍa,485110,Kumārasaṃbhava,"KumSaṃ, 1",1,2,daṇḍaḥ,Nom,Masc,Sing,3,Early classical,pūrvāparau toyanidhī vigāhya sthitaḥ pṛthivyā iva mānadaṇḍaḥ
āyam+nāla+daṇḍa,486140,Kumārasaṃbhava,"KumSaṃ, 7",89,2,daṇḍam,Acc,Neut,Sing,3,Early classical,tayor upary āyatanāladaṇḍam ādhatta lakṣmīḥ kamalātapatram
dhṛ+daṇḍa,529811,Kātyāyanasmṛti,"KātySmṛ, 1",3,1,daṇḍam,Acc,Masc,Sing,3,Early classical,vaśyendriyaṃ jitātmānaṃ dhṛtadaṇḍaṃ vikāriṣu
dviguṇa+daṇḍa,530226,Kātyāyanasmṛti,"KātySmṛ, 1",210,2,daṇḍyāḥ,Nom,Masc,Plur,3,Early classical,sarve dviguṇadaṇḍyāḥ syuḥ vipralambhān nṛpasya te
sama+daṇḍa,530617,Kātyāyanasmṛti,"KātySmṛ, 1",405,1,daṇḍam,Acc,Masc,Sing,3,Early classical,sākṣī sākṣyaṃ na ced brūyāt samadaṇḍaṃ vahed ṛṇam
sama+daṇḍa,531472,Kātyāyanasmṛti,"KātySmṛ, 1",828,3,daṇḍāḥ,Nom,Masc,Plur,3,Early classical,samadaṇḍāḥ smṛtā hy ete ye ca pracchādayanti tān
cora+daṇḍa,531474,Kātyāyanasmṛti,"KātySmṛ, 1",829,2,daṇḍena,Ins,Masc,Sing,3,Early classical,tau ubhau coradaṇḍena vinīya sthāpayet pathi
artha+daṇḍa,531753,Kātyāyanasmṛti,"KātySmṛ, 1",966,2,daṇḍaḥ,Nom,Masc,Sing,3,Early classical,eṣa daṇḍo hi dāsasya nārthadaṇḍo vidhīyate
mūla+daṇḍa,697434,Kātyāyanaśrautasūtra,"KātyŚS, 1, 3",37,,daṇḍāḥ,Nom,Fem,Plur,1,Vedic (Saṃhitā–Brāhmaṇa–Śrautasūtra),bāhumātryaḥ srucaḥ pāṇimātrapuṣkarās tvagbilā haṃsamukhaprasekā mūladaṇḍā bhavanti
maitrāvaruṇa+daṇḍa,698053,Kātyāyanaśrautasūtra,"KātyŚS, 6, 3",11,,daṇḍena,Ins,Masc,Sing,1,Vedic (Saṃhitā–Brāhmaṇa–Śrautasūtra),brahma dṛṃheti maitrāvaruṇadaṇḍena samantaṃ triḥ paryṛṣati
dīkṣ+daṇḍa,698081,Kātyāyanaśrautasūtra,"KātyŚS, 6, 4",6,,daṇḍam,Acc,Masc,Sing,1,Vedic (Saṃhitā–Brāhmaṇa–Śrautasūtra),dīkṣitadaṇḍaṃ some
yajñiya+vṛkṣa+daṇḍa,699325,Kātyāyanaśrautasūtra,"KātyŚS, 15, 7",5,,daṇḍaiḥ,Ins,Masc,Plur,1,Vedic (Saṃhitā–Brāhmaṇa–Śrautasūtra),abhibhūr ity asmai pañcākṣān pāṇāv ādhāya paścād enaṃ yajñiyavṛkṣadaṇḍaiḥ śanais tūṣṇīṃ ghnanti
kavacin+niṣaṅgin+kalāpin+daṇḍa,699493_1,Kātyāyanaśrautasūtra,"KātyŚS, 20, 2",,,daṇḍinaḥ,Acc,Masc,Plur,1,Vedic (Saṃhitā–Brāhmaṇa–Śrautasūtra),devāḥ āśā pālāḥ iti rakṣiṇaḥ asya ādiśati anucarījñātīyān tāvataḥ tāvataḥ kavaci niṣaṅgi kalāpi daṇḍinaḥ yathāsaṃkhyam
samagra+gagana+āyāma+māna+daṇḍa,364306,Kāvyālaṃkāra,"KāvyAl, 3",36,1,daṇḍaḥ,Nom,Masc,Sing,3,Early classical,samagragaganāyāmamānadaṇḍo rathāṅginaḥ
trivarga+ukti+daṇḍa,364427,Kāvyālaṃkāra,"KāvyAl, 4",38,1,daṇḍanītim,Acc,Fem,Sing,3,Early classical,nyāyaḥ śāstraṃ trivargoktidaṇḍanītiṃ ca tāṃ viduḥ
śalka+daṇḍa,469260_1,Kāṭhakagṛhyasūtra,"KāṭhGS, 1",,,daṇḍaḥ,Nom,Masc,Sing,1,Vedic (Saṃhitā–Brāhmaṇa–Śrautasūtra),upanayana prabhṛti vrata cārī syāt mārga vāsāḥ saṃhata keśaḥ bhaikṣa ācārya vṛttiḥ sa śalka daṇḍaḥ
īṣā+daṇḍa,455589,Kūrmapurāṇa,"KūPur, 1, 39",27,2,daṇḍaḥ,Nom,Masc,Sing,3,Early classical,īṣādaṇḍastathaiva syād dviguṇo dvijasattamāḥ
ikṣu+daṇḍa,457880,Kūrmapurāṇa,"KūPur, 2, 13",29,2,daṇḍe,Loc,Masc,Sing,3,Early classical,phalamūle cekṣudaṇḍe na doṣaṃ prāha vai manuḥ
pañcan+daṇḍa,505428,Kṛṣiparāśara,"KṛṣiPar, 1",32,1,daṇḍena,Ins,Masc,Sing,4,Later classical / early medieval,ekaikaṃ pañcadaṇḍena māsasya divaso mataḥ
tad+daṇḍa,505467,Kṛṣiparāśara,"KṛṣiPar, 1",49,2,daṇḍam,Acc,Masc,Sing,4,Later classical / early medieval,aṅkayitvā tu taddaṇḍam aṅkatulye jale kṣipet
nala+daṇḍa,505800,Kṛṣiparāśara,"KṛṣiPar, 1",202,2,daṇḍena,Ins,Masc,Sing,4,Later classical / early medieval,tāḍitā naladaṇḍena sarve syuḥ samapuṣpitāḥ
eka+daṇḍa,368381,Liṅgapurāṇa,"LiPur, 1, 3",38,2,daṇḍe,Loc,Masc,Sing,3,Early classical,ekadaṇḍe tathā lokā ime kartā pitāmahaḥ
vajra+daṇḍa,369863,Liṅgapurāṇa,"LiPur, 1, 20",8,2,daṇḍam,Nom,Neut,Sing,3,Early classical,vajradaṇḍaṃ mahotsedhaṃ nābhyāṃ sṛṣṭaṃ tu puṣkaram
heman+daṇḍa,372593,Liṅgapurāṇa,"LiPur, 1, 44",27,2,daṇḍam,Nom,Neut,Sing,3,Early classical,vyajanaṃ candraśubhraṃ ca hemadaṇḍaṃ sucāmaram
īṣā+daṇḍa,373537,Liṅgapurāṇa,"LiPur, 1, 55",4,2,daṇḍaḥ,Nom,Masc,Sing,3,Early classical,dviguṇo'pi rathopasthādīṣādaṇḍaḥ pramāṇataḥ
īṣā+daṇḍa,376597,Liṅgapurāṇa,"LiPur, 1, 72",11,2,daṇḍaḥ,Nom,Masc,Sing,3,Early classical,īṣādaṇḍastathāvyaktaṃ buddhistasyaiva naḍvalaḥ
bāhu+daṇḍa,380809,Liṅgapurāṇa,"LiPur, 1, 97",26,2,daṇḍena,Ins,Masc,Sing,3,Early classical,gharṣito bāhudaṇḍena kaṇḍūnodārtham āpatat
amogha+daṇḍa,381009,Liṅgapurāṇa,"LiPur, 1, 98",80,2,daṇḍī,Nom,Masc,Sing,3,Early classical,amoghadaṇḍī madhyastho hiraṇyo brahmavarcasī
ikṣu+daṇḍa,386001,Liṅgapurāṇa,"LiPur, 2, 37",9,1,daṇḍam,Nom,Neut,Sing,3,Early classical,ikṣudaṇḍaṃ ca dātavyaṃ brāhmaṇebhyo viśeṣataḥ
mekhalā+ajina+daṇḍa,160448,Mahābhārata,"MBh, 1, 24",6,2,daṇḍena,Ins,Masc,Sing,2,Epic & early śāstra,mekhalājinadaṇḍena brahmacārīti lakṣayet
brahman+daṇḍa,160629,Mahābhārata,"MBh, 1, 26",7,1,daṇḍam,Acc,Masc,Sing,2,Epic & early śāstra,śailaśṛṅgapratīkāśaṃ brahmadaṇḍam ivodyatam
brahman+daṇḍa,162292,Mahābhārata,"MBh, 1, 49",24,1,daṇḍam,Acc,Masc,Sing,2,Epic & early śāstra,brahmadaṇḍaṃ mahāghoraṃ kālāgnisamatejasam
kāla+daṇḍa,182532,Mahābhārata,"MBh, 1, 218",31,1,daṇḍam,Acc,Masc,Sing,2,Epic & early śāstra,kāladaṇḍaṃ yamo rājā śibikāṃ ca dhaneśvaraḥ
rukma+daṇḍa,183172_1,Mahābhārata,"MBh, 2, 2",,,daṇḍam,Acc,Neut,Sing,2,Epic & early śāstra,upāruhya arjunaḥ ca api cāmara vyajanam sitam rukma daṇḍam bṛhat mūrdhani dudhāva abhipradakṣiṇam
vaiḍūrya+maṇi+daṇḍa,183176,Mahābhārata,"MBh, 2, 2",16,4,daṇḍam,Acc,Neut,Sing,2,Epic & early śāstra,vaiḍūryamaṇidaṇḍaṃ ca cāmīkaravibhūṣitam
heman+daṇḍa,192122,Mahābhārata,"MBh, 3, 44",17,1,daṇḍena,Ins,Masc,Sing,2,Epic & early śāstra,pāṇḍureṇātapatreṇa hemadaṇḍena cāruṇā
rukma+daṇḍa,200345,Mahābhārata,"MBh, 3, 157",61,1,daṇḍām,Acc,Fem,Sing,2,Epic & early śāstra,tataḥ śaktiṃ mahāghorāṃ rukmadaṇḍām ayasmayīm
cāpa+daṇḍa,213936,Mahābhārata,"MBh, 4, 33",16,1,daṇḍām,Acc,Fem,Sing,2,Epic & early śāstra,pāśopadhānāṃ jyātantrīṃ cāpadaṇḍāṃ mahāsvanām
dhṛ+daṇḍa,218277,Mahābhārata,"MBh, 5, 34",56,1,daṇḍam,Acc,Masc,Sing,2,Epic & early śāstra,vaśyendriyaṃ jitāmātyaṃ dhṛtadaṇḍaṃ vikāriṣu
mahat+daṇḍa,221543,Mahābhārata,"MBh, 5, 80",14,1,daṇḍaḥ,Nom,Masc,Sing,2,Epic & early śāstra,tasmāt teṣu mahādaṇḍaḥ kṣeptavyaḥ kṣipram acyuta
dhṛ+daṇḍa,224478,Mahābhārata,"MBh, 5, 127",29,1,daṇḍam,Acc,Masc,Sing,2,Epic & early śāstra,vaśyendriyaṃ jitāmātyaṃ dhṛtadaṇḍaṃ vikāriṣu
kalmāṣa+daṇḍa,225387,Mahābhārata,"MBh, 5, 139",37,1,daṇḍāḥ,Nom,Fem,Plur,2,Epic & early śāstra,kalmāṣadaṇḍā govinda vimalā rathaśaktayaḥ
heman+daṇḍa,228087,Mahābhārata,"MBh, 5, 182",10,1,daṇḍāḥ,Acc,Fem,Plur,2,Epic & early śāstra,tato 'parā jāmadagnyo mahātmā śaktīr ghorāḥ prākṣipaddhemadaṇḍāḥ
mahat+daṇḍa,228720,Mahābhārata,"MBh, 5, 193",35,2,daṇḍaḥ,Nom,Masc,Sing,2,Epic & early śāstra,tasmāt tasmai mahādaṇḍo dhāryaḥ syād iti me matiḥ
kāla+daṇḍa,232401,Mahābhārata,"MBh, 6, 43",30,1,daṇḍam,Acc,Masc,Sing,2,Epic & early śāstra,śaraṃ caiva mahāghoraṃ kāladaṇḍam ivāparam
mṛtyu+daṇḍa,233088,Mahābhārata,"MBh, 6, 49",9,2,daṇḍam,Acc,Masc,Sing,2,Epic & early śāstra,śakrāśanisamasparśaṃ mṛtyudaṇḍam ivāparam
heman+daṇḍa,233460,Mahābhārata,"MBh, 6, 51",31,2,daṇḍānām,Gen,Masc,Plur,2,Epic & early śāstra,chatrāṇāṃ hemadaṇḍānāṃ cāmarāṇāṃ ca bhārata
rukma+daṇḍa,234044,Mahābhārata,"MBh, 6, 57",9,1,daṇḍām,Acc,Fem,Sing,2,Epic & early śāstra,rukmadaṇḍāṃ mahāśaktiṃ preṣitāṃ saumadattinā
rukma+daṇḍa,235030,Mahābhārata,"MBh, 6, 68",23,1,daṇḍām,Acc,Fem,Sing,2,Epic & early śāstra,tām āpatantīṃ sahasā rukmadaṇḍāṃ durāsadām
heman+daṇḍa,236032,Mahābhārata,"MBh, 6, 79",38,1,daṇḍām,Acc,Fem,Sing,2,Epic & early śāstra,tām āpatantīṃ sahasā hemadaṇḍāṃ suvegitām
rukma+daṇḍa,237273,Mahābhārata,"MBh, 6, 91",60,2,daṇḍām,Acc,Fem,Sing,2,Epic & early śāstra,rukmadaṇḍāṃ mahāśaktiṃ jagrāhāgniśikhopamām
vaiḍūrya+maṇi+daṇḍa,237456,Mahābhārata,"MBh, 6, 92",67,2,daṇḍaiḥ,Ins,Masc,Plur,2,Epic & early śāstra,vaiḍūryamaṇidaṇḍaiśca patitair aṅkuśaiḥ śubhaiḥ
svarṇa+daṇḍa,239239,Mahābhārata,"MBh, 6, 109",34,2,daṇḍām,Acc,Fem,Sing,2,Epic & early śāstra,cikṣepa samare vīraḥ svarṇadaṇḍāṃ mahādhanām
loha+daṇḍa,241608,Mahābhārata,"MBh, 7, 14",28,2,daṇḍābhyām,Ins,Masc,Dual,2,Epic & early śāstra,sahasā lohadaṇḍābhyām anyonyam abhijaghnatuḥ
heman+daṇḍa,242833,Mahābhārata,"MBh, 7, 28",9,1,daṇḍām,Acc,Fem,Sing,2,Epic & early śāstra,tataḥ prāgjyotiṣaḥ śaktiṃ hemadaṇḍām ayasmayīm
heman+daṇḍa,245188,Mahābhārata,"MBh, 7, 58",26,1,daṇḍaiḥ,Ins,Masc,Plur,2,Epic & early śāstra,pāṇḍaraiścandraraśmyābhair hemadaṇḍaiśca cāmaraiḥ
svarṇa+daṇḍa,247274,Mahābhārata,"MBh, 7, 81",28,3,daṇḍām,Acc,Fem,Sing,2,Epic & early śāstra,svarṇadaṇḍāṃ mahāghorām aṣṭaghaṇṭāṃ bhayāvahām
rukma+daṇḍa,247342,Mahābhārata,"MBh, 7, 82",15,2,daṇḍām,Acc,Fem,Sing,2,Epic & early śāstra,śaktiṃ jagrāha vipulāṃ rukmadaṇḍām ayasmayīm
heman+daṇḍa,248264,Mahābhārata,"MBh, 7, 90",19,2,daṇḍām,Acc,Fem,Sing,2,Epic & early śāstra,śaktiṃ jagrāha samare hemadaṇḍām ayasmayīm
rukma+daṇḍa,248574,Mahābhārata,"MBh, 7, 93",19,1,daṇḍām,Acc,Fem,Sing,2,Epic & early śāstra,tataḥ śaktiṃ gṛhītvā tu rukmadaṇḍām ayasmayīm
kāla+daṇḍa,249564,Mahābhārata,"MBh, 7, 102",87,1,daṇḍam,Acc,Masc,Sing,2,Epic & early śāstra,athodbhrāmya gadāṃ bhīmaḥ kāladaṇḍam ivāntakaḥ
kanaka+vaiḍūrya+citra+daṇḍa,250087,Mahābhārata,"MBh, 7, 108",20,2,daṇḍām,Acc,Fem,Sing,2,Epic & early śāstra,śaktiṃ kanakavaiḍūryacitradaṇḍāṃ parāmṛśat
kāñcana+daṇḍa,252442,Mahābhārata,"MBh, 7, 131",118,1,daṇḍaiḥ,Ins,Masc,Plur,2,Epic & early śāstra,kṣiptaiḥ kāñcanadaṇḍaiśca nṛpachatraiḥ kṣitir babhau
svarṇa+daṇḍa,253366,Mahābhārata,"MBh, 7, 140",36,1,daṇḍam,Acc,Masc,Sing,2,Epic & early śāstra,tomaraṃ tu tato gṛhya svarṇadaṇḍaṃ durāsadam
svarṇa+daṇḍa,253730,Mahābhārata,"MBh, 7, 144",22,2,daṇḍām,Acc,Fem,Sing,2,Epic & early śāstra,svarṇadaṇḍām akuṇṭhāgrāṃ karmāraparimārjitām
nālīka+daṇḍa,254783,Mahābhārata,"MBh, 7, 154",14,1,daṇḍaiḥ,Ins,Masc,Plur,2,Epic & early śāstra,tau karṇinārācaśilīmukhaiśca nālīkadaṇḍaiśca savatsadantaiḥ
nyas+daṇḍa,256585,Mahābhārata,"MBh, 7, 168",3,2,daṇḍaḥ,Nom,Masc,Sing,2,Epic & early śāstra,nyastadaṇḍo yathā pārtha brāhmaṇaḥ saṃśitavrataḥ
heman+daṇḍa,258288,Mahābhārata,"MBh, 8, 10",20,1,daṇḍām,Acc,Fem,Sing,2,Epic & early śāstra,tataḥ śaktiṃ mahārāja hemadaṇḍāṃ durāsadām
vaiḍūrya+maṇi+daṇḍa,258701,Mahābhārata,"MBh, 8, 14",47,1,daṇḍān,Acc,Masc,Plur,2,Epic & early śāstra,vaiḍūryamaṇidaṇḍāṃś ca patitān aṅkuśān bhuvi
heman+daṇḍa,259525,Mahābhārata,"MBh, 8, 20",23,1,daṇḍā,Nom,Fem,Sing,2,Epic & early śāstra,nipapāta tataḥ sātha hemadaṇḍā mahāghanā
rudra+daṇḍa,260064,Mahābhārata,"MBh, 8, 24",79,1,daṇḍaḥ,Nom,Masc,Sing,2,Epic & early śāstra,brahmadaṇḍaḥ kāladaṇḍo rudradaṇḍas tathā jvaraḥ
kiṃkara+udyam+daṇḍa,261566,Mahābhārata,"MBh, 8, 34",20,2,daṇḍena,Ins,Masc,Sing,2,Epic & early śāstra,kiṃkarodyatadaṇḍena mṛtyunāpi vrajed raṇam
mṛtyu+daṇḍa,262390,Mahābhārata,"MBh, 8, 42",12,2,daṇḍam,Acc,Masc,Sing,2,Epic & early śāstra,preṣayāmāsa saṃkruddho mṛtyudaṇḍam ivāparam
kāla+daṇḍa,262477,Mahābhārata,"MBh, 8, 42",50,2,daṇḍam,Acc,Masc,Sing,2,Epic & early śāstra,droṇaputrāya cikṣepa kāladaṇḍam ivāparam
ādā+daṇḍa,263834,Mahābhārata,"MBh, 8, 54",7,2,daṇḍaḥ,Nom,Masc,Sing,2,Epic & early śāstra,yathāntakāle kṣapayan didhakṣur bhūtāntakṛtkāla ivāttadaṇḍaḥ
rukma+daṇḍa,263999,Mahābhārata,"MBh, 8, 55",56,2,daṇḍām,Acc,Fem,Sing,2,Epic & early śāstra,śaktiṃ cikṣepa samare rukmadaṇḍām ayasmayīm
ādā+daṇḍa,264607,Mahābhārata,"MBh, 8, 62",17,2,daṇḍam,Acc,Masc,Sing,2,Epic & early śāstra,vṛkodaraṃ kālam ivāttadaṇḍaṃ gadāhastaṃ pothamānaṃ tvadīyān
svarṇa+daṇḍa,266353,Mahābhārata,"MBh, 9, 9",37,2,daṇḍām,Acc,Fem,Sing,2,Epic & early śāstra,svarṇadaṇḍām akuṇṭhāgrāṃ tailadhautāṃ sunirmalām
loha+daṇḍa,266571,Mahābhārata,"MBh, 9, 11",20,2,daṇḍābhyām,Ins,Masc,Dual,2,Epic & early śāstra,udyamya lohadaṇḍābhyām atimānuṣakarmaṇoḥ
svarṇa+daṇḍa,266699,Mahābhārata,"MBh, 9, 12",19,2,daṇḍam,Acc,Masc,Sing,2,Epic & early śāstra,tomaraṃ preṣayāmāsa svarṇadaṇḍaṃ mahādhanam
heman+daṇḍa,266707,Mahābhārata,"MBh, 9, 12",23,1,daṇḍām,Acc,Fem,Sing,2,Epic & early śāstra,nakulapreṣitāṃ śaktiṃ hemadaṇḍāṃ bhayāvahām
maṇi+heman+daṇḍa,267151,Mahābhārata,"MBh, 9, 16",38,1,daṇḍām,Acc,Fem,Sing,2,Epic & early śāstra,sa dharmarājo maṇihemadaṇḍāṃ jagrāha śaktiṃ kanakaprakāśām
rucira+ugra+daṇḍa,267155,Mahābhārata,"MBh, 9, 16",40,1,daṇḍām,Acc,Fem,Sing,2,Epic & early śāstra,tatastu śaktiṃ rucirogradaṇḍāṃ maṇipravālojjvalitāṃ pradīptām
tapanīya+daṇḍa,267165,Mahābhārata,"MBh, 9, 16",45,1,daṇḍām,Acc,Fem,Sing,2,Epic & early śāstra,ghaṇṭāpatākāmaṇivajrabhājaṃ vaiḍūryacitrāṃ tapanīyadaṇḍām
nyas+daṇḍa,270983,Mahābhārata,"MBh, 9, 49",2,1,daṇḍaḥ,Nom,Masc,Sing,2,Epic & early śāstra,dharmanityaḥ śucir dānto nyastadaṇḍo mahātapāḥ
guru+daṇḍa,271181,Mahābhārata,"MBh, 9, 50",30,3,daṇḍān,Acc,Masc,Plur,2,Epic & early śāstra,vajrāṇi cakrāṇi gadā gurudaṇḍāṃśca puṣkalān
yama+daṇḍa,271647,Mahābhārata,"MBh, 9, 56",24,1,daṇḍam,Acc,Masc,Sing,2,Epic & early śāstra,indrāśanisamāṃ ghorāṃ yamadaṇḍam ivodyatām
daiva+daṇḍa,273055,Mahābhārata,"MBh, 10, 6",29,1,daṇḍam,Acc,Masc,Sing,2,Epic & early śāstra,idaṃ ca sumahad bhūtaṃ daivadaṇḍam ivodyatam
daiva+daṇḍa,273062,Mahābhārata,"MBh, 10, 6",32,2,daṇḍam,Acc,Masc,Sing,2,Epic & early śāstra,daivadaṇḍam imaṃ ghoraṃ sa hi me nāśayiṣyati
heman+daṇḍa,275486,Mahābhārata,"MBh, 11, 24",22,1,daṇḍābhyām,Ins,Neut,Dual,2,Epic & early śāstra,yaḥ purā hemadaṇḍābhyāṃ vyajanābhyāṃ sma vījyate
dāna+daṇḍa,276623,Mahābhārata,"MBh, 12, 15",9,2,daṇḍaḥ,Nom,Masc,Sing,2,Epic & early śāstra,dānadaṇḍaḥ smṛto vaiśyo nirdaṇḍaḥ śūdra ucyate
dhṛ+daṇḍa,277134,Mahābhārata,"MBh, 12, 24",19,2,daṇḍaḥ,Nom,Masc,Sing,2,Epic & early śāstra,karau pracchedayāmāsa dhṛtadaṇḍo jagāma saḥ
dhṛ+daṇḍa,277136,Mahābhārata,"MBh, 12, 24",20,2,daṇḍasya,Gen,Masc,Sing,2,Epic & early śāstra,dhṛtadaṇḍasya durbuddher bhagavan kṣantum arhasi
udyam+daṇḍa,278019,Mahābhārata,"MBh, 12, 32",19,2,daṇḍanam,Nom,Neut,Sing,2,Epic & early śāstra,abhipannatamaṃ loke rājñām udyatadaṇḍanam
brahman+daṇḍa,278576,Mahābhārata,"MBh, 12, 39",47,1,daṇḍena,Ins,Masc,Sing,2,Epic & early śāstra,sa eṣa nihataḥ śete brahmadaṇḍena rākṣasaḥ
paś+daṇḍa,279688,Mahābhārata,"MBh, 12, 56",47,2,daṇḍasya,Gen,Masc,Sing,2,Epic & early śāstra,dhīrasya spaṣṭadaṇḍasya na hyājñā pratihanyate
mṛdu+daṇḍa,279774,Mahābhārata,"MBh, 12, 57",29,1,daṇḍaḥ,Nom,Masc,Sing,2,Epic & early śāstra,akrodhano 'thāvyasanī mṛdudaṇḍo jitendriyaḥ
nyas+daṇḍa,280597,Mahābhārata,"MBh, 12, 66",30,2,daṇḍaḥ,Nom,Masc,Sing,2,Epic & early śāstra,nyastadaṇḍo jitakrodhaḥ sa pretya labhate sukham
mahat+daṇḍa,280916,Mahābhārata,"MBh, 12, 69",48,1,daṇḍaḥ,Nom,Masc,Sing,2,Epic & early śāstra,mahādaṇḍaśca tasya syād yasyāgnir vai divā bhavet
udyam+daṇḍa,281319,Mahābhārata,"MBh, 12, 76",5,1,daṇḍaḥ,Nom,Masc,Sing,2,Epic & early śāstra,nityam udyatadaṇḍaśca bhavenmṛtyur ivāriṣu
nyas+daṇḍa,281345,Mahābhārata,"MBh, 12, 76",17,1,daṇḍaḥ,Nom,Masc,Sing,2,Epic & early śāstra,tatra medhyeṣvaraṇyeṣu nyastadaṇḍo jitendriyaḥ
mṛdu+daṇḍa,281916,Mahābhārata,"MBh, 12, 83",60,1,daṇḍāḥ,Nom,Masc,Plur,2,Epic & early śāstra,vayaṃ tu brāhmaṇā nāma mṛdudaṇḍāḥ kṛpālavaḥ
brahman+daṇḍa,283325,Mahābhārata,"MBh, 12, 104",26,2,daṇḍam,Acc,Masc,Sing,2,Epic & early śāstra,brahmadaṇḍam adṛṣṭeṣu dṛṣṭeṣu caturaṅgiṇīm
nikṣip+daṇḍa,283814,Mahābhārata,"MBh, 12, 111",9,2,daṇḍāḥ,Nom,Masc,Plur,2,Epic & early śāstra,nikṣiptadaṇḍā bhūteṣu durgāṇyatitaranti te
yukta+daṇḍa,284334,Mahābhārata,"MBh, 12, 118",22,1,daṇḍaḥ,Nom,Masc,Sing,2,Epic & early śāstra,yuktadaṇḍo na nirdaṇḍo dharmakāryānuśāsakaḥ
udyam+daṇḍa,284408,Mahābhārata,"MBh, 12, 120",9,2,daṇḍaḥ,Nom,Masc,Sing,2,Epic & early śāstra,nityam udyatadaṇḍaḥ syād ācareccāpramādataḥ
mahat+daṇḍa,284507,Mahābhārata,"MBh, 12, 121",1,3,daṇḍaḥ,Nom,Masc,Sing,2,Epic & early śāstra,īśvaraśca mahādaṇḍo daṇḍe sarvaṃ pratiṣṭhitam
udyam+daṇḍa,286219,Mahābhārata,"MBh, 12, 138",7,1,daṇḍaḥ,Nom,Masc,Sing,2,Epic & early śāstra,nityam udyatadaṇḍaḥ syānnityaṃ vivṛtapauruṣaḥ
udyam+daṇḍa,286221,Mahābhārata,"MBh, 12, 138",8,1,daṇḍasya,Gen,Masc,Sing,2,Epic & early śāstra,nityam udyatadaṇḍasya bhṛśam udvijate janaḥ
vadha+daṇḍa,294939,Mahābhārata,"MBh, 12, 259",13,2,daṇḍena,Ins,Masc,Sing,2,Epic & early śāstra,vadhadaṇḍena te kleśyā na puro 'hitasaṃpadā
ādāna+daṇḍa,294953,Mahābhārata,"MBh, 12, 259",20,1,daṇḍaḥ,Nom,Masc,Sing,2,Epic & early śāstra,āsīd ādānadaṇḍo 'pi vadhadaṇḍo 'dya vartate
vadha+daṇḍa,294953,Mahābhārata,"MBh, 12, 259",20,1,daṇḍaḥ,Nom,Masc,Sing,2,Epic & early śāstra,āsīd ādānadaṇḍo 'pi vadhadaṇḍo 'dya vartate
mahat+daṇḍa,294974,Mahābhārata,"MBh, 12, 259",29,2,daṇḍaiḥ,Ins,Masc,Plur,2,Epic & early śāstra,daṇḍayecca mahādaṇḍair api bandhūn anantarān
tapas+daṇḍa,297627,Mahābhārata,"MBh, 12, 290",60,3,daṇḍena,Ins,Masc,Sing,2,Epic & early śāstra,chittvāśu jñānaśastreṇa tapodaṇḍena bhārata
maṇi+daṇḍa,310610,Mahābhārata,"MBh, 13, 80",20,1,daṇḍaiḥ,Ins,Neut,Plur,2,Epic & early śāstra,raktotpalavanaiścaiva maṇidaṇḍair hiraṇmayaiḥ
nyas+daṇḍa,312870,Mahābhārata,"MBh, 13, 105",27,2,daṇḍāḥ,Nom,Masc,Plur,2,Epic & early śāstra,ye sarvabhūteṣu nivṛttakāmā amāṃsādā nyastadaṇḍāścaranti
nyas+daṇḍa,314193,Mahābhārata,"MBh, 13, 114",6,2,daṇḍaḥ,Nom,Masc,Sing,2,Epic & early śāstra,nyastadaṇḍo jitakrodhaḥ sa pretya sukham edhate
dharma+daṇḍa,315540,Mahābhārata,"MBh, 13, 131",37,1,daṇḍaḥ,Nom,Masc,Sing,2,Epic & early śāstra,dharmadaṇḍo na nirdaṇḍo dharmakāryānuśāsakaḥ
udyam+daṇḍa,315688,Mahābhārata,"MBh, 13, 132",48,2,daṇḍaḥ,Nom,Masc,Sing,2,Epic & early śāstra,nityam udyatadaṇḍaśca hanti bhūtagaṇānnaraḥ
nikṣip+daṇḍa,315700,Mahābhārata,"MBh, 13, 132",54,2,daṇḍaḥ,Nom,Masc,Sing,2,Epic & early śāstra,nikṣiptadaṇḍo nirdaṇḍo na hinasti kadācana
bilva+daṇḍa,316754,Mahābhārata,"MBh, 13, 144",12,2,daṇḍī,Nom,Masc,Sing,2,Epic & early śāstra,cīravāsā bilvadaṇḍī dīrghaśmaśrunakhādimān
patākā+daṇḍa,322518,Mahābhārata,"MBh, 14, 83",13,1,daṇḍeṣu,Loc,Masc,Plur,2,Epic & early śāstra,dhvaje patākādaṇḍeṣu rathayantre hayeṣu ca
hiraṇya+daṇḍa,323838,Mahābhārata,"MBh, 15, 10",4,3,daṇḍyāḥ,Nom,Masc,Plur,2,Epic & early śāstra,hiraṇyadaṇḍyā vadhyāśca kartavyā deśakālataḥ
bhṛśa+daṇḍa,80355,Manusmṛti,"ManuS, 7",32,1,daṇḍaḥ,Nom,Masc,Sing,2,Epic & early śāstra,svarāṣṭre nyāyavṛttaḥ syād bhṛśadaṇḍaś ca śatruṣu
udyam+daṇḍa,80495,Manusmṛti,"ManuS, 7",102,1,daṇḍaḥ,Nom,Masc,Sing,2,Epic & early śāstra,nityam udyatadaṇḍaḥ syān nityaṃ vivṛtapauruṣaḥ
udyam+daṇḍa,80497,Manusmṛti,"ManuS, 7",103,1,daṇḍasya,Gen,Masc,Sing,2,Epic & early śāstra,nityam udyatadaṇḍasya kṛtsnam udvijate jagat
sāman+daṇḍa,80510,Manusmṛti,"ManuS, 7",109,2,daṇḍau,Acc,Masc,Dual,2,Epic & early śāstra,sāmadaṇḍau praśaṃsanti nityaṃ rāṣṭrābhivṛddhaye
caura+daṇḍa,80802,Manusmṛti,"ManuS, 8",29,2,daṇḍena,Ins,Masc,Sing,2,Epic & early śāstra,tān śiṣyāc cauradaṇḍena dhārmikaḥ pṛthivīpatiḥ
adharma+daṇḍa,80997,Manusmṛti,"ManuS, 8",127,1,daṇḍanam,Nom,Neut,Sing,2,Epic & early śāstra,adharmadaṇḍanaṃ loke yaśoghnaṃ kīrtināśanam
vadha+daṇḍa,81002,Manusmṛti,"ManuS, 8",129,2,daṇḍam,Acc,Masc,Sing,2,Epic & early śāstra,tṛtīyaṃ dhanadaṇḍaṃ tu vadhadaṇḍam ataḥ param
ardha+daṇḍa,81230,Manusmṛti,"ManuS, 8",243,2,daṇḍaḥ,Nom,Masc,Sing,2,Epic & early śāstra,tato 'rdhadaṇḍo bhṛtyānām ajñānāt kṣetrikasya tu
sarva+daṇḍa,81318,Manusmṛti,"ManuS, 8",287,2,daṇḍam,Acc,Masc,Sing,2,Epic & early śāstra,samutthānavyayaṃ dāpyaḥ sarvadaṇḍam athāpi vā
kṛ+daṇḍa,81379,Manusmṛti,"ManuS, 8",318,1,daṇḍāḥ,Nom,Masc,Plur,2,Epic & early śāstra,rājabhiḥ kṛtadaṇḍās tu kṛtvā pāpāni mānavāḥ
sarvasva+daṇḍa,81493,Manusmṛti,"ManuS, 8",375,1,daṇḍaḥ,Nom,Masc,Sing,2,Epic & early śāstra,vaiśyaḥ sarvasvadaṇḍaḥ syāt saṃvatsaranirodhataḥ
kośa+daṇḍa,82171,Manusmṛti,"ManuS, 9",291,1,daṇḍau,Nom,Masc,Dual,2,Epic & early śāstra,svāmyamātyau puraṃ rāṣṭraṃ kośadaṇḍau suhṛt tathā
ikṣu+daṇḍa,333482,Matsyapurāṇa,"MPur, 7",26,2,daṇḍān,Acc,Masc,Plur,3,Early classical,ikṣudaṇḍānatho dadyāt puṣpamālāś ca śaktitaḥ
viśāla+āyam+bāhu+daṇḍa,338362,Matsyapurāṇa,"MPur, 54",21,2,daṇḍām,Acc,Fem,Sing,3,Early classical,haimīṃ viśālāyatabāhudaṇḍāṃ muktāphalendūpalavajrayuktām
atyāyam+bāhu+daṇḍa,338926,Matsyapurāṇa,"MPur, 61",46,1,daṇḍam,Acc,Masc,Sing,3,Early classical,aṅguṣṭhamātraṃ puruṣaṃ tathaiva sauvarṇam atyāyatabāhudaṇḍam
atyāyam+bāhu+daṇḍa,339783,Matsyapurāṇa,"MPur, 72",34,1,daṇḍam,Acc,Masc,Sing,3,Early classical,aṅguṣṭhamātraṃ puruṣaṃ tathaiva sauvarṇamatyāyatabāhudaṇḍam
īṣā+daṇḍa,343750,Matsyapurāṇa,"MPur, 125",39,2,daṇḍaḥ,Nom,Masc,Sing,3,Early classical,dviguṇā ca rathopasthādīṣādaṇḍaḥ pramāṇataḥ
nyas+daṇḍa,345778,Matsyapurāṇa,"MPur, 142",59,2,daṇḍāḥ,Nom,Masc,Plur,3,Early classical,nyastadaṇḍā mahāyogā yajvāno brahmavādinaḥ
kāla+daṇḍa,347400,Matsyapurāṇa,"MPur, 151",33,1,daṇḍam,Nom,Neut,Sing,3,Early classical,anantaraṃ śāntamabhūttadastraṃ daityāstrayogeṇa tu kāladaṇḍam
bāhu+daṇḍa,347866,Matsyapurāṇa,"MPur, 153",188,3,daṇḍam,Acc,Masc,Sing,3,Early classical,yamo bāhudaṇḍaṃ rathāṅgāni vāyurniśācāriṇām īśvarasyāpi varma
astra+daṇḍa,349108,Matsyapurāṇa,"MPur, 154",569,,daṇḍena,Ins,Masc,Sing,3,Early classical,vāhanātyāvarohā gaṇāstairyuto lokapālāstramūrto hyayaṃ khaḍgo vikhaḍgakaro nirmamaḥ kṛtāntaḥ kasya kenāhato brūta maune bhavanto'stradaṇḍena kiṃ duḥspṛhāḥ
kāla+daṇḍa,328083,Mugdhāvabodhinī,"MuA zu RHT, 1, 7.2",11,2,daṇḍam,Acc,Masc,Sing,5,Medieval / late,khaṇḍayitvā kāladaṇḍaṃ trilokyāṃ vicaranti te
śalka+daṇḍa,468296,Mānavagṛhyasūtra,"MānGS, 1, 1",2,,daṇḍaḥ,Nom,Masc,Sing,1,Vedic (Saṃhitā–Brāhmaṇa–Śrautasūtra),mārgavāsāḥ saṃhatakeśo bhaikṣācāryavṛttiḥ saśalkadaṇḍaḥ saptamuñjāṃ mekhalāṃ dhārayed ācāryasyāpratikūlaḥ sarvakārī
rāya+daṇḍa,25748,Mātṛkābhedatantra,"MBhT, 6",3,1,daṇḍe,Loc,Masc,Sing,4,Later classical / early medieval,rāyadaṇḍe ca deveśa tathā ca grahapīḍite
udañc+guru+daṇḍa,562612,Narmamālā,"KṣNarm, 3",37,1,daṇḍasya,Gen,Masc,Sing,4,Later classical / early medieval,udañcadgurudaṇḍasya caṇḍasya brahmacāriṇaḥ
steya+daṇḍa,539210,Nāradasmṛti,"NāSmṛ, 2, 7",4,2,daṇḍam,Acc,Masc,Sing,3,Early classical,viparyaye tulyadoṣaḥ steyadaṇḍaṃ ca so 'rhati
caura+daṇḍa,539348,Nāradasmṛti,"NāSmṛ, 2, 11",30,2,daṇḍaḥ,Nom,Masc,Sing,3,Early classical,pratyakṣacārakāṇāṃ tu cauradaṇḍaḥ smṛtas tathā
dhṛ+daṇḍa,539716,Nāradasmṛti,"NāSmṛ, 2, 14",10,1,daṇḍau,Nom,Masc,Dual,3,Early classical,syātāṃ saṃvyavahāryau tau dhṛtadaṇḍau tu pūrvayoḥ
dhṛ+daṇḍa,539717,Nāradasmṛti,"NāSmṛ, 2, 14",10,2,daṇḍaḥ,Nom,Masc,Sing,3,Early classical,dhṛtadaṇḍo 'py asaṃbhojyo jñeya uttamasāhase
artha+daṇḍa,539779,Nāradasmṛti,"NāSmṛ, 2, 15-16",15,2,daṇḍena,Ins,Masc,Sing,3,Early classical,api tān ghātayed rājā nārthadaṇḍena daṇḍayet
dhṛ+daṇḍa,539789,Nāradasmṛti,"NāSmṛ, 2, 15-16",20,2,daṇḍam,Acc,Masc,Sing,3,Early classical,na rājñā dhṛtadaṇḍaṃ ca daṇḍabhāk tadvyatikramāt
sama+daṇḍa,539969,Nāradasmṛti,"NāSmṛ, 2, 19",21,2,daṇḍāḥ,Nom,Masc,Plur,3,Early classical,samadaṇḍāḥ smṛtā hy ete ye ca pracchādayanti tān
dhṛ+daṇḍa,540036,Nāradasmṛti,"NāSmṛ, 2, 19",55,1,daṇḍāḥ,Nom,Masc,Plur,3,Early classical,rājabhir dhṛtadaṇḍās tu kṛtvā pāpāni mānavāḥ
artha+daṇḍa,540046,Nāradasmṛti,"NāSmṛ, 2, 19",60,1,daṇḍaḥ,Nom,Masc,Sing,3,Early classical,śārīraś cārthadaṇḍaś ca daṇḍas tu dvividhaḥ smṛtaḥ
artha+daṇḍa,540047,Nāradasmṛti,"NāSmṛ, 2, 19",60,2,daṇḍāḥ,Nom,Masc,Plur,3,Early classical,śārīrā daśadhā proktā arthadaṇḍās tv anekadhā
artha+daṇḍa,540048,Nāradasmṛti,"NāSmṛ, 2, 19",61,1,daṇḍaḥ,Nom,Masc,Sing,3,Early classical,kākaṇyādis tv arthadaṇḍaḥ sarvasvāntas tathaiva ca
yama+daṇḍa,466383,Nāṭyaśāstra,"NāṭŚ, 1",89,1,daṇḍaḥ,Nom,Masc,Sing,3,Early classical,dehalyāṃ yamadaṇḍastu śūlaṃ tasyopari sthitam
loha+daṇḍa,445580,Parāśaradharmasaṃhitā,"ParDhSmṛti, 6",9,2,daṇḍaḥ,Nom,Masc,Sing,5,Medieval / late,kṛsaraṃ bhojayed viprān lohadaṇḍaś ca dakṣiṇā
vinam+agra+ūrdhva+daṇḍa,360594,Rasakāmadhenu,"RKDh, 1, 1",102,1,daṇḍakam,Nom,Neut,Sing,5,Medieval / late,caṣakaṃ vartulaṃ lauhaṃ vinatāgrordhvadaṇḍakam
loha+daṇḍa,360598,Rasakāmadhenu,"RKDh, 1, 1",103,3,daṇḍena,Ins,Masc,Sing,5,Medieval / late,paścāllohadaṇḍenaikīkṛtya karaṇīyam
loha+daṇḍa,429204,Rasamañjarī,"RMañj, 6",146,1,daṇḍena,Ins,Masc,Sing,4,Later classical / early medieval,cālayellohadaṇḍena hyavatārya vibhāvayet
loha+daṇḍa,427266,Rasaprakāśasudhākara,"RPSudh, 5",84,1,daṇḍena,Ins,Masc,Sing,4,Later classical / early medieval,lohapātre susaṃdagdhaṃ lohadaṇḍena gharṣitam
loha+daṇḍa,427355,Rasaprakāśasudhākara,"RPSudh, 5",130,2,daṇḍena,Ins,Masc,Sing,4,Later classical / early medieval,gharṣayellohadaṇḍena mriyate ca na saṃśayaḥ
loha+daṇḍa,153748,Rasaratnasamuccaya,"RRS, 2",159,2,daṇḍena,Ins,Masc,Sing,4,Later classical / early medieval,mardayellohadaṇḍena bhasmībhavati niścitam
loha+daṇḍa,154438,Rasaratnasamuccaya,"RRS, 5",107,1,daṇḍena,Ins,Masc,Sing,4,Later classical / early medieval,cālayellohadaṇḍena yāvatkṣiptaṃ tṛṇaṃ dahet
dvi+daṇḍa,154675,Rasaratnasamuccaya,"RRS, 5",221,2,daṇḍam,Acc,Masc,Sing,4,Later classical / early medieval,nirudhya dṛḍhamūṣāyāṃ dvidaṇḍaṃ pradhamed dṛḍham
vinam+agra+ūrdhva+daṇḍa,155212,Rasaratnasamuccaya,"RRS, 9",50,1,daṇḍakam,Nom,Neut,Sing,4,Later classical / early medieval,caṣakaṃ vartulaṃ lauhaṃ vinatāgrordhvadaṇḍakam
ūrdhva+daṇḍa,156445,Rasaratnasamuccaya,"RRS, 14",87,2,daṇḍāyām,Loc,Fem,Sing,4,Later classical / early medieval,nikṣipedūrdhvadaṇḍāyāṃ pālikāyāṃ tataḥ param
unnam+daṇḍa,365422,Rasaratnasamuccayabodhinī,"RRSBoṬ zu RRS, 9, 50.2",2,,daṇḍam,Nom,Neut,Sing,5,Medieval / late,vinatam agraṃ yasya tat nyubjīkṛtāgrabhāgam ūrdhvam uccaiḥkṛtaṃ daṇḍaṃ yasya tad unnatadaṇḍaṃ vinatāgraṃ ca tad ūrdhvadaṇḍaṃ ceti vinatāgrordhvadaṇḍakaṃ lauhaṃ lohamayaṃ vartulaṃ golākāraṃ caṣakaṃ kaṭorikā kāryamiti śeṣaḥ
ūrdhva+daṇḍa,365422,Rasaratnasamuccayabodhinī,"RRSBoṬ zu RRS, 9, 50.2",2,,daṇḍam,Nom,Neut,Sing,5,Medieval / late,vinatam agraṃ yasya tat nyubjīkṛtāgrabhāgam ūrdhvam uccaiḥkṛtaṃ daṇḍaṃ yasya tad unnatadaṇḍaṃ vinatāgraṃ ca tad ūrdhvadaṇḍaṃ ceti vinatāgrordhvadaṇḍakaṃ lauhaṃ lohamayaṃ vartulaṃ golākāraṃ caṣakaṃ kaṭorikā kāryamiti śeṣaḥ
vinam+agra+ūrdhva+daṇḍa,365422,Rasaratnasamuccayabodhinī,"RRSBoṬ zu RRS, 9, 50.2",2,,daṇḍakam,Nom,Neut,Sing,5,Medieval / late,vinatam agraṃ yasya tat nyubjīkṛtāgrabhāgam ūrdhvam uccaiḥkṛtaṃ daṇḍaṃ yasya tad unnatadaṇḍaṃ vinatāgraṃ ca tad ūrdhvadaṇḍaṃ ceti vinatāgrordhvadaṇḍakaṃ lauhaṃ lohamayaṃ vartulaṃ golākāraṃ caṣakaṃ kaṭorikā kāryamiti śeṣaḥ
tiryañc+daṇḍa,434408,Rasaratnasamuccayaṭīkā,"RRSṬīkā zu RRS, 9, 50.2",3,,daṇḍam,Nom,Neut,Sing,5,Medieval / late,tattu na tiryagdaṇḍaṃ kiṃtu vinatāgra ucchrito daṇḍo yasya tathoktam
arjuna+daṇḍa,51184,Rasaratnākara,"RRĀ, R.kh., 8",82,1,daṇḍakaiḥ,Ins,Neut,Plur,4,Later classical / early medieval,bharjayellauhaje pātre cālyamarjunadaṇḍakaiḥ
loha+daṇḍa,51285,Rasaratnākara,"RRĀ, R.kh., 9",31,1,daṇḍena,Ins,Masc,Sing,4,Later classical / early medieval,kuṭṭayellohadaṇḍena peṣayettriphalājalaiḥ
loha+daṇḍa,53740,Rasaratnākara,"RRĀ, V.kh., 2",49,2,daṇḍena,Ins,Masc,Sing,4,Later classical / early medieval,cālayellohadaṇḍena drāvaṃ dattvā punaḥ punaḥ
palāśa+daṇḍa,53971,Rasaratnākara,"RRĀ, V.kh., 3",108,2,daṇḍena,Ins,Masc,Sing,4,Later classical / early medieval,cālyaṃ palāśadaṇḍena bhasmībhūtaṃ samuddharet
aśvattha+daṇḍa,53985,Rasaratnākara,"RRĀ, V.kh., 3",115,2,daṇḍena,Ins,Masc,Sing,4,Later classical / early medieval,cālyam aśvatthadaṇḍena jātaṃ bhasma samuddharet
śāka+daṇḍa,54501,Rasaratnākara,"RRĀ, V.kh., 6",20,2,daṇḍasya,Gen,Masc,Sing,4,Later classical / early medieval,śākadaṇḍasya sārdrasya garbhe tenaiva rodhayet
brahman+daṇḍa,55551,Rasaratnākara,"RRĀ, V.kh., 10",13,2,daṇḍena,Ins,Masc,Sing,4,Later classical / early medieval,kṣiptvāgniṃ jvālayeccaṇḍaṃ brahmadaṇḍena cālayet
ikṣu+daṇḍa,57533,Rasaratnākara,"RRĀ, V.kh., 19",110,1,daṇḍasya,Gen,Masc,Sing,4,Later classical / early medieval,taccūrṇamikṣudaṇḍasya kṛtanālasya codare
loha+daṇḍa,57568,Rasaratnākara,"RRĀ, V.kh., 19",126,2,daṇḍena,Ins,Masc,Sing,4,Later classical / early medieval,tilatailaṃ kṣipet kiṃcil lohadaṇḍena tad dṛḍham
loha+daṇḍa,57684,Rasaratnākara,"RRĀ, V.kh., 20",43,,daṇḍena,Ins,Masc,Sing,4,Later classical / early medieval,ghaṭṭayellohadaṇḍena khoṭabaddho bhavedrasaḥ
loha+daṇḍa,439257,Rasataraṅgiṇī,"RTar, 4",59,2,daṇḍaḥ,Nom,Masc,Sing,5,Medieval / late,viṃśatyaṃguladīrghaśca lohadaṇḍaḥ suśobhanaḥ
vinam+agra+ūrdhva+daṇḍa,361854,Rasendracūḍāmaṇi,"RCūM, 5",45,2,daṇḍakam,Nom,Neut,Sing,4,Later classical / early medieval,caṣakaṃ vartulaṃ lauhaṃ vinatāgrordhvadaṇḍakam
vajra+laśuna+daṇḍa,362200,Rasendracūḍāmaṇi,"RCūM, 8",42,1,daṇḍaḥ,Nom,Masc,Sing,4,Later classical / early medieval,vajralaśunadaṇḍaśca lohadaṇḍaśca te trayaḥ
loha+daṇḍa,362530,Rasendracūḍāmaṇi,"RCūM, 10",125,1,daṇḍena,Ins,Masc,Sing,4,Later classical / early medieval,bharjayellohadaṇḍena bhasmībhavati niścitam
loha+daṇḍa,363313,Rasendracūḍāmaṇi,"RCūM, 14",99,2,daṇḍena,Ins,Masc,Sing,4,Later classical / early medieval,cālayan lohadaṇḍena yāvat kṣiptaṃ tṛṇaṃ dahet
dvi+daṇḍa,363493,Rasendracūḍāmaṇi,"RCūM, 14",187,2,daṇḍam,Acc,Masc,Sing,4,Later classical / early medieval,nirudhya dṛḍhamūṣāyāṃ dvidaṇḍaṃ pradhamed dṛḍham
jalaukā+daṇḍa,100664,Rasādhyāya,"RAdhy, 1",128,1,daṇḍadhāriṇaḥ,Gen,Masc,Sing,4,Later classical / early medieval,jīrṇasya lakṣaṇaṃ jñeyaṃ jalaukādaṇḍadhāriṇaḥ
bhū+daṇḍa,109817,Rasārṇava,"RArṇ, 12",164,2,daṇḍena,Ins,Masc,Sing,4,Later classical / early medieval,sthānasyāsya niṣekaṃ tu bhūdaṇḍena tu kārayet
ikṣu+daṇḍa,23074,Rājanighaṇṭu,"RājNigh, Pānīyādivarga",96,2,daṇḍaḥ,Nom,Masc,Sing,4,Later classical / early medieval,kāntiṃ dehasya datte balamati kurute bṛṃhaṇaṃ tṛptidāyī dantair niṣpīḍya kāṇḍaṃ mṛduyatirasito mohanaś cekṣudaṇḍaḥ
tīkṣṇa+daṇḍa,112583,Rāmāyaṇa,"Rām, Bā, 7",10,2,daṇḍāḥ,Nom,Masc,Plur,2,Epic & early śāstra,sutīkṣṇadaṇḍāḥ samprekṣya puruṣasya balābalam
yama+daṇḍa,114971,Rāmāyaṇa,"Rām, Bā, 54",28,2,daṇḍam,Acc,Masc,Sing,2,Epic & early śāstra,vidhūma iva kālāgnir yamadaṇḍam ivāparam
yama+daṇḍa,115008,Rāmāyaṇa,"Rām, Bā, 55",19,1,daṇḍaḥ,Nom,Masc,Sing,2,Epic & early śāstra,vidhūma iva kālāgnir yamadaṇḍa ivāparaḥ
nyas+daṇḍa,119339,Rāmāyaṇa,"Rām, Ay, 57",20,1,daṇḍasya,Gen,Masc,Sing,2,Epic & early śāstra,ṛṣer hi nyastadaṇḍasya vane vanyena jīvataḥ
nyas+daṇḍa,122499,Rāmāyaṇa,"Rām, Ār, 1",20,1,daṇḍāḥ,Nom,Masc,Plur,2,Epic & early śāstra,nyastadaṇḍā vayaṃ rājañ jitakrodhā jitendriyāḥ
rukma+daṇḍa,122629,Rāmāyaṇa,"Rām, Ār, 4",9,1,daṇḍe,Acc,Neut,Dual,2,Epic & early śāstra,cāmaravyajane cāgrye rukmadaṇḍe mahādhane
heman+daṇḍa,123728,Rāmāyaṇa,"Rām, Ār, 22",4,1,daṇḍam,Acc,Masc,Sing,2,Epic & early śāstra,tato dhvajam upāgamya hemadaṇḍaṃ samucchritam
bhañj+daṇḍa,126037,Rāmāyaṇa,"Rām, Ār, 60",30,2,daṇḍam,Nom,Neut,Sing,2,Epic & early śāstra,bhagnadaṇḍam idaṃ kasya bhūmau saumya nipātitam
yuj+daṇḍa,126102,Rāmāyaṇa,"Rām, Ār, 61",9,2,daṇḍāḥ,Nom,Masc,Plur,2,Epic & early śāstra,yuktadaṇḍā hi mṛdavaḥ praśāntā vasudhādhipāḥ
dhṛ+daṇḍa,127783,Rāmāyaṇa,"Rām, Ki, 18",30,1,daṇḍāḥ,Nom,Masc,Plur,2,Epic & early śāstra,rājabhir dhṛtadaṇḍās tu kṛtvā pāpāni mānavāḥ
heman+daṇḍa,128222,Rāmāyaṇa,"Rām, Ki, 25",21,2,daṇḍe,Acc,Neut,Dual,2,Epic & early śāstra,śukle ca bālavyajane hemadaṇḍe yaśaskare
tīkṣṇa+daṇḍa,129740,Rāmāyaṇa,"Rām, Ki, 48",9,1,daṇḍaḥ,Nom,Masc,Sing,2,Epic & early śāstra,sugrīvaḥ krodhano rājā tīkṣṇadaṇḍaś ca vānarāḥ
tīkṣṇa+daṇḍa,131772,Rāmāyaṇa,"Rām, Su, 10",5,2,daṇḍaḥ,Nom,Masc,Sing,2,Epic & early śāstra,na me 'sti sugrīvasamīpagā gatiḥ sutīkṣṇadaṇḍo balavāṃśca vānaraḥ
sauvarṇa+daṇḍa,132319,Rāmāyaṇa,"Rām, Su, 16",14,2,daṇḍam,Acc,Neut,Sing,2,Epic & early śāstra,sauvarṇadaṇḍam aparā gṛhītvā pṛṣṭhato yayau
utsṛj+daṇḍa,136499,Rāmāyaṇa,"Rām, Yu, 14",6,2,daṇḍam,Acc,Masc,Sing,2,Epic & early śāstra,sarvatrotsṛṣṭadaṇḍaṃ ca lokaḥ satkurute naram
cakra+akṣa+yuga+daṇḍa,137918,Rāmāyaṇa,"Rām, Yu, 33",44,2,daṇḍaiḥ,Ins,Masc,Plur,2,Epic & early śāstra,cakrākṣayugadaṇḍaiśca bhagnair dharaṇisaṃśritaiḥ
kiṃkara+daṇḍa,139729,Rāmāyaṇa,"Rām, Yu, 53",50,2,daṇḍavān,Nom,Masc,Sing,2,Epic & early śāstra,kapigaṇabhayam ādadat subhīmaṃ prabhur iva kiṃkaradaṇḍavān yugānte
kāla+daṇḍa,140547,Rāmāyaṇa,"Rām, Yu, 59",85,2,daṇḍam,Acc,Masc,Sing,2,Epic & early śāstra,atikāyāya cikṣepa kāladaṇḍam ivāntakaḥ
pāśa+mudgara+daṇḍa,141133,Rāmāyaṇa,"Rām, Yu, 66",5,1,daṇḍaiḥ,Ins,Masc,Plur,2,Epic & early śāstra,pāśamudgaradaṇḍaiśca nirghātaiścāparaistathā
yama+daṇḍa,149040,Rāmāyaṇa,"Rām, Utt, 73",11,2,daṇḍena,Ins,Masc,Sing,2,Epic & early śāstra,hatāste yamadaṇḍena sadyo nirayagāminaḥ
yama+daṇḍa,150053,Rāmāyaṇa,"Rām, Utt, 98",20,2,daṇḍam,Acc,Masc,Sing,2,Epic & early śāstra,yamadaṇḍam ivodyamya tvayā sma vinipātitāḥ
bhṛtya+daṇḍa,631145,Saundarānanda,"SaundĀ, 1",45,2,daṇḍān,Acc,Masc,Plur,2,Epic & early śāstra,yatra svena prabhāvena bhṛtyadaṇḍānajījapan
śruti+daṇḍa,564557,Saṃvitsiddhi,"SaṃSi, 1",72,2,daṇḍena,Ins,Masc,Sing,3,Early classical,śrutidaṇḍena dustarkavikalpabhramavāraṇam
nāla+daṇḍa,106282,Skandapurāṇa,"SkPur, 13",110,1,daṇḍaiḥ,Ins,Masc,Plur,4,Later classical / early medieval,nīlāni nīlāmburuhaiḥ payāṃsi gaurāṇi gauraiśca sanāladaṇḍaiḥ
kāla+ugra+daṇḍa,106963,Skandapurāṇa,"SkPur, 21",19,2,daṇḍāya,Dat,Masc,Sing,4,Later classical / early medieval,namaḥ kālogradaṇḍāya ugradaṇḍāya vai namaḥ
ugra+daṇḍa,106963,Skandapurāṇa,"SkPur, 21",19,2,daṇḍāya,Dat,Masc,Sing,4,Later classical / early medieval,namaḥ kālogradaṇḍāya ugradaṇḍāya vai namaḥ
heman+daṇḍa,107161,Skandapurāṇa,"SkPur, 23",18,1,daṇḍam,Acc,Masc,Sing,4,Later classical / early medieval,vyajanaṃ candraśubhraṃ ca hemadaṇḍaṃ sucārumat
tīvra+daṇḍa,411141,Skandapurāṇa (Revākhaṇḍa),"SkPur (Rkh), Revākhaṇḍa, 54",7,1,daṇḍena,Ins,Masc,Sing,5,Medieval / late,putraghnaṃ viddhi māṃ vipra tīvradaṇḍena daṇḍaya
heman+daṇḍa,412332,Skandapurāṇa (Revākhaṇḍa),"SkPur (Rkh), Revākhaṇḍa, 67",84,2,daṇḍam,Acc,Masc,Sing,5,Medieval / late,gṛhītvā hemadaṇḍaṃ tu tāṃ pātayitum icchati
dhvaja+daṇḍa,413698,Skandapurāṇa (Revākhaṇḍa),"SkPur (Rkh), Revākhaṇḍa, 90",42,2,daṇḍaḥ,Nom,Masc,Sing,5,Medieval / late,vinā vātena tasyaiva dhvajadaṇḍaḥ papāta ha
mahat+daṇḍa,419158,Skandapurāṇa (Revākhaṇḍa),"SkPur (Rkh), Revākhaṇḍa, 181",28,2,daṇḍam,Acc,Masc,Sing,5,Medieval / late,kare gṛhya mahādaṇḍaṃ brahmadaṇḍam ivāparam
mahat+daṇḍa,421596,Skandapurāṇa (Revākhaṇḍa),"SkPur (Rkh), Revākhaṇḍa, 218",20,1,daṇḍam,Acc,Masc,Sing,5,Medieval / late,evamuktvā mahādaṇḍaṃ brahmadaṇḍamivāparam
aṅguṣṭha+loha+upala+veṇu+daṇḍa,8144,Suśrutasaṃhitā,"Su, Cik., 18",12,2,daṇḍaiḥ,Ins,Masc,Plur,3,Early classical,svinnasya vimlāpanam eva kuryādaṅguṣṭhalohopalaveṇudaṇḍaiḥ
karavīra+daṇḍa,751286_1,Sāmavidhānabrāhmaṇa,"SVidhB, 2, 4",,,daṇḍam,Acc,Masc,Sing,1,Vedic (Saṃhitā–Brāhmaṇa–Śrautasūtra),karavīra daṇḍam utthāpya devavrataiḥ abhijuhuyāt anugāna śastena hasta gatena
dīkṣ+daṇḍa,706007,Taittirīyasaṃhitā,"TS, 6, 1, 4",4,,daṇḍam,Acc,Masc,Sing,1,Vedic (Saṃhitā–Brāhmaṇa–Śrautasūtra),yad dīkṣitadaṇḍam prayacchati vācam evāvarunddhe
vitan+ananta+nāḍī+adhvan+daṇḍa,537661,Tantrāloka,"TĀ, 21",25,2,daṇḍam,Acc,Neut,Sing,4,Later classical / early medieval,mūlādhārādudetya prasṛtasuvitatānantanāḍyadhvadaṇḍaṃ vīryeṇākramya nāsāgaganaparigataṃ vikṣipan vyāptumīṣṭe
śara+daṇḍa,74443,Uḍḍāmareśvaratantra,"UḍḍT, 12",46,6,daṇḍena,Ins,Masc,Sing,5,Medieval / late,mayūrapicchena kuśena śareṇa śaradaṇḍena vā taddehe sammārjanaṃ kuryāt
dvi+daṇḍa,100110,Vaikhānasadharmasūtra,"VaikhDhS, 2, 3",3,,daṇḍam,Acc,Neut,Sing,3,Early classical,sthitvā devasya tvā yo me daṇḍa iti dvābhyāṃ pañcasaptanavānyatamaiḥ parvabhir yuktaṃ keśāntāyataṃ vāpy avakraṃ vaiṣṇavaṃ dvidaṇḍam ādadāti
yajñopavīta+mekhalā+ajina+daṇḍa,100178,Vaikhānasadharmasūtra,"VaikhDhS, 2, 11",6,,daṇḍān,Acc,Masc,Plur,3,Early classical,yajñopavītamekhalājinadaṇḍān pareṇa dhṛtān na dhārayet
tri+daṇḍa,100299,Vaikhānasadharmasūtra,"VaikhDhS, 3, 6",9,,daṇḍe,Loc,Masc,Sing,3,Early classical,tridaṇḍe kāṣāyāppavitrādīn yojayitvā kaṇṭhe vāmahastena dhārayan dakṣiṇena bhikṣāpātraṃ gṛhītvaikakāle viprāṇāṃ śuddhānāṃ gṛheṣu vaiśvadevānte bhikṣāṃ caret
tri+daṇḍa,100318,Vaikhānasadharmasūtra,"VaikhDhS, 3, 8",2,,daṇḍam,Acc,Masc,Sing,3,Early classical,gāyatryā snāpayitvā tathā tatrāsayitvā śāyayitvā vā dakṣiṇe haste vaiṣṇavair mantrais tridaṇḍaṃ saṃnyasya savye yad asya pāre rajasa iti śikyam appavitram udare sāvitryā bhikṣāpātraṃ guhyapradeśe bhūmir bhūmim iti kāṣāyaṃ mṛdgrahaṇīṃ kamaṇḍaluṃ ca saṃnyasya pidadhyāt
sruc+daṇḍa,746421,Vaikhānasaśrautasūtra,"VaikhŚS, 2, 4",1,,daṇḍe,Loc,Masc,Sing,1,Vedic (Saṃhitā–Brāhmaṇa–Śrautasūtra),tāṃ samidham ādāyopariṣṭāt srugdaṇḍa upasaṃgṛhya paśūn me yacchety apareṇa gārhapatyaṃ kūrce nidadhāti
prācīna+daṇḍa,746437,Vaikhānasaśrautasūtra,"VaikhŚS, 2, 5",10,,daṇḍayā,Ins,Fem,Sing,1,Vedic (Saṃhitā–Brāhmaṇa–Śrautasūtra),āgneyaṃ haviḥ prajananam iti prācīnadaṇḍayā srucā bhakṣayati sauryaṃ haviḥ prajananam iti prātar dviś ca nirleḍhi
maitrāvaruṇa+daṇḍa,747517_1,Vaikhānasaśrautasūtra,"VaikhŚS, 10, 7",,,daṇḍam,Acc,Masc,Sing,1,Vedic (Saṃhitā–Brāhmaṇa–Śrautasūtra),sruva svadhitī veda samavatta dhānī dviguṇām dvi vyāyāmām triguṇām tri vyāyāmām ca raśane dve dvi śūla eka śūlā ca dve kārṣmarya mayyau vapāśrapaṇyau kumbhīm hṛdayaśūlam plakṣa śākhām svarum audumbaram maitrāvaruṇa daṇḍam āsya antam cubuka antam vā prathama parāpātitam śakalam araṇī suvarṇa śakalāni yena ca arthaḥ
maitrāvaruṇa+daṇḍa,747538_1,Vaikhānasaśrautasūtra,"VaikhŚS, 10, 9",,,daṇḍena,Ins,Masc,Sing,1,Vedic (Saṃhitā–Brāhmaṇa–Śrautasūtra),brahma vanim tvā iti pradakṣiṇam purīṣeṇa an āvis uparam paryūhya brahma dṛṃha iti maitrāvaruṇa daṇḍena paritas dṛṃhati
dīkṣ+daṇḍa,747970,Vaikhānasaśrautasūtra,"VaikhŚS, 12, 9",11,,daṇḍam,Acc,Masc,Sing,1,Vedic (Saṃhitā–Brāhmaṇa–Śrautasūtra),atha mukhasaṃmitam audumbaraṃ dīkṣitadaṇḍaṃ muṣṭināham ūrdhvasadasīty ūrdhvāgraṃ yajamānāya prayacchati
dīkṣ+daṇḍa,748147,Vaikhānasaśrautasūtra,"VaikhŚS, 12, 19",12,,daṇḍam,Acc,Masc,Sing,1,Vedic (Saṃhitā–Brāhmaṇa–Śrautasūtra),mitrāvaruṇayos tvā praśāstroḥ praśiṣā prayacchāmy avakro 'vidhuro bhūyāsam iti maitrāvaruṇāya dīkṣitadaṇḍaṃ prayacchati
bāhu+pramāṇa+daṇḍa,748313,Vaikhānasaśrautasūtra,"VaikhŚS, 13, 7",14,,daṇḍāni,Nom,Neut,Plur,1,Vedic (Saṃhitā–Brāhmaṇa–Śrautasūtra),śuklakṛṣṇaromāṇi kārṣṇājināni dhavitrāṇi trīṇi bāhupramāṇadaṇḍāni
prāñc+daṇḍa,725601_1,Vaitānasūtra,"VaitS, 1, 3",,,daṇḍam,Acc,Neut,Sing,1,Vedic (Saṃhitā–Brāhmaṇa–Śrautasūtra),tat vyuhya tṛṇāni prāc daṇḍam sthaṇḍile nidadhāti pṛthivyāḥ tvā nābhau sādayāmi iti
sruc+daṇḍa,725747_1,Vaitānasūtra,"VaitS, 2, 3",,,daṇḍam,Acc,Masc,Sing,1,Vedic (Saṃhitā–Brāhmaṇa–Śrautasūtra),dakṣiṇān nayāmi iti sruc daṇḍam avamārṣṭi
daṇḍay+daṇḍa,752556,Vasiṣṭhadharmasūtra,"VasDhS, 19",42,1,daṇḍane,Loc,Neut,Sing,1,Vedic (Saṃhitā–Brāhmaṇa–Śrautasūtra),kṛcchram adaṇḍyadaṇḍane purohitaḥ
dhṛ+daṇḍa,752561,Vasiṣṭhadharmasūtra,"VasDhS, 19",45,1,daṇḍāḥ,Nom,Masc,Plur,1,Vedic (Saṃhitā–Brāhmaṇa–Śrautasūtra),rājabhir dhṛtadaṇḍās tu kṛtvā pāpāni mānavāḥ
kāya+vāc+daṇḍa,422968,Viṃśatikāvṛtti,"ViṃVṛtti zu ViṃKār, 1, 20.2",2,,daṇḍābhyām,Ins,Masc,Dual,3,Early classical,tadabhiprasannair amānuṣaistadvāsinaḥ sattvā utsāditā na tvṛṣīṇāṃ manaḥpradoṣānmṛtā ityevaṃ sati kathaṃ tena karmaṇā manodaṇḍaḥ kāyavāgdaṇḍābhyāṃ mahāvadyatamaḥ siddho bhavati
bheda+daṇḍa,509103,Viṣṇupurāṇa,"ViPur, 1, 19",35,1,daṇḍau,Nom,Masc,Dual,3,Early classical,sāma copapradānaṃ ca bhedadaṇḍau tathaiva ca
īṣā+daṇḍa,510279,Viṣṇupurāṇa,"ViPur, 2, 8",2,2,daṇḍaḥ,Nom,Masc,Sing,3,Early classical,īṣādaṇḍastathaivāsya dviguṇo munisattama
sāman+bheda+dāna+daṇḍa,441653,Viṣṇusmṛti,"ViSmṛ, 3",38,1,daṇḍān,Acc,Masc,Plur,3,Early classical,śatrumitrodāsīnamadhyameṣu sāmabhedadānadaṇḍān yathārhaṃ yathākālaṃ prayuñjīta
nyāya+daṇḍa,441712,Viṣṇusmṛti,"ViSmṛ, 3",96,1,daṇḍaḥ,Nom,Masc,Sing,3,Early classical,svarāṣṭre nyāyadaṇḍaḥ syād bhṛśadaṇḍaś ca śatruṣu
bhṛśa+daṇḍa,441712,Viṣṇusmṛti,"ViSmṛ, 3",96,1,daṇḍaḥ,Nom,Masc,Sing,3,Early classical,svarāṣṭre nyāyadaṇḍaḥ syād bhṛśadaṇḍaś ca śatruṣu
loha+daṇḍa,443235,Viṣṇusmṛti,"ViSmṛ, 50",31,1,daṇḍam,Acc,Masc,Sing,3,Early classical,hatvā mūṣakamārjāranakulamaṇḍūkaḍuṇḍubhājagarāṇām anyatamam upoṣitaḥ kṛsaraṃ brāhmaṇaṃ bhojayitvā lohadaṇḍaṃ dakṣiṇāṃ dadyāt
śalka+daṇḍa,102398,Vārāhagṛhyasūtra,"VārGS, 6",3,,daṇḍaḥ,Nom,Masc,Sing,1,Vedic (Saṃhitā–Brāhmaṇa–Śrautasūtra),mārgavāsāḥ saṃhatakeśaḥ bhaikṣācaryavṛttiḥ saśalkadaṇḍaḥ saptamauñjīṃ mekhalāṃ dhārayed ācāryasyāpratikūlaḥ sarvakārī
pratyañc+daṇḍa,755123,Vārāhaśrautasūtra,"VārŚS, 1, 3, 3",30,1,daṇḍām,Acc,Fem,Sing,1,Vedic (Saṃhitā–Brāhmaṇa–Śrautasūtra),paścātsrucāṃ pratyagdaṇḍāṃ pātrīm āsādayaty agreṇa srucaḥ kumbhyau saṃdhāya dakṣiṇasyāṃ vediśroṇyāṃ śṛtam uttarasyāṃ dadhyagreṇa sruco vedaṃ sādayati
udañc+daṇḍa,755589,Vārāhaśrautasūtra,"VārŚS, 1, 5, 2",45,1,daṇḍayā,Ins,Fem,Sing,1,Vedic (Saṃhitā–Brāhmaṇa–Śrautasūtra),udagdaṇḍayā srucāntarvedi bhakṣayati garbhān prīṇāti garbhebhyaḥ svāheti
maitrāvaruṇa+daṇḍa,755776,Vārāhaśrautasūtra,"VārŚS, 1, 6, 2",11,9,daṇḍam,Acc,Masc,Sing,1,Vedic (Saṃhitā–Brāhmaṇa–Śrautasūtra),audumbaram āsyadaghnaṃ maitrāvaruṇadaṇḍam
maitrāvaruṇa+daṇḍa,755805,Vārāhaśrautasūtra,"VārŚS, 1, 6, 3",17,1,daṇḍena,Ins,Masc,Sing,1,Vedic (Saṃhitā–Brāhmaṇa–Śrautasūtra),brahma dṛṃha kṣatraṃ dṛṃheti yajamāno maitrāvaruṇadaṇḍena paridṛṃhayati
adharma+daṇḍa,482048,Yājñavalkyasmṛti,"YāSmṛ, 1",358,1,daṇḍanam,Nom,Neut,Sing,3,Early classical,adharmadaṇḍanaṃ svargakīrtilokavināśanam
ardha+daṇḍa,482529,Yājñavalkyasmṛti,"YāSmṛ, 2",229,2,daṇḍaḥ,Nom,Masc,Sing,3,Early classical,pūrvasmṛtād ardhadaṇḍaḥ sthāneṣūkteṣu kartane
caura+daṇḍa,482609,Yājñavalkyasmṛti,"YāSmṛ, 2",269,2,daṇḍena,Ins,Masc,Sing,3,Early classical,dāpayitvā hṛtaṃ dravyaṃ cauradaṇḍena daṇḍayet
sūkṣma+daṇḍa,394385,Ānandakanda,"ĀK, 1, 2",200,2,daṇḍam,Nom,Neut,Sing,4,Later classical / early medieval,pūrṇapātraṃ sūkṣmadaṇḍaṃ dvinetraṃ kiṅkiṇīsrajam
palāśa+daṇḍa,395659,Ānandakanda,"ĀK, 1, 4",442,1,daṇḍena,Ins,Masc,Sing,4,Later classical / early medieval,palāśadaṇḍenāmardyaṃ caturyāmena bhasmati
loha+daṇḍa,396689,Ānandakanda,"ĀK, 1, 9",8,2,daṇḍena,Ins,Masc,Sing,4,Later classical / early medieval,saptāhaṃ lohadaṇḍena cālayansadravaṃ muhuḥ
arka+daṇḍa,398052,Ānandakanda,"ĀK, 1, 14",42,6,daṇḍam,Acc,Masc,Sing,4,Later classical / early medieval,vāṃ proṃ vāṃ anena nirvāhamantreṇārkadaṇḍaṃ vā dhuttūrakāṣṭhadaṇḍaṃ vābhimantrya viṣāturasya sarvāṅgaṃ spṛṣṭvā viṣaṃ nirvāhayet
dhuttūra+kāṣṭha+daṇḍa,398052,Ānandakanda,"ĀK, 1, 14",42,6,daṇḍam,Acc,Masc,Sing,4,Later classical / early medieval,vāṃ proṃ vāṃ anena nirvāhamantreṇārkadaṇḍaṃ vā dhuttūrakāṣṭhadaṇḍaṃ vābhimantrya viṣāturasya sarvāṅgaṃ spṛṣṭvā viṣaṃ nirvāhayet
nāga+daṇḍa,399529,Ānandakanda,"ĀK, 1, 16",78,2,daṇḍena,Ins,Masc,Sing,4,Later classical / early medieval,nāgadaṇḍena patrāṇi koraṇṭasya ca mardayet
ikṣu+daṇḍa,400170,Ānandakanda,"ĀK, 1, 19",172,2,daṇḍān,Acc,Masc,Plur,4,Later classical / early medieval,svādan svādaṃścekṣudaṇḍān pittaghnamadirāmapi
loha+daṇḍa,401122,Ānandakanda,"ĀK, 1, 23",33,1,daṇḍena,Ins,Masc,Sing,4,Later classical / early medieval,saptāhaṃ lohadaṇḍena cālayettaddravaṃ muhuḥ
vinam+agra+ūrdhva+daṇḍa,403303,Ānandakanda,"ĀK, 1, 26",45,2,daṇḍakam,Nom,Neut,Sing,4,Later classical / early medieval,caṣakaṃ vartulaṃ lohaṃ vinatāgrordhvadaṇḍakam
ikṣu+daṇḍa,404710,Ānandakanda,"ĀK, 2, 4",55,1,daṇḍam,Acc,Masc,Sing,4,Later classical / early medieval,ativāntau bhajed bhraṣṭam ikṣudaṇḍaṃ suśītalam
loha+daṇḍa,404837,Ānandakanda,"ĀK, 2, 5",57,2,daṇḍena,Ins,Masc,Sing,4,Later classical / early medieval,kuṭṭayellohadaṇḍena peṣayettraiphale jale
tad+pārtha+daṇḍa,404946,Ānandakanda,"ĀK, 2, 6",29,2,daṇḍena,Ins,Masc,Sing,4,Later classical / early medieval,bharjayellohapātre tatpārthadaṇḍena cālayan
pālāśa+daṇḍa,404952,Ānandakanda,"ĀK, 2, 6",32,2,daṇḍena,Ins,Masc,Sing,4,Later classical / early medieval,dṛḍhaṃ pālāśadaṇḍena lohapātre tu bharjayet
loha+daṇḍa,405107,Ānandakanda,"ĀK, 2, 7",72,1,daṇḍena,Ins,Masc,Sing,4,Later classical / early medieval,mardayellohadaṇḍena varākvāthasamanvitam
sruc+daṇḍa,692484,Āpastambaśrautasūtra,"ĀpŚS, 1, 3",17,1,daṇḍaḥ,Nom,Masc,Sing,1,Vedic (Saṃhitā–Brāhmaṇa–Śrautasūtra),kulmimātro 'ratniḥ prādeśa ūrvasthi jānvasthi srugdaṇḍa iti vā tiryakpramāṇāni
udañc+daṇḍa,692999,Āpastambaśrautasūtra,"ĀpŚS, 6, 11",5,4,daṇḍayā,Ins,Fem,Sing,1,Vedic (Saṃhitā–Brāhmaṇa–Śrautasūtra),rāyaspoṣam iṣam ūrjam asmāsu dīdharat svāhety udagdaṇḍayā prāgdaṇḍayā vā srucācāmati
prāñc+daṇḍa,692999,Āpastambaśrautasūtra,"ĀpŚS, 6, 11",5,4,daṇḍayā,Ins,Fem,Sing,1,Vedic (Saṃhitā–Brāhmaṇa–Śrautasūtra),rāyaspoṣam iṣam ūrjam asmāsu dīdharat svāhety udagdaṇḍayā prāgdaṇḍayā vā srucācāmati
maitrāvaruṇa+daṇḍa,693407_1,Āpastambaśrautasūtra,"ĀpŚS, 7, 8",,,daṇḍam,Acc,Masc,Sing,1,Vedic (Saṃhitā–Brāhmaṇa–Śrautasūtra),yathārtham pātrāṇi prayunakti sphyam agnihotrahavaṇīm vasā homa havanīm dvitīyām juhūm pṛṣadājya dhānīm dvitīyām upabhṛtam dve ājya sthālyau hṛdayaśūlam asim kumbhīm plakṣa śākhām śākhāpavitram kārṣmarya mayyau vapāśrapaṇyau dvi śūlām eka śūlām ca audumbaram maitrāvaruṇa daṇḍam āsya daghnam cubuka daghnam vā raśane ca
maitrāvaruṇa+daṇḍa,693441_1,Āpastambaśrautasūtra,"ĀpŚS, 7, 10",,,daṇḍena,Ins,Masc,Sing,1,Vedic (Saṃhitā–Brāhmaṇa–Śrautasūtra),an āvis uparam kṛtvā brahma vanim tvā kṣatra vanim iti pradakṣiṇam pāṃsubhiḥ paryūhya brahma dṛṃha kṣatram dṛṃha iti maitrāvaruṇa daṇḍena samam bhūmi paridṛṃhaṇam kṛtvā
dīkṣ+daṇḍa,693947,Āpastambaśrautasūtra,"ĀpŚS, 10, 10",4,1,daṇḍam,Acc,Masc,Sing,1,Vedic (Saṃhitā–Brāhmaṇa–Śrautasūtra),ūrdhvasad asi vānaspatyaḥ sudyumno dyumnaṃ yajamānāya dhehīty audumbaraṃ dīkṣitadaṇḍaṃ yajamānāya prayacchati
dīkṣ+daṇḍa,694276,Āpastambaśrautasūtra,"ĀpŚS, 10, 27",2,,daṇḍam,Acc,Masc,Sing,1,Vedic (Saṃhitā–Brāhmaṇa–Śrautasūtra),dīkṣitadaṇḍaṃ ca maitrāvaruṇāya prayacchati mitrāvaruṇayos tvā praśāstroḥ praśiṣā prayacchāmy avakro 'vidhuro bhūyāsam iti
mantha+daṇḍa,563547,Āryāsaptaśatī,"Āsapt, 2",336,2,daṇḍaḥ,Nom,Masc,Sing,4,Later classical / early medieval,sakhi manthayati mano mama dadhibhāṇḍaṃ manthadaṇḍa iva
vāc+daṇḍa,561266,Śyainikaśāstra,"Śyainikaśāstra, 2",2,1,daṇḍayoḥ,Loc,Masc,Dual,4,Later classical / early medieval,vāgdaṇḍayośca pāruṣye īrṣyāsūyā ca sāhasam
vāc+daṇḍa,561540,Śyainikaśāstra,"Śyainikaśāstra, 4",25,1,daṇḍaiḥ,Ins,Masc,Plur,4,Later classical / early medieval,vāgdaṇḍaiś cārthadaṇḍaiś ca kiṃcid āśvāsanais tathā
artha+daṇḍa,561540,Śyainikaśāstra,"Śyainikaśāstra, 4",25,1,daṇḍaiḥ,Ins,Masc,Plur,4,Later classical / early medieval,vāgdaṇḍaiś cārthadaṇḍaiś ca kiṃcid āśvāsanais tathā
loha+maya+daṇḍa,391392,Śārṅgadharasaṃhitādīpikā,"ŚSDīp zu ŚdhSaṃh, 2, 11, 43.2",3,,daṇḍena,Ins,Masc,Sing,4,Later classical / early medieval,ayodarvyā lohamayadaṇḍena atheti paścāt kāryakarmāha bhasmasamam ityādi
prāñc+daṇḍa,741592,Śāṅkhāyanaśrautasūtra,"ŚāṅkhŚS, 2, 9",14,,daṇḍayā,Ins,Fem,Sing,5,Medieval / late,dviḥ pradeśinyā prāśyopabdimad udaṅ paryāvṛtya prāgdaṇḍayā bhakṣayitvā prāgdaṇḍāṃ paryasya nirlihya prakṣālyācamya prāgudīcīr apa utsicya prāgudīcīm uddiśati
prāñc+daṇḍa,741592,Śāṅkhāyanaśrautasūtra,"ŚāṅkhŚS, 2, 9",14,,daṇḍām,Acc,Fem,Sing,5,Medieval / late,dviḥ pradeśinyā prāśyopabdimad udaṅ paryāvṛtya prāgdaṇḍayā bhakṣayitvā prāgdaṇḍāṃ paryasya nirlihya prakṣālyācamya prāgudīcīr apa utsicya prāgudīcīm uddiśati
prāñc+daṇḍa,741769,Śāṅkhāyanaśrautasūtra,"ŚāṅkhŚS, 4, 7",6,,daṇḍam,Acc,Masc,Sing,5,Medieval / late,pṛthivyāstvā nābhau sādayāmy adityā upastha iti prāgdaṇḍaṃ sthaṇḍile nidhāya
