value	class_draft	evidence	source
2ten VP.	book-work	default: bib expansion with no person/periodical signal	no-bib-record
4te RĀJA-TAR.	book-work	default: bib expansion with no person/periodical signal	no-bib-record
A Catal. of Skt Mss. in priv. libr. of the north-west prov.	book-work	default: bib expansion with no person/periodical signal	pwgbib-exact
A Catal. of Skt Mss. in priv. libr. of the north-west provinces	book-work	default: bib expansion with no person/periodical signal	pwgbib-exact
ABHIDHĀNOTTARA	book-work	default: bib expansion with no person/periodical signal	pwgbib-exact
ABHIDHĀNOTTAROTTARA	book-work	default: bib expansion with no person/periodical signal	pwgbib-exact
ABHINANDA	book-work	default: bib expansion with no person/periodical signal	pwgbib-exact
ACYUTA	book-work	default: bib expansion with no person/periodical signal	pwgbib-exact
ADBH. BR.	book-work	default: bib expansion with no person/periodical signal	pwgbib-exact
ADBHUTA-BR.	book-work	default: bib expansion with no person/periodical signal	pwgbib-exact
ADBHUTAS.	book-work	default: bib expansion with no person/periodical signal	pwgbib-exact
ADBHUTASĀRA	book-work	default: bib expansion with no person/periodical signal	pwgbib-exact
ADHIKARAṆAMĀLĀ	book-work	default: bib expansion with no person/periodical signal	pwgbib-exact
ADHIVĀSAMANTRA	book-work	default: bib expansion with no person/periodical signal	pwgbib-exact
ADHYĀTMAR.	book-work	default: bib expansion with no person/periodical signal	pwgbib-exact
ADHYĀTMARĀMĀYAṆA	book-work	default: bib expansion with no person/periodical signal	pwgbib-exact
AESCH.	book-work	default: bib expansion with no person/periodical signal	pwgbib-exact
AGASTYA	book-work	default: bib expansion with no person/periodical signal	pwgbib-exact
AGASTYASAṂH.	book-work	default: bib expansion with no person/periodical signal	pwgbib-prefix:AGASTYASAṂH
AGNI-P.	book-work	default: bib expansion with no person/periodical signal	pwgbib-exact
AGNISV.	person-author	person descriptor in tooltip	pwgbib-exact
AGNISVĀMIN	book-work	default: bib expansion with no person/periodical signal	pwgbib-exact
AINSL.	book-work	default: bib expansion with no person/periodical signal	pwgbib-prefix:AINSL
AINSLIE	book-work	default: bib expansion with no person/periodical signal	pwgbib-exact
AINSLIE, Mat. Ind.	book-work	default: bib expansion with no person/periodical signal	pwgbib-exact
AIT. BR.	book-work	default: bib expansion with no person/periodical signal	pwgbib-exact
AIT. BR. Comm.	commentary-of-work	Comm./Tīkā marker in value	pwgbib-prefix:AIT. BR.
AIT. UP.	book-work	default: bib expansion with no person/periodical signal	pwgbib-exact
AIT. ĀR.	journal-periodical	periodical keyword in tooltip	pwgbib-exact
AIT. ĀRAṆY.	book-work	default: bib expansion with no person/periodical signal	pwgbib-prefix:AIT.
AIT. ĀRAṆYAKA	book-work	default: bib expansion with no person/periodical signal	pwgbib-prefix:AIT.
AITAREYA ĀRAṆYAKA	book-work	default: bib expansion with no person/periodical signal	pwgbib-exact
AIŚĀNASAṂH.	book-work	default: bib expansion with no person/periodical signal	pwgbib-exact
AJAY.	book-work	default: bib expansion with no person/periodical signal	pwgbib-exact
AJAYA	book-work	default: bib expansion with no person/periodical signal	pwgbib-exact
AJAYAK.	book-work	default: bib expansion with no person/periodical signal	pwgbib-exact
AJAYAP.	book-work	default: bib expansion with no person/periodical signal	pwgbib-exact
AJAYAPĀLA	book-work	default: bib expansion with no person/periodical signal	pwgbib-exact
AJĀTAŚATRU	book-work	default: bib expansion with no person/periodical signal	pwgbib-exact
AK.	book-work	default: bib expansion with no person/periodical signal	pwgbib-exact
AK. (COLEBR.)	book-work	default: bib expansion with no person/periodical signal	pwgbib-prefix:AK.
AK. (LOIS.)	book-work	default: bib expansion with no person/periodical signal	pwgbib-prefix:AK.
AK. COL.	book-work	default: bib expansion with no person/periodical signal	pwgbib-prefix:AK.
AK. ed. COLEBR.	book-work	default: bib expansion with no person/periodical signal	pwgbib-exact
AMARAKOṢA	book-work	default: bib expansion with no person/periodical signal	pwgbib-exact
ALAṂK. K.	book-work	default: bib expansion with no person/periodical signal	pwgbib-exact
ALAṂKĀRAKAUSTUBHA	book-work	default: bib expansion with no person/periodical signal	pwgbib-exact
ALAṂKĀRAC. Eing.	book-work	default: bib expansion with no person/periodical signal	pwgbib-prefix:ALAṂKĀRAC.
ALAṂKĀRAŚĀSTRA	book-work	default: bib expansion with no person/periodical signal	pwgbib-exact
ALBRECHT WEBER	book-work	default: bib expansion with no person/periodical signal	pwgbib-exact
A. WEBER	book-work	default: bib expansion with no person/periodical signal	pwgbib-exact
ALBYR.	book-work	default: bib expansion with no person/periodical signal	pwgbib-exact
ALBYROUNY	book-work	default: bib expansion with no person/periodical signal	pwgbib-exact
AMAR.	book-work	default: bib expansion with no person/periodical signal	pwgbib-exact
AMARAD.	book-work	default: bib expansion with no person/periodical signal	pwgbib-exact
AMARAMĀLĀ	book-work	default: bib expansion with no person/periodical signal	pwgbib-exact
AMARASIṂHA	book-work	default: bib expansion with no person/periodical signal	pwgbib-exact
AMṚTAB. UP.	book-work	default: bib expansion with no person/periodical signal	no-bib-record
AMṚTABINDŪP.	book-work	default: bib expansion with no person/periodical signal	pwgbib-prefix:AMṚTABINDŪP
AMṚTAN. UP.	book-work	default: bib expansion with no person/periodical signal	pwgbib-exact
AMṚTANĀD. UP.	book-work	default: bib expansion with no person/periodical signal	pwgbib-exact
AMṚTANĀDOP.	book-work	default: bib expansion with no person/periodical signal	pwgbib-exact
ANANTA-BHAṬṬA-KAVI	book-work	default: bib expansion with no person/periodical signal	pwgbib-exact
ANANTASAṂHITĀ	book-work	default: bib expansion with no person/periodical signal	no-bib-record
ANANTAVRATAKATHĀ	book-work	default: bib expansion with no person/periodical signal	pwgbib-exact
ANEKĀRTHA	book-work	default: bib expansion with no person/periodical signal	pwgbib-exact
ANEKĀRTHADHV.	book-work	default: bib expansion with no person/periodical signal	pwgbib-exact
ANEKĀRTHADHVANIM.	book-work	default: bib expansion with no person/periodical signal	pwgbib-exact
ANEKĀRTHADHVANIMAÑJARĪ	book-work	default: bib expansion with no person/periodical signal	pwgbib-exact
ANEKĀRTHAK.	book-work	default: bib expansion with no person/periodical signal	pwgbib-exact
ANEKĀRTHAKOṢA	book-work	default: bib expansion with no person/periodical signal	pwgbib-exact
ANNADĀKALPA	book-work	default: bib expansion with no person/periodical signal	pwgbib-exact
ANNAṂBH.	book-work	default: bib expansion with no person/periodical signal	pwgbib-exact
ANUKR.	book-work	default: bib expansion with no person/periodical signal	pwgbib-exact
ANUKR. ŚĀṬY. BR.	book-work	default: bib expansion with no person/periodical signal	pwgbib-prefix:ANUKR.
ANUP.	book-work	default: bib expansion with no person/periodical signal	pwgbib-exact
ANUP. S.	book-work	default: bib expansion with no person/periodical signal	pwgbib-exact
ANUPAD.	book-work	default: bib expansion with no person/periodical signal	pwgbib-exact
ANUPADA	book-work	default: bib expansion with no person/periodical signal	pwgbib-exact
ANUPADAS.	book-work	default: bib expansion with no person/periodical signal	pwgbib-exact
APARĀJITĀSTOTRA	book-work	default: bib expansion with no person/periodical signal	pwgbib-exact
ARIEL	book-work	default: bib expansion with no person/periodical signal	pwgbib-exact
ARJ.	book-work	default: bib expansion with no person/periodical signal	pwgbib-exact
ARJUNAM.	book-work	default: bib expansion with no person/periodical signal	pwgbib-exact
ARR. Ind.	book-work	default: bib expansion with no person/periodical signal	pwgbib-exact
ARRIAN Ind.	book-work	default: bib expansion with no person/periodical signal	pwgbib-exact
ARUṆA	book-work	default: bib expansion with no person/periodical signal	pwgbib-exact
ARUṆADATTA	book-work	default: bib expansion with no person/periodical signal	pwgbib-exact
ATHARVAŚ.	book-work	default: bib expansion with no person/periodical signal	pwgbib-exact
ATHARVAŚ. UP.	book-work	default: bib expansion with no person/periodical signal	pwgbib-exact
ATHARVAŚIR. UP.	book-work	default: bib expansion with no person/periodical signal	pwgbib-exact
AUFR.	book-work	default: bib expansion with no person/periodical signal	pwgbib-exact
AUFRECHT	book-work	default: bib expansion with no person/periodical signal	pwgbib-exact
AUFR. De accentu comp.	book-work	default: bib expansion with no person/periodical signal	pwgbib-prefix:AUFR.
AUFRECHT, HALĀY.	book-work	default: bib expansion with no person/periodical signal	pwgbib-exact
AUFR. HALĀY. Ind.	book-work	default: bib expansion with no person/periodical signal	pwgbib-prefix:AUFR.
AUFRECHT, HALĀY. Ind.	book-work	default: bib expansion with no person/periodical signal	pwgbib-prefix:AUFRECHT, HALĀY.
AUFRECHTʼs Ausg. des HALĀY.	book-work	default: bib expansion with no person/periodical signal	pwgbib-prefix:AUFRECHT
AUFRECHT, UṆĀDIS. Ind.	book-work	default: bib expansion with no person/periodical signal	pwgbib-prefix:AUFRECHT
AUPAMANYAVA NIR.	book-work	default: bib expansion with no person/periodical signal	pwgbib-exact
AURṆAVĀBHA	book-work	default: bib expansion with no person/periodical signal	pwgbib-exact
AUṢ.	book-work	default: bib expansion with no person/periodical signal	pwgbib-exact
AV.	book-work	default: bib expansion with no person/periodical signal	pwgbib-exact
AV. ANUKR.	book-work	default: bib expansion with no person/periodical signal	pwgbib-exact
AV. PAR.	book-work	default: bib expansion with no person/periodical signal	pwgbib-exact
AV. PARIŚ.	book-work	default: bib expansion with no person/periodical signal	pwgbib-exact
AV. PRĀT.	book-work	default: bib expansion with no person/periodical signal	pwgbib-exact
AVAD. ŚAT.	book-work	default: bib expansion with no person/periodical signal	pwgbib-exact
AVADĀNAŚ.	book-work	default: bib expansion with no person/periodical signal	pwgbib-exact
AVADĀNAKALPALATĀ	book-work	default: bib expansion with no person/periodical signal	pwgbib-exact
AVAYAVAGRANTHAGĀDĀDHARĪ	book-work	default: bib expansion with no person/periodical signal	pwgbib-exact
AVIC.	book-work	default: bib expansion with no person/periodical signal	no-bib-record
Abh. d. Königl. Ak. d. W. zu Berlin	person-western?	Latin-script surname pattern	no-bib-record
As. Res.	journal-periodical	periodical keyword in tooltip	pwgbib-exact
Asiat. Res.	journal-periodical	periodical keyword in tooltip	pwgbib-exact
Asiatischen Museum der Kais. Akad. d. Wiss. in St. Petersburg	journal-periodical	periodical keyword in tooltip	no-bib-record
AŚOKĀV.	book-work	default: bib expansion with no person/periodical signal	pwgbib-exact
AŚOKĀVAD.	book-work	default: bib expansion with no person/periodical signal	pwgbib-exact
AŚOKĀVADĀNA	book-work	default: bib expansion with no person/periodical signal	pwgbib-exact
AŚVATANTRA	book-work	default: bib expansion with no person/periodical signal	pwgbib-exact
AṄGIRAS	book-work	default: bib expansion with no person/periodical signal	pwgbib-exact
AṢṬĀV.	book-work	default: bib expansion with no person/periodical signal	pwgbib-exact
AṢṬĀVAKRA	book-work	default: bib expansion with no person/periodical signal	pwgbib-exact
BAER und HELMERSEN, Beitr. z. Kenntn. d. russ. Reiches	book-work	default: bib expansion with no person/periodical signal	pwgbib-prefix:BAER
BAHVṚCA	book-work	default: bib expansion with no person/periodical signal	pwgbib-exact
BAHVṚCAGṚHYAPADDHATI	book-work	default: bib expansion with no person/periodical signal	pwgbib-exact
BALA	book-work	default: bib expansion with no person/periodical signal	pwgbib-exact
BALL.	book-work	default: bib expansion with no person/periodical signal	pwgbib-exact
BALLANT.	book-work	default: bib expansion with no person/periodical signal	pwgbib-exact
BALLANTYNE	book-work	default: bib expansion with no person/periodical signal	pwgbib-exact
BANERJEA	book-work	default: bib expansion with no person/periodical signal	pwgbib-exact
BANERJEA, Dial.	book-work	default: bib expansion with no person/periodical signal	pwgbib-exact
BASINER	book-work	default: bib expansion with no person/periodical signal	pwgbib-exact
BAUDDHĀDHIKĀRACINTĀMAṆI	book-work	default: bib expansion with no person/periodical signal	pwgbib-exact
BAUDH.	book-work	default: bib expansion with no person/periodical signal	pwgbib-exact
BAUDHĀYANA	book-work	default: bib expansion with no person/periodical signal	pwgbib-exact
BAṬUKABHAIRAVASTOTRA	book-work	default: bib expansion with no person/periodical signal	pwgbib-exact
BENF.	book-work	default: bib expansion with no person/periodical signal	pwgbib-exact
BENFEY	book-work	default: bib expansion with no person/periodical signal	pwgbib-exact
BENF. Chr.	book-work	default: bib expansion with no person/periodical signal	pwgbib-exact
BENFEY Chr.	book-work	default: bib expansion with no person/periodical signal	pwgbib-prefix:BENFEY
BENF. Gr.	book-work	default: bib expansion with no person/periodical signal	pwgbib-exact
BENF. SV.	book-work	default: bib expansion with no person/periodical signal	pwgbib-prefix:BENF.
BENFEY, Glossar z. SV.	book-work	default: bib expansion with no person/periodical signal	pwgbib-prefix:BENFEY
BENFEY, SV. Einl.	book-work	default: bib expansion with no person/periodical signal	pwgbib-prefix:BENFEY, SV.
BENFEY, SV. Vorr.	book-work	default: bib expansion with no person/periodical signal	pwgbib-prefix:BENFEY, SV.
BENF. Uebers.	book-work	default: bib expansion with no person/periodical signal	pwgbib-prefix:BENF.
BENFEYʼs Uebersetzung	book-work	default: bib expansion with no person/periodical signal	pwgbib-prefix:BENFEY
BENFEYʼs Dict.	book-work	default: bib expansion with no person/periodical signal	pwgbib-prefix:BENFEY
BERGSTEDT	book-work	default: bib expansion with no person/periodical signal	no-bib-record
BERLIC, Gramm. der illir. Sprache	book-work	default: bib expansion with no person/periodical signal	pwgbib-exact
BHADRAKĀLĪKAVACA	book-work	default: bib expansion with no person/periodical signal	pwgbib-exact
BHAG.	book-work	default: bib expansion with no person/periodical signal	pwgbib-exact
BHAG. Einl.	book-work	default: bib expansion with no person/periodical signal	pwgbib-prefix:BHAG.
BHAG. SCHL.	book-work	default: bib expansion with no person/periodical signal	pwgbib-prefix:BHAG.
BHAG. ed. SCHL.	book-work	default: bib expansion with no person/periodical signal	pwgbib-prefix:BHAG.
BHAGAVADGĪTĀ	book-work	default: bib expansion with no person/periodical signal	pwgbib-exact
BHAGAVADBHAKTIVILĀSA	book-work	default: bib expansion with no person/periodical signal	pwgbib-exact
BHAGAVATĪGĪTĀ	book-work	default: bib expansion with no person/periodical signal	pwgbib-exact
BHAGIN	book-work	default: bib expansion with no person/periodical signal	pwgbib-exact
BHAGĪRATHA	book-work	default: bib expansion with no person/periodical signal	pwgbib-exact
BHAIRAVADHYĀNA	book-work	default: bib expansion with no person/periodical signal	pwgbib-exact
BHAIṢAJYARATN.	book-work	default: bib expansion with no person/periodical signal	pwgbib-exact
BHAIṢAJYARATNĀV.	book-work	default: bib expansion with no person/periodical signal	pwgbib-exact
BHAIṢAJYARATNĀVALĪ	book-work	default: bib expansion with no person/periodical signal	pwgbib-exact
BHAKTIRASĀMṚTASINDHU	book-work	default: bib expansion with no person/periodical signal	pwgbib-exact
BHARATA	book-work	default: bib expansion with no person/periodical signal	pwgbib-exact
BHAR.	person-author	person descriptor in tooltip	pwgbib-exact
BHAR. NĀṬYAŚ.	person-author	person descriptor in tooltip	pwgbib-prefix:BHAR.
BHARADVĀJA	book-work	default: bib expansion with no person/periodical signal	pwgbib-exact
BHARATAM.	book-work	default: bib expansion with no person/periodical signal	pwgbib-prefix:BHARATA
BHARAṬAK.	book-work	default: bib expansion with no person/periodical signal	pwgbib-exact
BHARTṚ.	book-work	default: bib expansion with no person/periodical signal	pwgbib-exact
BHARTṚ. (lith. Ausg.)	book-work	default: bib expansion with no person/periodical signal	pwgbib-prefix:BHARTṚ.
BHARTṚ. Suppl.	book-work	default: bib expansion with no person/periodical signal	pwgbib-exact
BHARTṚ. ed. BOHL.	book-work	default: bib expansion with no person/periodical signal	pwgbib-prefix:BHARTṚ.
BHARTṚHARI	book-work	default: bib expansion with no person/periodical signal	pwgbib-exact
BHAVABH.	book-work	default: bib expansion with no person/periodical signal	pwgbib-exact
BHAVABHŪTI	book-work	default: bib expansion with no person/periodical signal	pwgbib-exact
BHAVADEVA	book-work	default: bib expansion with no person/periodical signal	pwgbib-exact
BHAVADEVABH.	book-work	default: bib expansion with no person/periodical signal	pwgbib-exact
BHAVADEVABHAṬṬA	book-work	default: bib expansion with no person/periodical signal	pwgbib-exact
BHAV. P.	book-work	default: bib expansion with no person/periodical signal	pwgbib-exact
BHAVIṢYA-P.	book-work	default: bib expansion with no person/periodical signal	pwgbib-exact
BHAVIṢYOTT. P.	book-work	default: bib expansion with no person/periodical signal	pwgbib-exact
BHAVIṢYOTTARA-P.	book-work	default: bib expansion with no person/periodical signal	pwgbib-exact
BHAVIṢYOTTARAPURĀṆA	book-work	default: bib expansion with no person/periodical signal	pwgbib-exact
BHAṬAPRAKĀŚIKĀ	book-work	default: bib expansion with no person/periodical signal	pwgbib-exact
BHAṬṬ.	book-work	default: bib expansion with no person/periodical signal	pwgbib-exact
BHAṬṬAMALLA	book-work	default: bib expansion with no person/periodical signal	pwgbib-exact
BHAṬṬI	book-work	default: bib expansion with no person/periodical signal	pwgbib-exact
BHAṬṬIK.	book-work	default: bib expansion with no person/periodical signal	pwgbib-prefix:BHAṬṬIK
BHAṬṬOTP.	book-work	default: bib expansion with no person/periodical signal	pwgbib-exact
BHAṬṬOTPALA	book-work	default: bib expansion with no person/periodical signal	pwgbib-exact
BHOJA	book-work	default: bib expansion with no person/periodical signal	pwgbib-exact
BHOJARĀJA	book-work	default: bib expansion with no person/periodical signal	pwgbib-exact
BHOJAPRAB.	book-work	default: bib expansion with no person/periodical signal	pwgbib-exact
BHUVANEŚVARĪSTOTRA	book-work	default: bib expansion with no person/periodical signal	pwgbib-exact
BHĀG.	book-work	default: bib expansion with no person/periodical signal	pwgbib-exact
BHĀG. P.	book-work	default: bib expansion with no person/periodical signal	pwgbib-exact
BHĀG. P. Calc. lith. Ausg.	book-work	default: bib expansion with no person/periodical signal	pwgbib-prefix:BHĀG. P.
BHĀG. P. Einl.	book-work	default: bib expansion with no person/periodical signal	pwgbib-prefix:BHĀG. P.
BHĀG. P. I, Einl.	book-work	default: bib expansion with no person/periodical signal	pwgbib-prefix:BHĀG. P.
BHĀG. P. ed. BURN.	book-work	default: bib expansion with no person/periodical signal	pwgbib-exact
BHĀG. P. ed. Bomb.	book-work	default: bib expansion with no person/periodical signal	pwgbib-exact
BHĀGAVATĀMṚTA	book-work	default: bib expansion with no person/periodical signal	pwgbib-exact
BHĀGAVṚTTI	book-work	default: bib expansion with no person/periodical signal	pwgbib-exact
BHĀGURI	book-work	default: bib expansion with no person/periodical signal	pwgbib-exact
BHĀM.	book-work	default: bib expansion with no person/periodical signal	pwgbib-exact
BHĀMAHA	book-work	default: bib expansion with no person/periodical signal	pwgbib-exact
BHĀMINĪV.	book-work	default: bib expansion with no person/periodical signal	pwgbib-exact
BHĀMINĪVILĀSA	book-work	default: bib expansion with no person/periodical signal	pwgbib-exact
BHĀNUD.	person-author	person descriptor in tooltip	pwgbib-exact
BHĀNUDĪKṢ.	book-work	default: bib expansion with no person/periodical signal	pwgbib-exact
BHĀNUDĪKṢITA	book-work	default: bib expansion with no person/periodical signal	pwgbib-exact
BHĀRADV.	book-work	default: bib expansion with no person/periodical signal	pwgbib-exact
BHĀRAVI	book-work	default: bib expansion with no person/periodical signal	pwgbib-exact
BHĀSK.	book-work	default: bib expansion with no person/periodical signal	pwgbib-exact
BHĀSKARA	book-work	default: bib expansion with no person/periodical signal	pwgbib-exact
BHĀSKARĀCĀRYA	book-work	default: bib expansion with no person/periodical signal	pwgbib-exact
BHĀSKARAʼs SIDDHĀNTAŚIROMAṆI	book-work	default: bib expansion with no person/periodical signal	pwgbib-prefix:BHĀSKARA
BHĀSKARAMIŚRA	book-work	default: bib expansion with no person/periodical signal	pwgbib-exact
BHĀVAPR.	book-work	default: bib expansion with no person/periodical signal	pwgbib-exact
BHĀVAPRAKĀŚA	book-work	default: bib expansion with no person/periodical signal	pwgbib-exact
BHĀVAVIVEKA	book-work	default: bib expansion with no person/periodical signal	pwgbib-exact
BHĀṢYA	book-work	default: bib expansion with no person/periodical signal	pwgbib-exact
BHĀṢĀP.	book-work	default: bib expansion with no person/periodical signal	pwgbib-exact
BHĀṢĀPAR.	book-work	default: bib expansion with no person/periodical signal	pwgbib-exact
BHĪMAPARĀKRAMA	book-work	default: bib expansion with no person/periodical signal	pwgbib-exact
BHŪRIPR.	book-work	default: bib expansion with no person/periodical signal	pwgbib-exact
BHŪRIPRAYOGA	book-work	default: bib expansion with no person/periodical signal	pwgbib-exact
BHŪTAŚUDDHIPRAKARAṆA	book-work	default: bib expansion with no person/periodical signal	pwgbib-exact
BHŪTAŚUDDHIT.	book-work	default: bib expansion with no person/periodical signal	pwgbib-exact
BHŪTAŚUDDHITANTRA	book-work	default: bib expansion with no person/periodical signal	pwgbib-exact
BHŪTAḌĀMARA	book-work	default: bib expansion with no person/periodical signal	pwgbib-exact
BHŪTAḌĀMARATANTRA	book-work	default: bib expansion with no person/periodical signal	pwgbib-exact
BHṚGU	book-work	default: bib expansion with no person/periodical signal	pwgbib-exact
BIJĀBHIDHĀNA	book-work	default: bib expansion with no person/periodical signal	no-bib-record
BLAND	book-work	default: bib expansion with no person/periodical signal	pwgbib-exact
BODHICĀRYĀV.	book-work	default: bib expansion with no person/periodical signal	pwgbib-exact
BOHLEN	book-work	default: bib expansion with no person/periodical signal	pwgbib-exact
BOLL.	book-work	default: bib expansion with no person/periodical signal	pwgbib-exact
BOLLENSEN	book-work	default: bib expansion with no person/periodical signal	pwgbib-exact
BOPP	book-work	default: bib expansion with no person/periodical signal	pwgbib-exact
BRAHMA-P.	book-work	default: bib expansion with no person/periodical signal	pwgbib-exact
BRAHMA-S.	book-work	default: bib expansion with no person/periodical signal	pwgbib-exact
BRAHMAS.	book-work	default: bib expansion with no person/periodical signal	pwgbib-exact
BRAHMAG.	book-work	default: bib expansion with no person/periodical signal	pwgbib-exact
BRAHMAGUPTA	book-work	default: bib expansion with no person/periodical signal	pwgbib-exact
BRAHMASIDDH.	book-work	default: bib expansion with no person/periodical signal	pwgbib-exact
BRAHMAV. P.	book-work	default: bib expansion with no person/periodical signal	pwgbib-exact
BRAHMAVAIV.	book-work	default: bib expansion with no person/periodical signal	pwgbib-exact
BRAHMAVAIV. (ST.)	book-work	default: bib expansion with no person/periodical signal	pwgbib-prefix:BRAHMAVAIV.
BRAHMAVAIV. P.	book-work	default: bib expansion with no person/periodical signal	pwgbib-exact
BRAHMAVAIV. P., BRAHMAKH.	book-work	default: bib expansion with no person/periodical signal	pwgbib-prefix:BRAHMAVAIV. P.
BRAHMAVAIV. P., BRAHMAKHAṆḌA	book-work	default: bib expansion with no person/periodical signal	pwgbib-prefix:BRAHMAVAIV. P.
BRAHMAVAIV. P., GAṆAPATIKH.	book-work	default: bib expansion with no person/periodical signal	pwgbib-prefix:BRAHMAVAIV. P.
BRAHMAVAIV. P., GAṆAPATIKHAṆḌA	book-work	default: bib expansion with no person/periodical signal	pwgbib-prefix:BRAHMAVAIV. P.
BRAHMAVAIV. P., PRAKṚTIKH.	book-work	default: bib expansion with no person/periodical signal	pwgbib-prefix:BRAHMAVAIV. P.
BRAHMAVAIV. P., PRAKṚTIKHAṆḌA	book-work	default: bib expansion with no person/periodical signal	pwgbib-prefix:BRAHMAVAIV. P.
BRAHMAVAIV. P., ŚRĪKṚṢṆAJANMAKH.	book-work	default: bib expansion with no person/periodical signal	pwgbib-prefix:BRAHMAVAIV. P.
BRAHMAVAIV. P., ŚRĪKṚṢṆAJANMAKH., DHENUKĀSURAV.	book-work	default: bib expansion with no person/periodical signal	pwgbib-prefix:BRAHMAVAIV. P.
BRAHMAVAIV. P., ŚRĪKṚṢṆAJANMAKHAṆḌA	book-work	default: bib expansion with no person/periodical signal	pwgbib-prefix:BRAHMAVAIV. P.
BRAHMAVAIV. P., KṚṢṆAJANMAKH.	book-work	default: bib expansion with no person/periodical signal	pwgbib-prefix:BRAHMAVAIV. P.
BRAHMAYĀMALA	book-work	default: bib expansion with no person/periodical signal	no-bib-record
BRAHMOP.	book-work	default: bib expansion with no person/periodical signal	pwgbib-exact
BRAHMOPANIṢAD	book-work	default: bib expansion with no person/periodical signal	pwgbib-exact
BRAHMĀṆḌA-P.	book-work	default: bib expansion with no person/periodical signal	pwgbib-exact
BRAHMĀṆḌAPURĀṆA	book-work	default: bib expansion with no person/periodical signal	pwgbib-exact
BROCKH.	book-work	default: bib expansion with no person/periodical signal	pwgbib-exact
BROCKHAUS	book-work	default: bib expansion with no person/periodical signal	pwgbib-exact
BRĀHM.	book-work	default: bib expansion with no person/periodical signal	pwgbib-exact
BRĀHMAṆA	book-work	default: bib expansion with no person/periodical signal	pwgbib-exact
BRĀHMADHARMA	book-work	default: bib expansion with no person/periodical signal	pwgbib-exact
BRĀHMAṆ.	book-work	default: bib expansion with no person/periodical signal	pwgbib-exact
BRĀHMAṆAKULĀCĀRYAKĀRIKĀ	book-work	default: bib expansion with no person/periodical signal	pwgbib-exact
BUCHANANʼs Handschrr.	book-work	default: bib expansion with no person/periodical signal	no-bib-record
BUCHANANʼs Hdschrr.	book-work	default: bib expansion with no person/periodical signal	no-bib-record
BUDDHACAR.	book-work	default: bib expansion with no person/periodical signal	pwgbib-exact
BUDDHACARITAK.	book-work	default: bib expansion with no person/periodical signal	pwgbib-exact
BUDDHOKT.	journal-periodical	periodical keyword in tooltip	pwgbib-exact
BURGESS	book-work	default: bib expansion with no person/periodical signal	pwgbib-exact
BURN.	book-work	default: bib expansion with no person/periodical signal	pwgbib-exact
BURNOUF	book-work	default: bib expansion with no person/periodical signal	pwgbib-exact
BURN. BHĀG. P.	book-work	default: bib expansion with no person/periodical signal	pwgbib-prefix:BURN.
BURNOUF, BHĀG. P.	book-work	default: bib expansion with no person/periodical signal	pwgbib-prefix:BURNOUF
BURN. Intr.	book-work	default: bib expansion with no person/periodical signal	pwgbib-exact
BURNOUF, Intr.	book-work	default: bib expansion with no person/periodical signal	pwgbib-prefix:BURNOUF
BURN. Lot. de la b. l.	book-work	default: bib expansion with no person/periodical signal	pwgbib-exact
BURNOUF, Lot. de la b. l.	book-work	default: bib expansion with no person/periodical signal	pwgbib-prefix:BURNOUF
BURNOUF, YAŚNA	book-work	default: bib expansion with no person/periodical signal	pwgbib-prefix:BURNOUF
BURNOUFʼs Auffassung	book-work	default: bib expansion with no person/periodical signal	pwgbib-prefix:BURNOUF
BURNELL	book-work	default: bib expansion with no person/periodical signal	pwgbib-exact
Beitr. z. vgl. Spr.	person-western?	Latin-script surname pattern	pwgbib-exact
Berichte d. k. s. G. d. Ww.	person-western?	Latin-script surname pattern	pwgbib-exact
Berichte d. k. s. Ges. d. Ww. phil.-hist. Cl.	person-western?	Latin-script surname pattern	pwgbib-prefix:Berichte d. k. s. Ges. d. Ww. phil.-hist.
Berichte d. k. s. Ges. d. Ww. phil.-hist. Classe	person-western?	Latin-script surname pattern	pwgbib-prefix:Berichte d. k. s. Ges. d. Ww. phil.-hist.
Berichte der k. s. G. d. Ww.	person-western?	Latin-script surname pattern	pwgbib-exact
Berichte der phil.-hist. Cl. d. k. s. G. d. Ww.	person-western?	Latin-script surname pattern	no-bib-record
Bibl. Ind.	person-western?	Latin-script surname pattern	pwgbib-exact
Bibl. Ind. new ser.	person-western?	Latin-script surname pattern	pwgbib-exact
Bibl. ind.	person-western?	Latin-script surname pattern	pwgbib-exact
Bibl. ind. ĪŚVARAKṚṢṆAʼs सांख्यकारिका	book-work	default: bib expansion with no person/periodical signal	pwgbib-prefix:Bibl. ind.
Bibl. indica	person-western?	Latin-script surname pattern	no-bib-record
Bomb.	person-western?	Latin-script surname pattern	no-bib-record
Bomb. Ausg.	person-western?	Latin-script surname pattern	no-bib-record
Bomb. Ausgg.	person-western?	Latin-script surname pattern	no-bib-record
Bombay 1783 (1861) lithographirten	person-western?	Latin-script surname pattern	no-bib-record
Breslauer Programm	person-western?	Latin-script surname pattern	no-bib-record
Buddh. Trigl.	person-western?	Latin-script surname pattern	no-bib-record
Bull. de lʼAcad. Imp. des Sc.	person-western?	Latin-script surname pattern	no-bib-record
Bull. de lʼAcad. Imp. des Sc. de S.-P.	person-western?	Latin-script surname pattern	no-bib-record
Bull. de lʼAcad. Imp. des Sc. de St. P.	person-western?	Latin-script surname pattern	no-bib-record
Bull. hist.-phil.	journal-periodical	periodical keyword in tooltip	pwgbib-exact
Bullet. hist.-phil.	journal-periodical	periodical keyword in tooltip	pwgbib-exact
Bulletin de lʼAcad. Imp. des sc. de St.-Pét.	journal-periodical	periodical keyword in tooltip	no-bib-record
BÖHTL.	book-work	default: bib expansion with no person/periodical signal	pwgbib-exact
BÖHTL. Chrest.	book-work	default: bib expansion with no person/periodical signal	pwgbib-exact
BÖHTLINGK	book-work	default: bib expansion with no person/periodical signal	pwgbib-exact
BÖHTLINGK in der Einl. zu seiner Ausg.	book-work	default: bib expansion with no person/periodical signal	pwgbib-prefix:BÖHTLINGK
BÖHTLINGK, Ueber die Sprache der Jakuten	book-work	default: bib expansion with no person/periodical signal	pwgbib-exact
BÖHTLINGKʼs Ausg. d. P.	book-work	default: bib expansion with no person/periodical signal	pwgbib-prefix:BÖHTLINGK
BÜHLER	book-work	default: bib expansion with no person/periodical signal	pwgbib-exact
BÜHLERʼs Ausg. des PAÑCAT.	book-work	default: bib expansion with no person/periodical signal	pwgbib-prefix:BÜHLER
BĀDAR.	book-work	default: bib expansion with no person/periodical signal	pwgbib-exact
BĀDAR. Comm.	commentary-of-work	Comm./Tīkā marker in value	pwgbib-prefix:BĀDAR.
BĀDARI	book-work	default: bib expansion with no person/periodical signal	pwgbib-exact
BĀLAB.	book-work	default: bib expansion with no person/periodical signal	pwgbib-exact
BĀLABH.	book-work	default: bib expansion with no person/periodical signal	pwgbib-exact
BĀLAKĀSYA	book-work	default: bib expansion with no person/periodical signal	pwgbib-exact
BĀLAR.	book-work	default: bib expansion with no person/periodical signal	pwgbib-exact
BĀLARĀM.	book-work	default: bib expansion with no person/periodical signal	pwgbib-exact
BĀPŪDEVA	book-work	default: bib expansion with no person/periodical signal	pwgbib-exact
BĀṆABHAṬṬA	book-work	default: bib expansion with no person/periodical signal	pwgbib-exact
BĀṢKALOP.	book-work	default: bib expansion with no person/periodical signal	pwgbib-exact
BĪJAGAN.	book-work	default: bib expansion with no person/periodical signal	pwgbib-exact
BĪJAGAṆITA	book-work	default: bib expansion with no person/periodical signal	no-bib-record
BĪJĀBHIDHĀNA	book-work	default: bib expansion with no person/periodical signal	no-bib-record
BṚH.	book-work	default: bib expansion with no person/periodical signal	pwgbib-exact
BṚH. DEV.	book-work	default: bib expansion with no person/periodical signal	pwgbib-exact
BṚH. J.	book-work	default: bib expansion with no person/periodical signal	pwgbib-prefix:BṚH.
BṚH. ĀR. UP.	book-work	default: bib expansion with no person/periodical signal	pwgbib-exact
BṚH. ĀR. UP. (POL.)	book-work	default: bib expansion with no person/periodical signal	pwgbib-exact
BṚHADD.	book-work	default: bib expansion with no person/periodical signal	pwgbib-exact
BṚHADDEV.	book-work	default: bib expansion with no person/periodical signal	pwgbib-exact
BṚHADDEVATĀ	book-work	default: bib expansion with no person/periodical signal	pwgbib-exact
BṚHADDHARMA-P.	book-work	default: bib expansion with no person/periodical signal	pwgbib-exact
BṚHADDHARMA-P., UTTARAKH.	book-work	default: bib expansion with no person/periodical signal	pwgbib-prefix:BṚHADDHARMA-P.
BṚHADDHARMAPURĀṆA	book-work	default: bib expansion with no person/periodical signal	pwgbib-exact
BṚHANNANDIKEŚVARA-P.	book-work	default: bib expansion with no person/periodical signal	pwgbib-exact
BṚHANNĀRAD.	book-work	default: bib expansion with no person/periodical signal	pwgbib-exact
BṚHANNĀRAD. P.	book-work	default: bib expansion with no person/periodical signal	pwgbib-exact
BṚHANNĀRADĪYA	book-work	default: bib expansion with no person/periodical signal	pwgbib-exact
BṚHANNĀRADĪYA-P.	book-work	default: bib expansion with no person/periodical signal	pwgbib-exact
BṚHANNĪLATANTRA	book-work	default: bib expansion with no person/periodical signal	pwgbib-exact
BṚHASP.	person-author	person descriptor in tooltip	pwgbib-exact
BṚHASPATI	book-work	default: bib expansion with no person/periodical signal	pwgbib-exact
CAITANYAC.	book-work	default: bib expansion with no person/periodical signal	pwgbib-exact
CAITANYACANDROD.	book-work	default: bib expansion with no person/periodical signal	pwgbib-exact
CAITANYACANDRODAYA	book-work	default: bib expansion with no person/periodical signal	pwgbib-exact
CAKR.	book-work	default: bib expansion with no person/periodical signal	pwgbib-exact
CAKRAD.	book-work	default: bib expansion with no person/periodical signal	pwgbib-exact
CAKRADATTA	book-work	default: bib expansion with no person/periodical signal	pwgbib-exact
CAKRAPĀṆIDATTA	book-work	default: bib expansion with no person/periodical signal	pwgbib-exact
CAKRAVARMAN	book-work	default: bib expansion with no person/periodical signal	pwgbib-exact
CANDRA	book-work	default: bib expansion with no person/periodical signal	pwgbib-exact
CANDRAGOMIN	book-work	default: bib expansion with no person/periodical signal	pwgbib-exact
CANDRAKĪRTI	book-work	default: bib expansion with no person/periodical signal	pwgbib-exact
CANDRAŚEKHARA-VĀCASPATIʼs CANDANADHENUVIDHI	book-work	default: bib expansion with no person/periodical signal	pwgbib-prefix:CANDRA
CANDRĀLOKA	book-work	default: bib expansion with no person/periodical signal	pwgbib-exact
CAR.	book-work	default: bib expansion with no person/periodical signal	pwgbib-exact
CARAKA	book-work	default: bib expansion with no person/periodical signal	pwgbib-exact
CARAKA, Einl.	book-work	default: bib expansion with no person/periodical signal	pwgbib-prefix:CARAKA
CARAṆAVY.	book-work	default: bib expansion with no person/periodical signal	pwgbib-exact
CARAṆAVYŪHA	book-work	default: bib expansion with no person/periodical signal	pwgbib-exact
CAREY	book-work	default: bib expansion with no person/periodical signal	pwgbib-exact
CAREY Gramm.	book-work	default: bib expansion with no person/periodical signal	pwgbib-prefix:CAREY
CARR	book-work	default: bib expansion with no person/periodical signal	pwgbib-exact
CARR, Sanskrit Proverbs	book-work	default: bib expansion with no person/periodical signal	pwgbib-exact
CATURBH.	person-author	person descriptor in tooltip	pwgbib-exact
CAURAP.	book-work	default: bib expansion with no person/periodical signal	pwgbib-exact
CAURAPAÑCĀŚIKĀ	book-work	default: bib expansion with no person/periodical signal	pwgbib-exact
CAṆḌIN	book-work	default: bib expansion with no person/periodical signal	pwgbib-exact
CAṆḌĪ	book-work	default: bib expansion with no person/periodical signal	no-bib-record
CH. BRUCE, On the Vedic conception of the Earth	book-work	default: bib expansion with no person/periodical signal	pwgbib-prefix:CH. BRUCE
CHAMB.	book-work	default: bib expansion with no person/periodical signal	pwgbib-exact
CHANDAS	book-work	default: bib expansion with no person/periodical signal	pwgbib-exact
CHANDAS.	book-work	default: bib expansion with no person/periodical signal	pwgbib-prefix:CHANDAS
CHANDOGAPAR.	book-work	default: bib expansion with no person/periodical signal	pwgbib-exact
CHANDOGAPARIŚIṢṬA	book-work	default: bib expansion with no person/periodical signal	pwgbib-exact
CHANDOM.	book-work	default: bib expansion with no person/periodical signal	pwgbib-exact
CHANDOMAÑJARĪ	book-work	default: bib expansion with no person/periodical signal	pwgbib-exact
CHANDORṆAVA	book-work	default: bib expansion with no person/periodical signal	pwgbib-exact
CHĀND. BR.	book-work	default: bib expansion with no person/periodical signal	pwgbib-exact
CHĀND. UP.	book-work	default: bib expansion with no person/periodical signal	pwgbib-exact
CHĀNDOGYABHĀṢYA	book-work	default: bib expansion with no person/periodical signal	no-bib-record
COLEBR.	book-work	default: bib expansion with no person/periodical signal	pwgbib-exact
COLEBROOKE	book-work	default: bib expansion with no person/periodical signal	pwgbib-exact
COLEBR. Alg.	book-work	default: bib expansion with no person/periodical signal	pwgbib-exact
COLEBR. Dig.	book-work	default: bib expansion with no person/periodical signal	pwgbib-exact
COLEBR. Gr.	book-work	default: bib expansion with no person/periodical signal	pwgbib-exact
COLEBR. Misc.	book-work	default: bib expansion with no person/periodical signal	pwgbib-exact
COLEBR. Misc. Ess.	book-work	default: bib expansion with no person/periodical signal	pwgbib-exact
COL. Misc. Ess.	book-work	default: bib expansion with no person/periodical signal	pwgbib-exact
COW.	book-work	default: bib expansion with no person/periodical signal	pwgbib-case
COWELL	book-work	default: bib expansion with no person/periodical signal	pwgbib-exact
CSOMA	book-work	default: bib expansion with no person/periodical signal	pwgbib-exact
CSOMA, Tib. Gr.	book-work	default: bib expansion with no person/periodical signal	pwgbib-exact
CURTIUS, Gr. d. gr. Etym.	book-work	default: bib expansion with no person/periodical signal	pwgbib-exact
CURTIUS, Griech. Etym.	book-work	default: bib expansion with no person/periodical signal	pwgbib-exact
Calc.	person-western?	Latin-script surname pattern	no-bib-record
Calc. Aus.	person-western?	Latin-script surname pattern	no-bib-record
Calc. Ausgg.	person-western?	Latin-script surname pattern	no-bib-record
Carl Graf v. GÖRTZ, Reise um die Welt	person-western?	Latin-script surname pattern	no-bib-record
Chamb.	person-western?	Latin-script surname pattern	pwgbib-case
Chambers	person-western?	Latin-script surname pattern	no-bib-record
Chrest.	person-western?	Latin-script surname pattern	no-bib-record
Compendiums des Vaiśeṣika-Systems	person-western?	Latin-script surname pattern	no-bib-record
CĀT.	journal-periodical	periodical keyword in tooltip	pwgbib-exact
CĀTAK.	book-work	default: bib expansion with no person/periodical signal	pwgbib-exact
CĀTAKA	book-work	default: bib expansion with no person/periodical signal	pwgbib-exact
CĀṆ.	book-work	default: bib expansion with no person/periodical signal	pwgbib-exact
CŪLIKOP.	book-work	default: bib expansion with no person/periodical signal	pwgbib-exact
DAKṢA	book-work	default: bib expansion with no person/periodical signal	pwgbib-exact
DAMAYANTĪK.	book-work	default: bib expansion with no person/periodical signal	pwgbib-exact
DAMAYANTĪKATHĀ	book-work	default: bib expansion with no person/periodical signal	pwgbib-exact
DAMPATĪŚ.	book-work	default: bib expansion with no person/periodical signal	no-bib-record
DATT. MĪM.	book-work	default: bib expansion with no person/periodical signal	pwgbib-exact
DATTAKA-M.	book-work	default: bib expansion with no person/periodical signal	no-bib-record
DATTAKAC.	book-work	default: bib expansion with no person/periodical signal	pwgbib-exact
DATTAKACANDRIKĀ	book-work	default: bib expansion with no person/periodical signal	pwgbib-exact
DATTAKAM.	book-work	default: bib expansion with no person/periodical signal	pwgbib-exact
DATTAKAMĪM.	book-work	default: bib expansion with no person/periodical signal	pwgbib-exact
DAŚ.	book-work	default: bib expansion with no person/periodical signal	pwgbib-exact
DAŚABH.	journal-periodical	periodical keyword in tooltip	pwgbib-exact
DAŚABHŪM.	book-work	default: bib expansion with no person/periodical signal	pwgbib-exact
DAŚABHŪMĪŚVARA	book-work	default: bib expansion with no person/periodical signal	pwgbib-exact
DAŚAK.	book-work	default: bib expansion with no person/periodical signal	pwgbib-exact
DAŚAR.	book-work	default: bib expansion with no person/periodical signal	pwgbib-exact
DAṆḌIN	book-work	default: bib expansion with no person/periodical signal	pwgbib-exact
DAṆḌĀDINĀTHA	book-work	default: bib expansion with no person/periodical signal	pwgbib-exact
DELBRÜCK	book-work	default: bib expansion with no person/periodical signal	pwgbib-exact
DELIUS	book-work	default: bib expansion with no person/periodical signal	pwgbib-exact
DEV.	book-work	default: bib expansion with no person/periodical signal	pwgbib-exact
DEV. ed. POL.	book-work	default: bib expansion with no person/periodical signal	pwgbib-prefix:DEV.
DEVA	book-work	default: bib expansion with no person/periodical signal	pwgbib-exact
DEVALA	book-work	default: bib expansion with no person/periodical signal	pwgbib-exact
DEVAR.	book-work	default: bib expansion with no person/periodical signal	pwgbib-exact
DEVARĀJA	book-work	default: bib expansion with no person/periodical signal	pwgbib-exact
DEVARĀJAY.	book-work	default: bib expansion with no person/periodical signal	pwgbib-prefix:DEVARĀJAY
DEVĪ-P.	book-work	default: bib expansion with no person/periodical signal	pwgbib-exact
DEVĪ-P., DEVĪNIRUKTĀDHY.	book-work	default: bib expansion with no person/periodical signal	pwgbib-prefix:DEVĪ-P.
DEVĪ-P., KUṆḌAPR.	book-work	default: bib expansion with no person/periodical signal	pwgbib-prefix:DEVĪ-P.
DEVĪBHĀG.	book-work	default: bib expansion with no person/periodical signal	pwgbib-exact
DEVĪBHĀG. P.	book-work	default: bib expansion with no person/periodical signal	pwgbib-exact
DEVĪM.	book-work	default: bib expansion with no person/periodical signal	pwgbib-exact
DEVĪPURĀṆA	book-work	default: bib expansion with no person/periodical signal	pwgbib-exact
DHAMMAP.	book-work	default: bib expansion with no person/periodical signal	pwgbib-exact
DHAMMAPADA	book-work	default: bib expansion with no person/periodical signal	pwgbib-exact
DHAN.	book-work	default: bib expansion with no person/periodical signal	pwgbib-exact
DHANAÑJAYA	book-work	default: bib expansion with no person/periodical signal	no-bib-record
DHANURV.	book-work	default: bib expansion with no person/periodical signal	pwgbib-exact
DHANURVEDA	book-work	default: bib expansion with no person/periodical signal	pwgbib-exact
DHANV.	book-work	default: bib expansion with no person/periodical signal	pwgbib-exact
DHANVANT.	book-work	default: bib expansion with no person/periodical signal	pwgbib-exact
DHANVANTARI	book-work	default: bib expansion with no person/periodical signal	pwgbib-exact
DHANVANTARIʼs NIGHAṆṬU	book-work	default: bib expansion with no person/periodical signal	pwgbib-prefix:DHANVANTARI
DHANVIN	book-work	default: bib expansion with no person/periodical signal	pwgbib-exact
DHAR.	book-work	default: bib expansion with no person/periodical signal	pwgbib-exact
DHARA.	book-work	default: bib expansion with no person/periodical signal	pwgbib-exact
DHARAṆI	book-work	default: bib expansion with no person/periodical signal	pwgbib-exact
DHARAṆĪ	book-work	default: bib expansion with no person/periodical signal	pwgbib-exact
DHARMA-P.	book-work	default: bib expansion with no person/periodical signal	pwgbib-exact
DHARMADĪPIKĀ	book-work	default: bib expansion with no person/periodical signal	pwgbib-exact
DHARMAPRADĪPA	book-work	default: bib expansion with no person/periodical signal	pwgbib-exact
DHARMAVIV.	book-work	default: bib expansion with no person/periodical signal	pwgbib-exact
DHARMAŚ.	book-work	default: bib expansion with no person/periodical signal	pwgbib-exact
DHYĀNAB. UP.	book-work	default: bib expansion with no person/periodical signal	no-bib-record
DHYĀNABINDŪP.	book-work	default: bib expansion with no person/periodical signal	pwgbib-exact
DHĀR.	book-work	default: bib expansion with no person/periodical signal	pwgbib-exact
DHĀRAṆĪSAṂGRAHA	book-work	default: bib expansion with no person/periodical signal	pwgbib-exact
DHĀT.	book-work	default: bib expansion with no person/periodical signal	pwgbib-exact
DHĀTUP.	book-work	default: bib expansion with no person/periodical signal	pwgbib-exact
DHĀTUPĀṬHA	book-work	default: bib expansion with no person/periodical signal	pwgbib-exact
DHĀTUVṚTTI	book-work	default: bib expansion with no person/periodical signal	pwgbib-exact
DHŪRTAS.	book-work	default: bib expansion with no person/periodical signal	pwgbib-exact
DHŪRTASAMĀGAMA	book-work	default: bib expansion with no person/periodical signal	no-bib-record
DIEZ, Etym. Wört. d. romanischen Sprachen	book-work	default: bib expansion with no person/periodical signal	pwgbib-prefix:DIEZ
DIEZ, Etym. Wört. der rom.	book-work	default: bib expansion with no person/periodical signal	pwgbib-prefix:DIEZ
DIEZ, Etym. Wört. der rom. Spr.	book-work	default: bib expansion with no person/periodical signal	pwgbib-prefix:DIEZ
DIVYA-AV.	book-work	default: bib expansion with no person/periodical signal	pwgbib-exact
DIVYAT.	book-work	default: bib expansion with no person/periodical signal	pwgbib-exact
DIVYĀV.	book-work	default: bib expansion with no person/periodical signal	pwgbib-exact
DIVYĀVAD.	book-work	default: bib expansion with no person/periodical signal	pwgbib-exact
DIVYĀVADĀNA	book-work	default: bib expansion with no person/periodical signal	pwgbib-exact
DOLĀYĀTRĀPADDHATI	book-work	default: bib expansion with no person/periodical signal	pwgbib-exact
DRAUP.	book-work	default: bib expansion with no person/periodical signal	pwgbib-exact
DRAVY.	book-work	default: bib expansion with no person/periodical signal	pwgbib-exact
DRAVYAGUṆA	book-work	default: bib expansion with no person/periodical signal	pwgbib-exact
DRAVYAR.	book-work	default: bib expansion with no person/periodical signal	pwgbib-exact
DRAVYARATNĀKARA	book-work	default: bib expansion with no person/periodical signal	pwgbib-exact
DRAVYĀBHIDHĀNA	book-work	default: bib expansion with no person/periodical signal	pwgbib-exact
DRĀHY.	book-work	default: bib expansion with no person/periodical signal	pwgbib-exact
DURGA	book-work	default: bib expansion with no person/periodical signal	pwgbib-exact
DURGAS.	book-work	default: bib expansion with no person/periodical signal	pwgbib-exact
DURGAṬĪKĀṬIPPANI	book-work	default: bib expansion with no person/periodical signal	pwgbib-exact
DURGOTSAVAPADDH.	book-work	default: bib expansion with no person/periodical signal	pwgbib-exact
DURGOTSAVAPADDHATI	book-work	default: bib expansion with no person/periodical signal	pwgbib-exact
DURGOTSAVAPRAYOGA	book-work	default: bib expansion with no person/periodical signal	no-bib-record
DURGĀCĀRYA	book-work	default: bib expansion with no person/periodical signal	pwgbib-exact
DURGĀD.	book-work	default: bib expansion with no person/periodical signal	pwgbib-exact
DURGĀDĀSA	book-work	default: bib expansion with no person/periodical signal	pwgbib-exact
DURGĀNĀMASAHASRASTOTRA	book-work	default: bib expansion with no person/periodical signal	pwgbib-exact
DURGĀRCĀT.	book-work	default: bib expansion with no person/periodical signal	pwgbib-exact
DURGĀSTAVA	book-work	default: bib expansion with no person/periodical signal	pwgbib-exact
DVIRŪP.	book-work	default: bib expansion with no person/periodical signal	pwgbib-exact
DVIRŪPAK.	book-work	default: bib expansion with no person/periodical signal	pwgbib-exact
DVIV.	book-work	default: bib expansion with no person/periodical signal	pwgbib-exact
DVIVED.	person-author	person descriptor in tooltip	pwgbib-exact
DVIVEDA	book-work	default: bib expansion with no person/periodical signal	no-bib-record
DVIVEDAG.	book-work	default: bib expansion with no person/periodical signal	pwgbib-exact
DVYARTHODBHAṬAKĀVYA	book-work	default: bib expansion with no person/periodical signal	pwgbib-exact
DVĀVIṂŚATYAVAD.	book-work	default: bib expansion with no person/periodical signal	pwgbib-exact
DVĀVIṂŚATYAVADĀNAKA	book-work	default: bib expansion with no person/periodical signal	no-bib-record
Die Wurzeln des Altsl.	person-western?	Latin-script surname pattern	no-bib-record
Die Wurzeln des Altslovenischen	person-western?	Latin-script surname pattern	no-bib-record
Dr. H. KERN	person-western?	Latin-script surname pattern	pwgbib-exact
DĀMODARA	book-work	default: bib expansion with no person/periodical signal	pwgbib-exact
DĀNADHARMA	book-work	default: bib expansion with no person/periodical signal	pwgbib-exact
DĀNASĀGARA	book-work	default: bib expansion with no person/periodical signal	pwgbib-exact
DĀY.	book-work	default: bib expansion with no person/periodical signal	pwgbib-exact
DĀYAB.	book-work	default: bib expansion with no person/periodical signal	pwgbib-exact
DĀYABH.	book-work	default: bib expansion with no person/periodical signal	pwgbib-exact
DĀYAKRAM.	book-work	default: bib expansion with no person/periodical signal	pwgbib-exact
DĀYAKRAMAS.	book-work	default: bib expansion with no person/periodical signal	pwgbib-exact
DĀYAT.	book-work	default: bib expansion with no person/periodical signal	pwgbib-exact
DĪP.	book-work	default: bib expansion with no person/periodical signal	pwgbib-exact
DĪPIKĀ	book-work	default: bib expansion with no person/periodical signal	pwgbib-exact
DṚṢṬĀNTAŚ.	book-work	default: bib expansion with no person/periodical signal	pwgbib-exact
EKĀDAŚĪTATTVA	book-work	default: bib expansion with no person/periodical signal	pwgbib-exact
EKĀKṢARAK.	book-work	default: bib expansion with no person/periodical signal	pwgbib-exact
EKĀKṢARAKOŚA	book-work	default: bib expansion with no person/periodical signal	pwgbib-exact
EKĀKṢARAKOṢA	book-work	default: bib expansion with no person/periodical signal	pwgbib-exact
EKĀKṢARĀBHIDHĀNA	book-work	default: bib expansion with no person/periodical signal	pwgbib-exact
EKĀRTHASAṂGRAHA	book-work	default: bib expansion with no person/periodical signal	pwgbib-exact
ELLIOT	book-work	default: bib expansion with no person/periodical signal	pwgbib-exact
ERNST KUHN, KACCĀYANAPPAKARAṆAE Specimen	book-work	default: bib expansion with no person/periodical signal	pwgbib-prefix:ERNST KUHN
ERNST WINDISCH	book-work	default: bib expansion with no person/periodical signal	pwgbib-exact
Ebend.	person-western?	Latin-script surname pattern	no-bib-record
Eingang zum ṚV. PRĀT.	book-work	default: bib expansion with no person/periodical signal	no-bib-record
Einl. z. ṚV.	book-work	default: bib expansion with no person/periodical signal	no-bib-record
Einl. zu AIT. BR.	person-western?	Latin-script surname pattern	no-bib-record
Einl. zu AV. PRĀT.	book-work	default: bib expansion with no person/periodical signal	no-bib-record
Einl. zu BHĀG. P.	book-work	default: bib expansion with no person/periodical signal	no-bib-record
Einl. zu BṚH. ĀR. UP.	book-work	default: bib expansion with no person/periodical signal	no-bib-record
Einl. zu CAURAP.	person-western?	Latin-script surname pattern	no-bib-record
Einl. zu DAŚAK.	book-work	default: bib expansion with no person/periodical signal	no-bib-record
Einl. zu DAŚAR.	book-work	default: bib expansion with no person/periodical signal	no-bib-record
Einl. zu GĪT.	book-work	default: bib expansion with no person/periodical signal	no-bib-record
Einl. zu JAIM.	person-western?	Latin-script surname pattern	no-bib-record
Einl. zu KAUṢ. UP.	book-work	default: bib expansion with no person/periodical signal	no-bib-record
Einl. zu KAṆ.	book-work	default: bib expansion with no person/periodical signal	no-bib-record
Einl. zu MAHĀBH.	book-work	default: bib expansion with no person/periodical signal	no-bib-record
Einl. zu MṚCCH.	book-work	default: bib expansion with no person/periodical signal	no-bib-record
Einl. zu NAIGH.	person-western?	Latin-script surname pattern	no-bib-record
Einl. zu NIR.	person-western?	Latin-script surname pattern	no-bib-record
Einl. zu NYĀYA-S.	book-work	default: bib expansion with no person/periodical signal	no-bib-record
Einl. zu P.	person-western?	Latin-script surname pattern	no-bib-record
BOEHTL., Einl. zu P.	book-work	default: bib expansion with no person/periodical signal	pwgbib-prefix:BOEHTL.
Einl. zu SV.	person-western?	Latin-script surname pattern	no-bib-record
Einl. zu SĀṂKHYAPR.	book-work	default: bib expansion with no person/periodical signal	no-bib-record
Einl. zu SŪRYAS.	book-work	default: bib expansion with no person/periodical signal	no-bib-record
Einl. zu TAITT. ĀR.	book-work	default: bib expansion with no person/periodical signal	no-bib-record
Einl. zu UṆĀDIS.	book-work	default: bib expansion with no person/periodical signal	no-bib-record
Einl. zu VARĀH. BṚH. S.	book-work	default: bib expansion with no person/periodical signal	no-bib-record
Einl. zu VP.	person-western?	Latin-script surname pattern	no-bib-record
Einl. zu VS.	person-western?	Latin-script surname pattern	no-bib-record
Einl. zu VĀMANA	book-work	default: bib expansion with no person/periodical signal	no-bib-record
Einl. zu VĀSAV.	book-work	default: bib expansion with no person/periodical signal	no-bib-record
Einl. zu VĀSAVAD.	book-work	default: bib expansion with no person/periodical signal	no-bib-record
Einl. zu YĀJÑ.	book-work	default: bib expansion with no person/periodical signal	no-bib-record
Einl. zu ŚĀK.	book-work	default: bib expansion with no person/periodical signal	no-bib-record
Einl. zu ṚV.	book-work	default: bib expansion with no person/periodical signal	no-bib-record
Einl. zu ṚV. PRĀT.	book-work	default: bib expansion with no person/periodical signal	no-bib-record
Einl. zum AIT. BR.	person-western?	Latin-script surname pattern	no-bib-record
Einl. zum DHĀTUP.	book-work	default: bib expansion with no person/periodical signal	no-bib-record
Einl. zum NIR.	person-western?	Latin-script surname pattern	no-bib-record
Einl. zum SV.	person-western?	Latin-script surname pattern	no-bib-record
Einl. zum ṚV.	book-work	default: bib expansion with no person/periodical signal	no-bib-record
Einl. zum ṚV. PRĀT.	book-work	default: bib expansion with no person/periodical signal	no-bib-record
Einl. zur 1sten Ausgabe des Wörterb.	person-western?	Latin-script surname pattern	no-bib-record
Einl. zur 1ten Ausg. d. Wört.	person-western?	Latin-script surname pattern	no-bib-record
Einl. zur 1ten Ausg. des Wörterbuchs	person-western?	Latin-script surname pattern	no-bib-record
Erklärern zu AK.	person-western?	Latin-script surname pattern	no-bib-record
Erll. zu NIR.	person-western?	Latin-script surname pattern	no-bib-record
Erll. zum NIR.	person-western?	Latin-script surname pattern	no-bib-record
Erll. zum NIRUKTA	person-western?	Latin-script surname pattern	no-bib-record
F. NEVEʼs Essay sur le mythe des Ribhavas	book-work	default: bib expansion with no person/periodical signal	no-bib-record
FOE-KOUE-KI	book-work	default: bib expansion with no person/periodical signal	pwgbib-exact
FOUCAUX	book-work	default: bib expansion with no person/periodical signal	pwgbib-exact
FOUCAUXʼs Uebersetzung	book-work	default: bib expansion with no person/periodical signal	pwgbib-prefix:FOUCAUX
FRITZE	book-work	default: bib expansion with no person/periodical signal	pwgbib-exact
G. BÜHLER	book-work	default: bib expansion with no person/periodical signal	pwgbib-exact
GADYARĀM.	book-work	default: bib expansion with no person/periodical signal	pwgbib-exact
GADĀDHARA	book-work	default: bib expansion with no person/periodical signal	pwgbib-exact
GADĀDHARABHAṬṬĀCĀRYA	book-work	default: bib expansion with no person/periodical signal	pwgbib-exact
GANARATNAM.	book-work	default: bib expansion with no person/periodical signal	pwgbib-exact
GARBHOP.	book-work	default: bib expansion with no person/periodical signal	pwgbib-exact
GARBHOPAN.	book-work	default: bib expansion with no person/periodical signal	pwgbib-exact
GARGA	book-work	default: bib expansion with no person/periodical signal	pwgbib-exact
GARUḌA-P.	book-work	default: bib expansion with no person/periodical signal	pwgbib-exact
GARUḌA-P., PRETAKALPA	book-work	default: bib expansion with no person/periodical signal	pwgbib-prefix:GARUḌA-P.
GAUNARDA	book-work	default: bib expansion with no person/periodical signal	pwgbib-exact
GAURAGAṆODDEŚA	book-work	default: bib expansion with no person/periodical signal	pwgbib-exact
GAURĪ	book-work	default: bib expansion with no person/periodical signal	pwgbib-exact
GAUTAMA	book-work	default: bib expansion with no person/periodical signal	pwgbib-exact
GAUTAMĪYATANTRA	book-work	default: bib expansion with no person/periodical signal	pwgbib-exact
GAUḌA	book-work	default: bib expansion with no person/periodical signal	pwgbib-exact
GAUḌAP.	person-author	person descriptor in tooltip	pwgbib-exact
GAUḌAPĀDA	book-work	default: bib expansion with no person/periodical signal	pwgbib-exact
GAYĀM.	book-work	default: bib expansion with no person/periodical signal	pwgbib-exact
GAYĀMĀHĀTMYA	book-work	default: bib expansion with no person/periodical signal	pwgbib-exact
GAṄGEŚOPĀDHYĀYA	book-work	default: bib expansion with no person/periodical signal	pwgbib-exact
GAṄGĀMĀH.	book-work	default: bib expansion with no person/periodical signal	pwgbib-exact
GAṄGĀPRAÑĀMAMANTRA	book-work	default: bib expansion with no person/periodical signal	pwgbib-exact
GAṄGĀSTOTRA	book-work	default: bib expansion with no person/periodical signal	pwgbib-exact
GAṆABHEDA	book-work	default: bib expansion with no person/periodical signal	pwgbib-exact
GAṆAPATIMUHŪRTA	book-work	default: bib expansion with no person/periodical signal	pwgbib-exact
GAṆAR.	book-work	default: bib expansion with no person/periodical signal	pwgbib-exact
GAṆARATN.	book-work	default: bib expansion with no person/periodical signal	pwgbib-exact
GAṆARATNAM.	book-work	default: bib expansion with no person/periodical signal	pwgbib-exact
GAṆARATNAMAH.	book-work	default: bib expansion with no person/periodical signal	pwgbib-exact
GAṆEŚA-P.	book-work	default: bib expansion with no person/periodical signal	pwgbib-exact
GAṆEŚOPAP.	book-work	default: bib expansion with no person/periodical signal	pwgbib-exact
GAṆIT. ADHIMĀS.	book-work	default: bib expansion with no person/periodical signal	pwgbib-prefix:GAṆIT.
GAṆIT. BHAGAṆ.	book-work	default: bib expansion with no person/periodical signal	pwgbib-prefix:GAṆIT.
GAṆIT. BHAGAṆĀDH.	book-work	default: bib expansion with no person/periodical signal	pwgbib-prefix:GAṆIT.
GAṆIT. BHAGRAHAY.	book-work	default: bib expansion with no person/periodical signal	pwgbib-prefix:GAṆIT.
GAṆIT. BHAGRAHAYUTYADH.	book-work	default: bib expansion with no person/periodical signal	pwgbib-prefix:GAṆIT.
GAṆIT. CANDRAGR.	book-work	default: bib expansion with no person/periodical signal	pwgbib-prefix:GAṆIT.
GAṆIT. CANDRAGRAHAṆĀDHY.	book-work	default: bib expansion with no person/periodical signal	pwgbib-prefix:GAṆIT.
GAṆIT. GRAHACCH.	book-work	default: bib expansion with no person/periodical signal	pwgbib-prefix:GAṆIT.
GAṆIT. GRAHACCHĀY.	book-work	default: bib expansion with no person/periodical signal	pwgbib-prefix:GAṆIT.
GAṆIT. GRAHACCHĀYĀDH.	book-work	default: bib expansion with no person/periodical signal	pwgbib-prefix:GAṆIT.
GAṆIT. GRAHAYUTY.	book-work	default: bib expansion with no person/periodical signal	pwgbib-prefix:GAṆIT.
GAṆIT. GRAHĀNAY.	book-work	default: bib expansion with no person/periodical signal	pwgbib-prefix:GAṆIT.
GAṆIT. GRAHĀNAYAN.	book-work	default: bib expansion with no person/periodical signal	pwgbib-prefix:GAṆIT.
GAṆIT. GRAHĀNAYANĀDH.	book-work	default: bib expansion with no person/periodical signal	pwgbib-prefix:GAṆIT.
GAṆIT. KAKṢĀDHY.	book-work	default: bib expansion with no person/periodical signal	pwgbib-prefix:GAṆIT.
GAṆIT. KĀLAM.	book-work	default: bib expansion with no person/periodical signal	pwgbib-prefix:GAṆIT.
GAṆIT. KĀLAMĀN.	book-work	default: bib expansion with no person/periodical signal	pwgbib-prefix:GAṆIT.
GAṆIT. MADHYAM.	book-work	default: bib expansion with no person/periodical signal	pwgbib-prefix:GAṆIT.
GAṆIT. MADHYAMĀDH.	book-work	default: bib expansion with no person/periodical signal	pwgbib-prefix:GAṆIT.
GAṆIT. PRATYABDAŚ.	book-work	default: bib expansion with no person/periodical signal	pwgbib-prefix:GAṆIT.
GAṆIT. PĀTĀDH.	book-work	default: bib expansion with no person/periodical signal	pwgbib-prefix:GAṆIT.
GAṆIT. SPAṢṬ.	book-work	default: bib expansion with no person/periodical signal	pwgbib-prefix:GAṆIT.
GAṆIT. SPAṢṬĀDH.	book-work	default: bib expansion with no person/periodical signal	pwgbib-prefix:GAṆIT.
GAṆIT. SŪRYAGR.	book-work	default: bib expansion with no person/periodical signal	pwgbib-prefix:GAṆIT.
GAṆIT. SŪRYAGRAH.	book-work	default: bib expansion with no person/periodical signal	pwgbib-prefix:GAṆIT.
GAṆIT. TRIPR.	book-work	default: bib expansion with no person/periodical signal	pwgbib-prefix:GAṆIT.
GAṆIT. TRIPRAŚN.	book-work	default: bib expansion with no person/periodical signal	pwgbib-prefix:GAṆIT.
GAṆIT. ŚṚṄGONN.	book-work	default: bib expansion with no person/periodical signal	pwgbib-prefix:GAṆIT.
GAṆIT. ŚṚṄGONNATY.	book-work	default: bib expansion with no person/periodical signal	pwgbib-prefix:GAṆIT.
GAṆIT. ŚṚṄGONNATYADH.	book-work	default: bib expansion with no person/periodical signal	pwgbib-prefix:GAṆIT.
GAṆITĀDHY.	book-work	default: bib expansion with no person/periodical signal	pwgbib-exact
GAṆITĀDHY. BHAGAṆĀDHY.	book-work	default: bib expansion with no person/periodical signal	pwgbib-prefix:GAṆITĀDHY.
GAṆITĀDHY. BHAGRAHAYUTI	book-work	default: bib expansion with no person/periodical signal	pwgbib-prefix:GAṆITĀDHY.
GAṆITĀDHY. BHAGRAHAYUTYADHY.	book-work	default: bib expansion with no person/periodical signal	pwgbib-prefix:GAṆITĀDHY.
GAṆITĀDHY. PRATYABDAŚ.	book-work	default: bib expansion with no person/periodical signal	pwgbib-prefix:GAṆITĀDHY.
GAṆITĀDHY. TRIPRAŚNĀDHY.	book-work	default: bib expansion with no person/periodical signal	pwgbib-prefix:GAṆITĀDHY.
GAṆITĀDHY. UDAY.	book-work	default: bib expansion with no person/periodical signal	pwgbib-exact
GHAṬ.	book-work	default: bib expansion with no person/periodical signal	pwgbib-exact
GILD.	book-work	default: bib expansion with no person/periodical signal	pwgbib-exact
GILDEMEISTER	book-work	default: bib expansion with no person/periodical signal	pwgbib-exact
GILD. Bibl.	book-work	default: bib expansion with no person/periodical signal	pwgbib-exact
GILD. De rebus indicis etc.	book-work	default: bib expansion with no person/periodical signal	pwgbib-prefix:GILD.
GILD. Scriptorum Arabum etc.	book-work	default: bib expansion with no person/periodical signal	pwgbib-prefix:GILD.
GOBH.	journal-periodical	periodical keyword in tooltip	pwgbib-exact
GOBHILA	book-work	default: bib expansion with no person/periodical signal	pwgbib-prefix:GOBH
GOBH. BR.	journal-periodical	periodical keyword in tooltip	pwgbib-prefix:GOBH.
GOLD.	book-work	default: bib expansion with no person/periodical signal	pwgbib-exact
GOLDST.	book-work	default: bib expansion with no person/periodical signal	pwgbib-exact
GOLDSTÜCKER	book-work	default: bib expansion with no person/periodical signal	pwgbib-exact
GOLD. MĀN.	book-work	default: bib expansion with no person/periodical signal	pwgbib-exact
GOLDST. MĀN.	book-work	default: bib expansion with no person/periodical signal	pwgbib-prefix:GOLDST.
GOLDSTÜCKER, MĀN.	book-work	default: bib expansion with no person/periodical signal	pwgbib-prefix:GOLDSTÜCKER
GOLD. Wörterb.	book-work	default: bib expansion with no person/periodical signal	pwgbib-prefix:GOLD.
GOLĀDH.	book-work	default: bib expansion with no person/periodical signal	pwgbib-exact
GOLĀDHY.	book-work	default: bib expansion with no person/periodical signal	pwgbib-exact
GOLĀDHY. Anf.	book-work	default: bib expansion with no person/periodical signal	pwgbib-prefix:GOLĀDHY.
GOL. BHUVANAK.	book-work	default: bib expansion with no person/periodical signal	pwgbib-exact
GOLĀDHY. BHUVANAK.	book-work	default: bib expansion with no person/periodical signal	pwgbib-exact
GOL. CHEDYAK.	book-work	default: bib expansion with no person/periodical signal	no-bib-record
GOL. GOLAB.	book-work	default: bib expansion with no person/periodical signal	pwgbib-exact
GOLĀDHY. GOLAB.	book-work	default: bib expansion with no person/periodical signal	pwgbib-prefix:GOLĀDHY.
GOL. GRAHAṆAV.	book-work	default: bib expansion with no person/periodical signal	pwgbib-exact
GOL. TRIPR.	book-work	default: bib expansion with no person/periodical signal	pwgbib-exact
GOL. TRIPRAŚNAV.	book-work	default: bib expansion with no person/periodical signal	pwgbib-exact
GOLĀDHY. TRIPRAŚNAV.	book-work	default: bib expansion with no person/periodical signal	pwgbib-prefix:GOLĀDHY.
GOLĀDH. DṚKK.	book-work	default: bib expansion with no person/periodical signal	pwgbib-prefix:GOLĀDH.
GOLĀDHY. DṚKK.	book-work	default: bib expansion with no person/periodical signal	pwgbib-prefix:GOLĀDHY.
GOLĀDHY. DṚKKARM.	book-work	default: bib expansion with no person/periodical signal	pwgbib-prefix:GOLĀDHY.
GOLĀDHY. GOLASVAR.	book-work	default: bib expansion with no person/periodical signal	pwgbib-prefix:GOLĀDHY.
GOLĀDHY. GRAHAṆAV.	book-work	default: bib expansion with no person/periodical signal	pwgbib-prefix:GOLĀDHY.
GOLĀDHY. MADHYAG.	book-work	default: bib expansion with no person/periodical signal	pwgbib-prefix:GOLĀDHY.
GOLĀDHY. SPHUṬAGATIV.	book-work	default: bib expansion with no person/periodical signal	pwgbib-exact
GOLĀDH. YANTRĀDH.	book-work	default: bib expansion with no person/periodical signal	pwgbib-prefix:GOLĀDH.
GOLĀDHY. YANTR.	book-work	default: bib expansion with no person/periodical signal	pwgbib-prefix:GOLĀDHY.
GOLĀDHY. YANTRĀDH.	book-work	default: bib expansion with no person/periodical signal	pwgbib-prefix:GOLĀDHY.
GOLĀDHY. YANTRĀDHY.	book-work	default: bib expansion with no person/periodical signal	pwgbib-prefix:GOLĀDHY.
GOLĀDHY. ŚṚṄGONNATIV.	book-work	default: bib expansion with no person/periodical signal	pwgbib-prefix:GOLĀDHY.
GOP.	book-work	default: bib expansion with no person/periodical signal	pwgbib-exact
GOP. BR.	book-work	default: bib expansion with no person/periodical signal	pwgbib-exact
GOPATHA-BR.	book-work	default: bib expansion with no person/periodical signal	pwgbib-exact
GOP. UTT.	book-work	default: bib expansion with no person/periodical signal	pwgbib-prefix:GOP.
GOPĀLATĀP.	book-work	default: bib expansion with no person/periodical signal	pwgbib-exact
GOPĀLATĀPANĪ	book-work	default: bib expansion with no person/periodical signal	pwgbib-exact
GOPĀLOPANIṢAD	book-work	default: bib expansion with no person/periodical signal	pwgbib-exact
GORRESIO	book-work	default: bib expansion with no person/periodical signal	pwgbib-exact
GOT.	book-work	default: bib expansion with no person/periodical signal	pwgbib-exact
GOTAMA	book-work	default: bib expansion with no person/periodical signal	pwgbib-exact
GOT. DH.	book-work	default: bib expansion with no person/periodical signal	pwgbib-exact
GOT. S.	book-work	default: bib expansion with no person/periodical signal	pwgbib-exact
GOVARDH. ĀRYĀS.	book-work	default: bib expansion with no person/periodical signal	pwgbib-exact
GOVARDHANA, ĀRYĀSAPT.	book-work	default: bib expansion with no person/periodical signal	pwgbib-prefix:GOVARDHANA
GOVARDHANA	book-work	default: bib expansion with no person/periodical signal	pwgbib-exact
GOVINDABH.	book-work	default: bib expansion with no person/periodical signal	pwgbib-exact
GOVINDAR.	book-work	default: bib expansion with no person/periodical signal	pwgbib-exact
GOVINDARĀJA	book-work	default: bib expansion with no person/periodical signal	pwgbib-exact
GOYĪCANDRA	book-work	default: bib expansion with no person/periodical signal	pwgbib-exact
GRAHALĀGHAVA	book-work	default: bib expansion with no person/periodical signal	pwgbib-exact
GRAHAYAJÑAT.	book-work	default: bib expansion with no person/periodical signal	pwgbib-exact
GRAHAYAJÑATATTVA	book-work	default: bib expansion with no person/periodical signal	pwgbib-exact
GRIMM	book-work	default: bib expansion with no person/periodical signal	pwgbib-exact
J. GRIMM	book-work	default: bib expansion with no person/periodical signal	pwgbib-exact
GRIMM, Gesch. der deutschen Sprache	book-work	default: bib expansion with no person/periodical signal	pwgbib-prefix:GRIMM
GRIMM, Wört.	book-work	default: bib expansion with no person/periodical signal	pwgbib-exact
GROHMANN	book-work	default: bib expansion with no person/periodical signal	pwgbib-exact
GUPTASĀDHANATANTRA	book-work	default: bib expansion with no person/periodical signal	no-bib-record
GUTSCHMID	book-work	default: bib expansion with no person/periodical signal	pwgbib-exact
GUṆARATNA	book-work	default: bib expansion with no person/periodical signal	pwgbib-exact
GUṆARATNAM.	book-work	default: bib expansion with no person/periodical signal	pwgbib-exact
Gel. Anzz. d. k. b. Ak. d. Ww.	journal-periodical	periodical keyword in tooltip	pwgbib-exact
Gött. gel. Anz.	person-western?	Latin-script surname pattern	pwgbib-exact
Gött. gel. Anzz.	person-western?	Latin-script surname pattern	pwgbib-exact
Göttinger gelehrten Anzeigen	person-western?	Latin-script surname pattern	no-bib-record
GĀLAVA	book-work	default: bib expansion with no person/periodical signal	pwgbib-exact
GĀRGI	book-work	default: bib expansion with no person/periodical signal	pwgbib-exact
GĀRGYA	book-work	default: bib expansion with no person/periodical signal	pwgbib-exact
GĀR. P.	book-work	default: bib expansion with no person/periodical signal	pwgbib-exact
GĀRUḌA-P.	book-work	default: bib expansion with no person/periodical signal	pwgbib-exact
GĀRUḌA-P., GAYĀMĀH.	book-work	default: bib expansion with no person/periodical signal	pwgbib-prefix:GĀRUḌA-P.
GĀYATRĪVYĀKHYĀ	book-work	default: bib expansion with no person/periodical signal	pwgbib-exact
GĪT.	book-work	default: bib expansion with no person/periodical signal	pwgbib-exact
GĪTAG.	book-work	default: bib expansion with no person/periodical signal	pwgbib-exact
GĪT. Einl.	book-work	default: bib expansion with no person/periodical signal	pwgbib-prefix:GĪT.
GĪT. LASS.	book-work	default: bib expansion with no person/periodical signal	pwgbib-prefix:GĪT.
GŪḌHĀRTHADĪPIKĀ	book-work	default: bib expansion with no person/periodical signal	pwgbib-exact
GṚHYAPADDH.	book-work	default: bib expansion with no person/periodical signal	pwgbib-exact
GṚHYAS.	book-work	default: bib expansion with no person/periodical signal	pwgbib-exact
GṚHYASAṂGR.	book-work	default: bib expansion with no person/periodical signal	pwgbib-exact
H.	book-work	default: bib expansion with no person/periodical signal	pwgbib-exact
H. an.	book-work	default: bib expansion with no person/periodical signal	pwgbib-exact
H. ś.	book-work	default: bib expansion with no person/periodical signal	pwgbib-exact
HEM. ś.	book-work	default: bib expansion with no person/periodical signal	pwgbib-prefix:HEM.
H. v. RHEEDE, Hortus Indicus Malabaricus	book-work	default: bib expansion with no person/periodical signal	pwgbib-exact
HAAS	book-work	default: bib expansion with no person/periodical signal	pwgbib-exact
HAEB.	book-work	default: bib expansion with no person/periodical signal	pwgbib-exact
HAEB. Anth.	book-work	default: bib expansion with no person/periodical signal	pwgbib-exact
HAEB. Anthol.	book-work	default: bib expansion with no person/periodical signal	pwgbib-exact
HAEB. Chr.	book-work	default: bib expansion with no person/periodical signal	pwgbib-prefix:HAEB.
HAEB. Chrest.	book-work	default: bib expansion with no person/periodical signal	pwgbib-exact
HALL	book-work	default: bib expansion with no person/periodical signal	pwgbib-exact
F. E. HALL	book-work	default: bib expansion with no person/periodical signal	pwgbib-exact
HALL, DAŚAR. Einl.	book-work	default: bib expansion with no person/periodical signal	pwgbib-prefix:HALL
HALL, Einl. zu DAŚAR.	book-work	default: bib expansion with no person/periodical signal	pwgbib-prefix:HALL
HALL, Introd.	book-work	default: bib expansion with no person/periodical signal	pwgbib-prefix:HALL
HALL, VĀSAVAD. Einl.	book-work	default: bib expansion with no person/periodical signal	pwgbib-prefix:HALL
HALL in der 2ten Aufl. von VP.	book-work	default: bib expansion with no person/periodical signal	pwgbib-prefix:HALL
HALĀY.	book-work	default: bib expansion with no person/periodical signal	pwgbib-exact
HALĀY. Ind.	book-work	default: bib expansion with no person/periodical signal	pwgbib-prefix:HALĀY.
HALĀYUDHA	book-work	default: bib expansion with no person/periodical signal	no-bib-record
HANUMANT	book-work	default: bib expansion with no person/periodical signal	pwgbib-exact
HANUMATSTOTRA	book-work	default: bib expansion with no person/periodical signal	pwgbib-exact
HARADATTA	book-work	default: bib expansion with no person/periodical signal	pwgbib-exact
HARADĀSA	book-work	default: bib expansion with no person/periodical signal	pwgbib-exact
HARAVILĀSA	book-work	default: bib expansion with no person/periodical signal	pwgbib-exact
HARISV.	person-author	person descriptor in tooltip	pwgbib-exact
HARISVĀMIN	book-work	default: bib expansion with no person/periodical signal	pwgbib-exact
HARIV.	book-work	default: bib expansion with no person/periodical signal	pwgbib-exact
HARIV. LANGL.	book-work	default: bib expansion with no person/periodical signal	pwgbib-prefix:HARIV.
HARIV. lith. Ausg.	book-work	default: bib expansion with no person/periodical signal	pwgbib-prefix:HARIV.
HARṢACAR.	book-work	default: bib expansion with no person/periodical signal	pwgbib-exact
HARṢACARITA	book-work	default: bib expansion with no person/periodical signal	pwgbib-exact
HAUG	book-work	default: bib expansion with no person/periodical signal	pwgbib-exact
HAUG, AIT. BR.	book-work	default: bib expansion with no person/periodical signal	pwgbib-prefix:HAUG
HAUG, Essays	book-work	default: bib expansion with no person/periodical signal	pwgbib-exact
HAUGHT.	book-work	default: bib expansion with no person/periodical signal	pwgbib-exact
HAUGHTON	book-work	default: bib expansion with no person/periodical signal	pwgbib-exact
HAUGHTON, A Dict. BENG. and S.	book-work	default: bib expansion with no person/periodical signal	pwgbib-exact
HAḌḌA	book-work	default: bib expansion with no person/periodical signal	pwgbib-exact
HAḌḌAC.	book-work	default: bib expansion with no person/periodical signal	pwgbib-exact
HAḌḌACANDRA	book-work	default: bib expansion with no person/periodical signal	pwgbib-exact
HAṬṬAC.	book-work	default: bib expansion with no person/periodical signal	pwgbib-exact
HAṬṬACANDRA	book-work	default: bib expansion with no person/periodical signal	pwgbib-exact
HAṂSANĀDOP.	book-work	default: bib expansion with no person/periodical signal	pwgbib-exact
HEM.	book-work	default: bib expansion with no person/periodical signal	pwgbib-exact
HEMACANDRA	book-work	default: bib expansion with no person/periodical signal	pwgbib-exact
HEMAC.	book-work	default: bib expansion with no person/periodical signal	pwgbib-exact
HEM. DEŚĪN.	book-work	default: bib expansion with no person/periodical signal	pwgbib-prefix:HEM.
HEM. YOGAŚ.	book-work	default: bib expansion with no person/periodical signal	pwgbib-prefix:HEM.
HEMĀDRI	book-work	default: bib expansion with no person/periodical signal	pwgbib-exact
HEMĀDRĪYAVRATAKHAṆḌA	book-work	default: bib expansion with no person/periodical signal	pwgbib-exact
HERM. JACOBI	book-work	default: bib expansion with no person/periodical signal	no-bib-record
HEROD.	book-work	default: bib expansion with no person/periodical signal	pwgbib-exact
HESSLER	book-work	default: bib expansion with no person/periodical signal	pwgbib-exact
HIOUEN-THSANG	book-work	default: bib expansion with no person/periodical signal	pwgbib-exact
HIOUENTHSANG	book-work	default: bib expansion with no person/periodical signal	pwgbib-exact
HIT.	book-work	default: bib expansion with no person/periodical signal	pwgbib-exact
HIT. JOHNS.	book-work	default: bib expansion with no person/periodical signal	pwgbib-prefix:HIT.
HIT. ed. JOHNS.	book-work	default: bib expansion with no person/periodical signal	pwgbib-exact
HIT. LASS.	book-work	default: bib expansion with no person/periodical signal	pwgbib-prefix:HIT.
HIT. SCHL.	book-work	default: bib expansion with no person/periodical signal	pwgbib-prefix:HIT.
HIT. ed. SCHL.	book-work	default: bib expansion with no person/periodical signal	pwgbib-exact
HIT. ed. MÜLL.	book-work	default: bib expansion with no person/periodical signal	pwgbib-exact
HIT. ed. MÜLLER	book-work	default: bib expansion with no person/periodical signal	pwgbib-prefix:HIT.
HIT. ed. ŚRĪR.	book-work	default: bib expansion with no person/periodical signal	pwgbib-prefix:HIT.
HIT. Pr.	book-work	default: bib expansion with no person/periodical signal	pwgbib-exact
H. Pr.	book-work	default: bib expansion with no person/periodical signal	pwgbib-prefix:H.
HIḌ.	book-work	default: bib expansion with no person/periodical signal	pwgbib-exact
HOEFER, Sanskrit-Lesebuch	book-work	default: bib expansion with no person/periodical signal	pwgbib-exact
HOEFER, Vom Infinitiv	book-work	default: bib expansion with no person/periodical signal	pwgbib-prefix:HOEFER
HOEFER, Z. f. d. W. d. Sprache	book-work	default: bib expansion with no person/periodical signal	pwgbib-prefix:HOEFER
HÖFER, Leseb.	book-work	default: bib expansion with no person/periodical signal	pwgbib-exact
HOM.	book-work	default: bib expansion with no person/periodical signal	pwgbib-exact
HOMER	book-work	default: bib expansion with no person/periodical signal	pwgbib-exact
HOMERʼs ILIAD	book-work	default: bib expansion with no person/periodical signal	pwgbib-prefix:HOMER
IL.	book-work	default: bib expansion with no person/periodical signal	pwgbib-exact
HORĀŚ.	book-work	default: bib expansion with no person/periodical signal	pwgbib-exact
Halleʼsche Allg. Lit. Zeit.	person-western?	Latin-script surname pattern	no-bib-record
Hindu Th.	person-western?	Latin-script surname pattern	pwgbib-exact
Hist. de HIOUEN-THSANG	person-western?	Latin-script surname pattern	no-bib-record
Hist. de la vie de HIOUEN-THSANG	person-western?	Latin-script surname pattern	pwgbib-exact
Hist. of MED.	person-western?	Latin-script surname pattern	no-bib-record
History of the Sect of Mahārājas u. s. w.	person-western?	Latin-script surname pattern	no-bib-record
Hort. Beng.	person-western?	Latin-script surname pattern	pwgbib-exact
Hort. beng.	person-western?	Latin-script surname pattern	pwgbib-exact
HĀLA	book-work	default: bib expansion with no person/periodical signal	pwgbib-exact
HĀLA Anh.	book-work	default: bib expansion with no person/periodical signal	pwgbib-prefix:HĀLA
HĀLAY.	book-work	default: bib expansion with no person/periodical signal	pwgbib-prefix:HĀLA
HĀR.	book-work	default: bib expansion with no person/periodical signal	pwgbib-exact
HĀRĀVALĪ	book-work	default: bib expansion with no person/periodical signal	pwgbib-exact
HĀRĪTA	book-work	default: bib expansion with no person/periodical signal	pwgbib-exact
HĀSYĀRṆAVAN.	book-work	default: bib expansion with no person/periodical signal	pwgbib-exact
HṚD.	book-work	default: bib expansion with no person/periodical signal	pwgbib-exact
HṚDAYAD.	book-work	default: bib expansion with no person/periodical signal	pwgbib-exact
HṚDAYADĪPA	book-work	default: bib expansion with no person/periodical signal	pwgbib-exact
IBN HAUQAL	book-work	default: bib expansion with no person/periodical signal	no-bib-record
INDR.	book-work	default: bib expansion with no person/periodical signal	pwgbib-exact
INDRAL.	book-work	default: bib expansion with no person/periodical signal	pwgbib-exact
ITIH.	book-work	default: bib expansion with no person/periodical signal	pwgbib-exact
ITIHĀSA	book-work	default: bib expansion with no person/periodical signal	pwgbib-exact
Ind. Antiq.	person-western?	Latin-script surname pattern	pwgbib-exact
Ind. Bibl.	person-western?	Latin-script surname pattern	pwgbib-exact
Ind. Lit.	person-western?	Latin-script surname pattern	pwgbib-exact
Ind. St.	person-western?	Latin-script surname pattern	pwgbib-exact
Index	person-western?	Latin-script surname pattern	no-bib-record
Ind. des KANDJUR	person-western?	Latin-script surname pattern	pwgbib-prefix:Ind.
Index des KANDJUR	person-western?	Latin-script surname pattern	no-bib-record
Ind. zu HALĀY.	book-work	default: bib expansion with no person/periodical signal	pwgbib-prefix:Ind.
Ind. zum HALĀY.	book-work	default: bib expansion with no person/periodical signal	pwgbib-prefix:Ind.
Index zu HALĀY.	book-work	default: bib expansion with no person/periodical signal	no-bib-record
Index zum HALĀY.	book-work	default: bib expansion with no person/periodical signal	no-bib-record
Ind. zu P.	person-western?	Latin-script surname pattern	pwgbib-prefix:Ind.
Ind. zu TRIK.	person-western?	Latin-script surname pattern	pwgbib-prefix:Ind.
Ind. zum TRIK.	person-western?	Latin-script surname pattern	pwgbib-prefix:Ind.
Index zum TRIK.	person-western?	Latin-script surname pattern	no-bib-record
Ind. zu UṆĀDIS.	book-work	default: bib expansion with no person/periodical signal	pwgbib-prefix:Ind.
IṢṬAKĀPŪRAṆA	book-work	default: bib expansion with no person/periodical signal	pwgbib-exact
J. R. As. S.	book-work	default: bib expansion with no person/periodical signal	pwgbib-exact
J. A. S. n. s.	book-work	default: bib expansion with no person/periodical signal	pwgbib-prefix:J.
As. J. new s.	person-western?	Latin-script surname pattern	pwgbib-prefix:As. J. new
J. R. As. S. Lond. N. S.	book-work	default: bib expansion with no person/periodical signal	pwgbib-prefix:J. R. As. S.
J. Am. Or. Soc.	journal-periodical	periodical keyword in tooltip	pwgbib-exact
J. MUIR	book-work	default: bib expansion with no person/periodical signal	pwgbib-exact
JAGADDH.	book-work	default: bib expansion with no person/periodical signal	pwgbib-exact
JAGADDHARA	book-work	default: bib expansion with no person/periodical signal	pwgbib-exact
JAGADĪŚA	book-work	default: bib expansion with no person/periodical signal	pwgbib-exact
JAIM.	book-work	default: bib expansion with no person/periodical signal	pwgbib-exact
JAIM. BHĀR.	book-work	default: bib expansion with no person/periodical signal	pwgbib-exact
JAIM. BHĀR. ĀŚVAMEDHIKAPARVAN	book-work	default: bib expansion with no person/periodical signal	pwgbib-exact
JAIMINI	book-work	default: bib expansion with no person/periodical signal	pwgbib-exact
JAIMINIBH.	book-work	default: bib expansion with no person/periodical signal	pwgbib-exact
JAIMINIʼs BHĀR. ĀŚVAM.	book-work	default: bib expansion with no person/periodical signal	pwgbib-prefix:JAIMINI
JAIMINIʼs BHĀRATA	book-work	default: bib expansion with no person/periodical signal	pwgbib-prefix:JAIMINI
JALĀŚAYATATTVA	book-work	default: bib expansion with no person/periodical signal	pwgbib-exact
JANMĀṢṬAMĪVRATAKATHĀ	book-work	default: bib expansion with no person/periodical signal	pwgbib-exact
JAYADEVA	book-work	default: bib expansion with no person/periodical signal	pwgbib-exact
JAYARĀMA	book-work	default: bib expansion with no person/periodical signal	no-bib-record
JAYĀDITYA	book-work	default: bib expansion with no person/periodical signal	pwgbib-exact
JAṬĀDH.	book-work	default: bib expansion with no person/periodical signal	pwgbib-exact
JIRṆAMAÑJARI	book-work	default: bib expansion with no person/periodical signal	pwgbib-exact
JOHAENTGEN	book-work	default: bib expansion with no person/periodical signal	pwgbib-exact
JOHAENTGEN, Ueber d. Ges. des Manu	book-work	default: bib expansion with no person/periodical signal	pwgbib-prefix:JOHAENTGEN
JOHNS. Sel.	book-work	default: bib expansion with no person/periodical signal	pwgbib-exact
JOHNSON	book-work	default: bib expansion with no person/periodical signal	pwgbib-exact
JONES	book-work	default: bib expansion with no person/periodical signal	pwgbib-exact
JUMARAVYĀKARAṆA	book-work	default: bib expansion with no person/periodical signal	no-bib-record
JVĀLĀVALĪT.	book-work	default: bib expansion with no person/periodical signal	pwgbib-exact
JYOT.	book-work	default: bib expansion with no person/periodical signal	pwgbib-exact
JYOTIHSĀGARA	book-work	default: bib expansion with no person/periodical signal	pwgbib-exact
JYOTIHSĀRASAṂGRAHA	book-work	default: bib expansion with no person/periodical signal	pwgbib-exact
JYOTIḤŚĀSTRA	book-work	default: bib expansion with no person/periodical signal	pwgbib-exact
JYOTIṢ.	book-work	default: bib expansion with no person/periodical signal	no-bib-record
JYOTIṢA	book-work	default: bib expansion with no person/periodical signal	pwgbib-exact
JYOTIṢAT.	book-work	default: bib expansion with no person/periodical signal	pwgbib-exact
JYOTIṢATATTVA	book-work	default: bib expansion with no person/periodical signal	pwgbib-exact
JYOTIṢMATĪ	book-work	default: bib expansion with no person/periodical signal	pwgbib-exact
Jahresb. d. d. m. G.	person-western?	Latin-script surname pattern	pwgbib-exact
Journ. As.	journal-periodical	periodical keyword in tooltip	pwgbib-case
Journ. R. As. S.	person-western?	Latin-script surname pattern	pwgbib-exact
Journ. R. As. S. new ser.	person-western?	Latin-script surname pattern	pwgbib-prefix:Journ. R. As. S.
Journ. as. 4 sér.	journal-periodical	periodical keyword in tooltip	pwgbib-prefix:Journ. as.
Journ. as. IV sér.	journal-periodical	periodical keyword in tooltip	pwgbib-prefix:Journ. as.
Journ. as. IV série	journal-periodical	periodical keyword in tooltip	pwgbib-prefix:Journ. as.
Journ. as. IVe série	journal-periodical	periodical keyword in tooltip	pwgbib-prefix:Journ. as.
Journ. asiat.	journal-periodical	periodical keyword in tooltip	pwgbib-exact
Journ. asiat. 4me sér.	journal-periodical	periodical keyword in tooltip	pwgbib-prefix:Journ. asiat.
Journ. asiat. IV sér.	journal-periodical	periodical keyword in tooltip	pwgbib-prefix:Journ. asiat.
Journ. asiat. IVe s.	journal-periodical	periodical keyword in tooltip	pwgbib-prefix:Journ. asiat.
Journ. asiat. IVe série	journal-periodical	periodical keyword in tooltip	pwgbib-prefix:Journ. asiat.
Journ. of the Am. Or. S.	journal-periodical	periodical keyword in tooltip	pwgbib-exact
Journ. of the As. S. of B.	person-western?	Latin-script surname pattern	pwgbib-exact
Journ. of the As. S. of Beng.	person-western?	Latin-script surname pattern	pwgbib-exact
Journ. of the As. Soc. of B.	person-western?	Latin-script surname pattern	pwgbib-exact
Journ. of the As. Soc. of Beng.	person-western?	Latin-script surname pattern	pwgbib-exact
Journ. of the As. Soc. of Bombay	person-western?	Latin-script surname pattern	pwgbib-exact
Journ. of the R. A. S.	person-western?	Latin-script surname pattern	pwgbib-exact
Journ. of the R. As. Soc.	person-western?	Latin-script surname pattern	pwgbib-exact
Journ. of the Roy. As. Soc. of Gr. Br. & Ir.	person-western?	Latin-script surname pattern	pwgbib-exact
JÑĀNABHAIRAVATANTRA	book-work	default: bib expansion with no person/periodical signal	pwgbib-exact
JÑĀNAKĀṆḌAŚEṢARAHASYA	book-work	default: bib expansion with no person/periodical signal	pwgbib-exact
JĀB. UP.	book-work	default: bib expansion with no person/periodical signal	pwgbib-exact
JĀBĀLA	book-work	default: bib expansion with no person/periodical signal	pwgbib-exact
JĀBĀLI	book-work	default: bib expansion with no person/periodical signal	pwgbib-exact
JĀBĀLOP.	book-work	default: bib expansion with no person/periodical signal	pwgbib-exact
JĀMBAVATIVIJAYAKĀVYA	book-work	default: bib expansion with no person/periodical signal	pwgbib-exact
JĀNAKĪHARAṆA	book-work	default: bib expansion with no person/periodical signal	pwgbib-exact
JĀTAKA	book-work	default: bib expansion with no person/periodical signal	pwgbib-exact
JĀTAKADĪPIKĀ	book-work	default: bib expansion with no person/periodical signal	pwgbib-exact
JĀTAKAMĀLĀ	book-work	default: bib expansion with no person/periodical signal	pwgbib-exact
JĀTARATNA	book-work	default: bib expansion with no person/periodical signal	pwgbib-exact
JĪVANMUKTIVIV.	book-work	default: bib expansion with no person/periodical signal	pwgbib-prefix:JĪVANMUKTIVIV
KAIV. UP.	book-work	default: bib expansion with no person/periodical signal	pwgbib-exact
KAIVALYAT.	book-work	default: bib expansion with no person/periodical signal	pwgbib-exact
KAIVALYATANTRA	book-work	default: bib expansion with no person/periodical signal	pwgbib-exact
KAIVALYOP.	book-work	default: bib expansion with no person/periodical signal	pwgbib-exact
KAIY.	book-work	default: bib expansion with no person/periodical signal	pwgbib-exact
KAIYAṬA	book-work	default: bib expansion with no person/periodical signal	pwgbib-exact
KAIYY.	book-work	default: bib expansion with no person/periodical signal	pwgbib-exact
KAIYYAṬA	book-work	default: bib expansion with no person/periodical signal	pwgbib-exact
KALHAṆA	book-work	default: bib expansion with no person/periodical signal	no-bib-record
KALIṄGA	book-work	default: bib expansion with no person/periodical signal	pwgbib-exact
KALKI-P.	book-work	default: bib expansion with no person/periodical signal	pwgbib-exact
KALPA	book-work	default: bib expansion with no person/periodical signal	pwgbib-exact
KALPADRUMĀV.	journal-periodical	periodical keyword in tooltip	pwgbib-exact
KALĀPA	book-work	default: bib expansion with no person/periodical signal	pwgbib-exact
KALĀPAVYĀKARAṆA	book-work	default: bib expansion with no person/periodical signal	pwgbib-prefix:KALĀPA
KALĀPAṬĪKĀVYĀKHYĀSĀRA	book-work	default: bib expansion with no person/periodical signal	pwgbib-exact
KAMRAN.	book-work	default: bib expansion with no person/periodical signal	no-bib-record
KANDJUR	book-work	default: bib expansion with no person/periodical signal	no-bib-record
KAP.	book-work	default: bib expansion with no person/periodical signal	pwgbib-exact
KAPILA	book-work	default: bib expansion with no person/periodical signal	pwgbib-exact
KAPILAS.	book-work	default: bib expansion with no person/periodical signal	pwgbib-exact
KAPIŚĀV.	book-work	default: bib expansion with no person/periodical signal	no-bib-record
KAPIŚĀVAD.	book-work	default: bib expansion with no person/periodical signal	pwgbib-exact
KAPIŚĀVADĀNA	book-work	default: bib expansion with no person/periodical signal	pwgbib-exact
KARKA	book-work	default: bib expansion with no person/periodical signal	pwgbib-exact
KARMALOCANA	book-work	default: bib expansion with no person/periodical signal	pwgbib-exact
KARMAPR.	book-work	default: bib expansion with no person/periodical signal	pwgbib-exact
KARMAPRAD.	book-work	default: bib expansion with no person/periodical signal	pwgbib-exact
KARMAPRADĪPA	book-work	default: bib expansion with no person/periodical signal	pwgbib-exact
KARMAVIPĀKA	book-work	default: bib expansion with no person/periodical signal	pwgbib-exact
KATAKA	book-work	default: bib expansion with no person/periodical signal	no-bib-record
KATHĀRṆ.	book-work	default: bib expansion with no person/periodical signal	pwgbib-exact
KATHĀRṆAVA	book-work	default: bib expansion with no person/periodical signal	pwgbib-exact
KATHĀS.	book-work	default: bib expansion with no person/periodical signal	pwgbib-exact
KATHĀSARITSĀGARA	book-work	default: bib expansion with no person/periodical signal	pwgbib-exact
KAULĀRCANADĪPIKĀ	book-work	default: bib expansion with no person/periodical signal	pwgbib-exact
KAURMA-P.	book-work	default: bib expansion with no person/periodical signal	pwgbib-exact
KAUŚ.	book-work	default: bib expansion with no person/periodical signal	pwgbib-exact
KAUŚIKA	book-work	default: bib expansion with no person/periodical signal	pwgbib-exact
KAUṢ. (ŚĀṄKH.) BR.	book-work	default: bib expansion with no person/periodical signal	pwgbib-prefix:KAUṢ.
KAUṢ. BR.	book-work	default: bib expansion with no person/periodical signal	pwgbib-exact
KAUṢ. UP.	book-work	default: bib expansion with no person/periodical signal	pwgbib-exact
KAUṢ. ĀR.	book-work	default: bib expansion with no person/periodical signal	pwgbib-exact
KAUṬILYA	book-work	default: bib expansion with no person/periodical signal	pwgbib-exact
KAVACA	book-work	default: bib expansion with no person/periodical signal	no-bib-record
KAVIKALP.	book-work	default: bib expansion with no person/periodical signal	pwgbib-exact
KAVIKALPADR.	book-work	default: bib expansion with no person/periodical signal	pwgbib-exact
KAVIKALPADRUMA	book-work	default: bib expansion with no person/periodical signal	pwgbib-exact
KAVIKALPAL.	book-work	default: bib expansion with no person/periodical signal	pwgbib-exact
KAVIKALPALATĀ	book-work	default: bib expansion with no person/periodical signal	pwgbib-exact
KAVIKALPATARU	book-work	default: bib expansion with no person/periodical signal	pwgbib-exact
KAVIKAṆTHAHĀRA	book-work	default: bib expansion with no person/periodical signal	pwgbib-exact
KAVIRAH.	book-work	default: bib expansion with no person/periodical signal	no-bib-record
KAVIRAHASYA	book-work	default: bib expansion with no person/periodical signal	pwgbib-exact
KAVIRĀJA	book-work	default: bib expansion with no person/periodical signal	pwgbib-exact
KAVITĀMṚTAK.	book-work	default: bib expansion with no person/periodical signal	no-bib-record
KAVITĀMṚTAKŪPA	book-work	default: bib expansion with no person/periodical signal	pwgbib-exact
KAŚĪKH.	book-work	default: bib expansion with no person/periodical signal	pwgbib-exact
KAṆ.	book-work	default: bib expansion with no person/periodical signal	pwgbib-exact
KAṆĀDA	book-work	default: bib expansion with no person/periodical signal	pwgbib-exact
KAṆĀDAʼs System	book-work	default: bib expansion with no person/periodical signal	pwgbib-prefix:KAṆĀDA
KAṬHINĀV.	journal-periodical	periodical keyword in tooltip	pwgbib-exact
KAṬHINĀVAD.	book-work	default: bib expansion with no person/periodical signal	pwgbib-exact
KAṬHINĀVADĀNA	book-work	default: bib expansion with no person/periodical signal	pwgbib-exact
KAṬHOP.	book-work	default: bib expansion with no person/periodical signal	pwgbib-exact
KEDĀRA	book-work	default: bib expansion with no person/periodical signal	pwgbib-exact
KENOP.	book-work	default: bib expansion with no person/periodical signal	pwgbib-exact
KERN	book-work	default: bib expansion with no person/periodical signal	pwgbib-exact
KEŚAVA	book-work	default: bib expansion with no person/periodical signal	pwgbib-exact
KHAḌGAMĀLĀTANTRA	book-work	default: bib expansion with no person/periodical signal	pwgbib-exact
KIELHORN	book-work	default: bib expansion with no person/periodical signal	pwgbib-exact
KIR.	book-work	default: bib expansion with no person/periodical signal	pwgbib-exact
KIRĀT.	book-work	default: bib expansion with no person/periodical signal	pwgbib-exact
KIRĀTĀRJUNĪYA	book-work	default: bib expansion with no person/periodical signal	no-bib-record
KLAPROTH	book-work	default: bib expansion with no person/periodical signal	pwgbib-exact
KLATT	book-work	default: bib expansion with no person/periodical signal	pwgbib-exact
KOṢṬHĪPR.	book-work	default: bib expansion with no person/periodical signal	pwgbib-exact
KOṢṬHĪPRAD.	book-work	default: bib expansion with no person/periodical signal	pwgbib-exact
KOṢṬHĪPRADĪPA	book-work	default: bib expansion with no person/periodical signal	pwgbib-exact
KRAMACANDRIKĀ	book-work	default: bib expansion with no person/periodical signal	pwgbib-exact
KRAMADĪPIKĀ	book-work	default: bib expansion with no person/periodical signal	pwgbib-exact
KRAMASAṂD.	book-work	default: bib expansion with no person/periodical signal	pwgbib-exact
KRAMASAṂGRAHA	book-work	default: bib expansion with no person/periodical signal	pwgbib-exact
KRIYĀSAM.	journal-periodical	periodical keyword in tooltip	pwgbib-exact
KRIYĀSAMUCCAYA	book-work	default: bib expansion with no person/periodical signal	pwgbib-exact
KRIYĀYOGAS.	book-work	default: bib expansion with no person/periodical signal	pwgbib-exact
KRIYĀYOGASĀRA	book-work	default: bib expansion with no person/periodical signal	pwgbib-exact
KUHN	book-work	default: bib expansion with no person/periodical signal	pwgbib-exact
KUHN, Gandharven und Kentauren	book-work	default: bib expansion with no person/periodical signal	pwgbib-prefix:KUHN
KUHN, Herabk. d. F.	book-work	default: bib expansion with no person/periodical signal	pwgbib-exact
KUHN, Herabkunft d. Feuers	book-work	default: bib expansion with no person/periodical signal	pwgbib-prefix:KUHN
KUHN, Herabkunft der Feuers	book-work	default: bib expansion with no person/periodical signal	pwgbib-prefix:KUHN
KUHN, die Herabk. des Feuers	book-work	default: bib expansion with no person/periodical signal	pwgbib-prefix:KUHN
KUHN, die Wurzel GAF, GAMF	book-work	default: bib expansion with no person/periodical signal	pwgbib-prefix:KUHN
KULACANDRA	book-work	default: bib expansion with no person/periodical signal	pwgbib-exact
KULADĪP.	book-work	default: bib expansion with no person/periodical signal	pwgbib-exact
KULADĪPIKĀ	book-work	default: bib expansion with no person/periodical signal	pwgbib-exact
KULANĀTHA	book-work	default: bib expansion with no person/periodical signal	pwgbib-exact
KULASADBHĀVA	book-work	default: bib expansion with no person/periodical signal	pwgbib-exact
KULL.	person-author	person descriptor in tooltip	pwgbib-exact
KULLŪKA	person-author	person descriptor in tooltip	pwgbib-exact
KULLŪKABHAṬṬA	person-author	person descriptor in tooltip	pwgbib-exact
KULĀCĀRYAKĀRIKĀ	book-work	default: bib expansion with no person/periodical signal	pwgbib-exact
KULĀRṆ.	book-work	default: bib expansion with no person/periodical signal	pwgbib-exact
KULĀRṆAVA	book-work	default: bib expansion with no person/periodical signal	pwgbib-exact
KULĀRṆAVAT.	book-work	default: bib expansion with no person/periodical signal	pwgbib-exact
KULĀRṆAVATANTRA	book-work	default: bib expansion with no person/periodical signal	pwgbib-prefix:KULĀRṆAVA
KUMĀRA	book-work	default: bib expansion with no person/periodical signal	pwgbib-exact
KUMĀRAS.	book-work	default: bib expansion with no person/periodical signal	pwgbib-exact
KUMĀRILA	book-work	default: bib expansion with no person/periodical signal	pwgbib-exact
KUNT.	book-work	default: bib expansion with no person/periodical signal	pwgbib-exact
KUNTĀPA	book-work	default: bib expansion with no person/periodical signal	pwgbib-exact
KUSUM.	book-work	default: bib expansion with no person/periodical signal	pwgbib-exact
KUSUMĀÑJALI	book-work	default: bib expansion with no person/periodical signal	pwgbib-exact
KUVALAY.	book-work	default: bib expansion with no person/periodical signal	pwgbib-exact
KUṆARAVĀḌAVA	book-work	default: bib expansion with no person/periodical signal	pwgbib-exact
Karte von BERGHAUS	person-western?	Latin-script surname pattern	no-bib-record
Kow. Mong. Wört.	person-western?	Latin-script surname pattern	no-bib-record
KÖPPEN	book-work	default: bib expansion with no person/periodical signal	pwgbib-exact
KÖPPEN, Die Rel. d. Buddha	book-work	default: bib expansion with no person/periodical signal	pwgbib-prefix:KÖPPEN
KÖPPEN, Rel. d. Buddha	book-work	default: bib expansion with no person/periodical signal	pwgbib-prefix:KÖPPEN
KÖPPEN, Rel. des Buddha	book-work	default: bib expansion with no person/periodical signal	pwgbib-prefix:KÖPPEN
KĀD.	book-work	default: bib expansion with no person/periodical signal	pwgbib-exact
KĀD. (ed. Calc. 1862)	book-work	default: bib expansion with no person/periodical signal	pwgbib-exact
KĀDAMB.	book-work	default: bib expansion with no person/periodical signal	pwgbib-exact
KĀLAC.	book-work	default: bib expansion with no person/periodical signal	pwgbib-exact
KĀLACAKRA	book-work	default: bib expansion with no person/periodical signal	pwgbib-exact
KĀLAKAUMUDĪ	book-work	default: bib expansion with no person/periodical signal	pwgbib-exact
KĀLANIRṆAYA	book-work	default: bib expansion with no person/periodical signal	pwgbib-exact
KĀLAS.	book-work	default: bib expansion with no person/periodical signal	pwgbib-exact
KĀLEŚI	book-work	default: bib expansion with no person/periodical signal	pwgbib-exact
KĀLID.	book-work	default: bib expansion with no person/periodical signal	pwgbib-exact
KĀLIDĀSA	book-work	default: bib expansion with no person/periodical signal	pwgbib-exact
KĀLIKĀ-P.	book-work	default: bib expansion with no person/periodical signal	pwgbib-exact
KĀLIKĀ-P., KĀMĀKHYĀRŪPANIRṆAYA	book-work	default: bib expansion with no person/periodical signal	pwgbib-prefix:KĀLIKĀ-P.
KĀLIKĀ-P., UTTARAT.	book-work	default: bib expansion with no person/periodical signal	pwgbib-prefix:KĀLIKĀ-P.
KĀLIKĀ-P., UTTARATANTRA	book-work	default: bib expansion with no person/periodical signal	pwgbib-prefix:KĀLIKĀ-P.
KĀLIKĀŚATANĀMASTOTRA	book-work	default: bib expansion with no person/periodical signal	pwgbib-exact
KĀM. NĪTIS.	book-work	default: bib expansion with no person/periodical signal	pwgbib-exact
KĀMAŚ.	book-work	default: bib expansion with no person/periodical signal	pwgbib-exact
KĀMAŚĀSTRA	book-work	default: bib expansion with no person/periodical signal	pwgbib-exact
KĀRTTIKA	commentary-of-work	Comm./Tīkā marker in value	no-bib-record
KĀT.	book-work	default: bib expansion with no person/periodical signal	pwgbib-exact
KĀTANTRA	book-work	default: bib expansion with no person/periodical signal	pwgbib-exact
KĀTANTRAVṚ.	book-work	default: bib expansion with no person/periodical signal	pwgbib-exact
KĀTY.	book-work	default: bib expansion with no person/periodical signal	pwgbib-exact
KĀTY. ANUKR.	book-work	default: bib expansion with no person/periodical signal	pwgbib-exact
KĀTY. PADDH.	book-work	default: bib expansion with no person/periodical signal	pwgbib-exact
KĀTY. ŚR.	book-work	default: bib expansion with no person/periodical signal	pwgbib-exact
KĀTYA	book-work	default: bib expansion with no person/periodical signal	pwgbib-exact
KĀTYĀYANA	book-work	default: bib expansion with no person/periodical signal	pwgbib-exact
KĀVYAC.	book-work	default: bib expansion with no person/periodical signal	pwgbib-exact
KĀVYACANDRIKĀ	book-work	default: bib expansion with no person/periodical signal	pwgbib-exact
KĀVYAKALĀPA	book-work	default: bib expansion with no person/periodical signal	pwgbib-exact
KĀVYAKAUMUDĪ	book-work	default: bib expansion with no person/periodical signal	pwgbib-exact
KĀVYAPR.	book-work	default: bib expansion with no person/periodical signal	pwgbib-exact
KĀVYAPR. (1866)	book-work	default: bib expansion with no person/periodical signal	pwgbib-prefix:KĀVYAPR.
KĀVYASAṂGRAHA	book-work	default: bib expansion with no person/periodical signal	pwgbib-exact
KĀVYODAYA	book-work	default: bib expansion with no person/periodical signal	pwgbib-exact
KĀVYĀD.	book-work	default: bib expansion with no person/periodical signal	pwgbib-exact
KĀVYĀD. (ed. 1866)	book-work	default: bib expansion with no person/periodical signal	pwgbib-exact
KĀŚ.	book-work	default: bib expansion with no person/periodical signal	pwgbib-exact
KĀŚIKĀ	book-work	default: bib expansion with no person/periodical signal	pwgbib-exact
KĀŚYAPA	book-work	default: bib expansion with no person/periodical signal	pwgbib-exact
KĀŚĪKH.	book-work	default: bib expansion with no person/periodical signal	pwgbib-exact
KĀŚĪKH., HARIHARASTOTRA	book-work	default: bib expansion with no person/periodical signal	pwgbib-prefix:KĀŚĪKH.
KĀŚĪKHAṆḌA	book-work	default: bib expansion with no person/periodical signal	pwgbib-exact
KĀŚĪMĀH.	book-work	default: bib expansion with no person/periodical signal	pwgbib-exact
KĀŚĪN.	book-work	default: bib expansion with no person/periodical signal	pwgbib-exact
KĀṬ.	person-author	person descriptor in tooltip	pwgbib-exact
KĀṬAV.	book-work	default: bib expansion with no person/periodical signal	pwgbib-exact
KĀṬAVEMA	book-work	default: bib expansion with no person/periodical signal	pwgbib-exact
KĀṬH.	book-work	default: bib expansion with no person/periodical signal	pwgbib-exact
KĀṬH. ANUKR.	book-work	default: bib expansion with no person/periodical signal	pwgbib-exact
KĀṬH. AŚV.	book-work	default: bib expansion with no person/periodical signal	pwgbib-exact
KĀṬHAKA	book-work	default: bib expansion with no person/periodical signal	pwgbib-exact
KĀṬHAKA-Rec.	book-work	default: bib expansion with no person/periodical signal	pwgbib-prefix:KĀṬHAKA
KĀṬHAKOPANIṢAD	book-work	default: bib expansion with no person/periodical signal	pwgbib-exact
KĀṬHOP.	book-work	default: bib expansion with no person/periodical signal	pwgbib-exact
Kār.	book-work	default: bib expansion with no person/periodical signal	pwgbib-exact
KĪCAKAVADHA	book-work	default: bib expansion with no person/periodical signal	pwgbib-exact
KŪRMA-P.	book-work	default: bib expansion with no person/periodical signal	pwgbib-exact
KŪRMA-P., UPARIBH.	book-work	default: bib expansion with no person/periodical signal	pwgbib-prefix:KŪRMA-P.
KŪRMA-P., UPARIBHĀGA	book-work	default: bib expansion with no person/periodical signal	pwgbib-prefix:KŪRMA-P.
KŪRMACAKRA	book-work	default: bib expansion with no person/periodical signal	pwgbib-exact
KṚKALĀSADĪPIKĀ	book-work	default: bib expansion with no person/periodical signal	pwgbib-exact
KṚTYATATTVA	book-work	default: bib expansion with no person/periodical signal	pwgbib-exact
KṚTYATATTVĀRṆAVA	book-work	default: bib expansion with no person/periodical signal	pwgbib-exact
KṚṢIS.	book-work	default: bib expansion with no person/periodical signal	pwgbib-exact
KṚṢISAṂGR.	book-work	default: bib expansion with no person/periodical signal	no-bib-record
KṚṢISAṂGRAHA	book-work	default: bib expansion with no person/periodical signal	pwgbib-exact
KṚṢṆA	book-work	default: bib expansion with no person/periodical signal	pwgbib-exact
KṚṢṆAYĀMALA	book-work	default: bib expansion with no person/periodical signal	pwgbib-prefix:KṚṢṆA
KṢITĪŚ.	book-work	default: bib expansion with no person/periodical signal	pwgbib-exact
KṢITĪŚĀV.	book-work	default: bib expansion with no person/periodical signal	pwgbib-exact
KṢUR. UP.	book-work	default: bib expansion with no person/periodical signal	pwgbib-exact
KṢURIKOPAN.	book-work	default: bib expansion with no person/periodical signal	pwgbib-exact
KṢĪRASV.	book-work	default: bib expansion with no person/periodical signal	pwgbib-exact
KṢĪRASVĀMIN	book-work	default: bib expansion with no person/periodical signal	pwgbib-exact
LA.	book-work	default: bib expansion with no person/periodical signal	pwgbib-exact
LACEPÉDE	book-work	default: bib expansion with no person/periodical signal	pwgbib-exact
LAGHU-VIṢṆU	book-work	default: bib expansion with no person/periodical signal	pwgbib-exact
LAKṢMAṆA-KAVI	book-work	default: bib expansion with no person/periodical signal	pwgbib-exact
LAKṢMAṆASENA	book-work	default: bib expansion with no person/periodical signal	pwgbib-exact
LAKṢMĪCARITRA	book-work	default: bib expansion with no person/periodical signal	pwgbib-exact
LALIT.	book-work	default: bib expansion with no person/periodical signal	pwgbib-exact
LALIT. (Append.)	book-work	default: bib expansion with no person/periodical signal	pwgbib-prefix:LALIT.
LALIT. Calc.	book-work	default: bib expansion with no person/periodical signal	pwgbib-prefix:LALIT. Calc
LALIT. ed. Calc.	book-work	default: bib expansion with no person/periodical signal	pwgbib-exact
LALIT. FOUC.	book-work	default: bib expansion with no person/periodical signal	pwgbib-case
LALIT. ed. FOUC.	book-work	default: bib expansion with no person/periodical signal	pwgbib-exact
LALITAM.	book-work	default: bib expansion with no person/periodical signal	pwgbib-exact
LALITAV.	book-work	default: bib expansion with no person/periodical signal	pwgbib-exact
LALITAV. (App.)	book-work	default: bib expansion with no person/periodical signal	pwgbib-prefix:LALITAV.
LANG.	book-work	default: bib expansion with no person/periodical signal	pwgbib-exact
LANGL.	book-work	default: bib expansion with no person/periodical signal	pwgbib-exact
LANGLOIS	book-work	default: bib expansion with no person/periodical signal	pwgbib-exact
LASSEN	book-work	default: bib expansion with no person/periodical signal	pwgbib-exact
LASSEN (Anthol.)	book-work	default: bib expansion with no person/periodical signal	pwgbib-prefix:LASSEN
LASSEN, De Pent.	book-work	default: bib expansion with no person/periodical signal	pwgbib-exact
LASSEN, IA.	book-work	default: bib expansion with no person/periodical signal	pwgbib-prefix:LASSEN
LASSEN, Institt.	book-work	default: bib expansion with no person/periodical signal	pwgbib-exact
LASSEN, Institt. l. pr.	book-work	default: bib expansion with no person/periodical signal	pwgbib-exact
LASSEN, Institt. ling. pr.	book-work	default: bib expansion with no person/periodical signal	pwgbib-exact
LASSEN, Institt. linguae pr.	book-work	default: bib expansion with no person/periodical signal	pwgbib-exact
LASSEN, Institt. linguae pracr.	book-work	default: bib expansion with no person/periodical signal	pwgbib-exact
LASSEN, Institutiones linguae pr.	book-work	default: bib expansion with no person/periodical signal	pwgbib-exact
LASSEN, Institutt.	book-work	default: bib expansion with no person/periodical signal	pwgbib-exact
LASSEN, Pent.	book-work	default: bib expansion with no person/periodical signal	pwgbib-exact
LASSEN, Pentap.	book-work	default: bib expansion with no person/periodical signal	pwgbib-exact
LASSENʼs Pentap.	book-work	default: bib expansion with no person/periodical signal	pwgbib-prefix:LASSEN
LAUGĀKṢI	book-work	default: bib expansion with no person/periodical signal	pwgbib-exact
LEO MEYER	book-work	default: bib expansion with no person/periodical signal	pwgbib-exact
LIA.	book-work	default: bib expansion with no person/periodical signal	pwgbib-exact
LIKHITA	book-work	default: bib expansion with no person/periodical signal	pwgbib-exact
LIṄGA-P.	book-work	default: bib expansion with no person/periodical signal	pwgbib-exact
LIṄGĀRCANATANTRA	book-work	default: bib expansion with no person/periodical signal	pwgbib-exact
LOIS.	book-work	default: bib expansion with no person/periodical signal	pwgbib-exact
LOIS. DESL.	book-work	default: bib expansion with no person/periodical signal	pwgbib-exact
LOKĀKṢI	book-work	default: bib expansion with no person/periodical signal	pwgbib-exact
Le Lotus de la bonne loi	person-western?	Latin-script surname pattern	no-bib-record
Lex. pentagl.	person-western?	Latin-script surname pattern	no-bib-record
Lex. sanscr. tib.	person-western?	Latin-script surname pattern	pwgbib-exact
Lit. Centr.	person-western?	Latin-script surname pattern	pwgbib-exact
Lot. de la b. l.	person-western?	Latin-script surname pattern	pwgbib-exact
LĀṬY.	book-work	default: bib expansion with no person/periodical signal	pwgbib-exact
LĪL.	book-work	default: bib expansion with no person/periodical signal	pwgbib-exact
LĪLĀV.	book-work	default: bib expansion with no person/periodical signal	pwgbib-exact
LĪLĀVATĪ	book-work	default: bib expansion with no person/periodical signal	pwgbib-exact
M.	book-work	default: bib expansion with no person/periodical signal	pwgbib-exact
M. MÜLLER	book-work	default: bib expansion with no person/periodical signal	pwgbib-prefix:M.
M. MÜLLER Gr.	book-work	default: bib expansion with no person/periodical signal	pwgbib-prefix:M.
M. MÜLLER, Lect.	book-work	default: bib expansion with no person/periodical signal	pwgbib-prefix:M.
M. MÜLLER, Transl.	book-work	default: bib expansion with no person/periodical signal	pwgbib-prefix:M.
M. ed. Calc.	book-work	default: bib expansion with no person/periodical signal	pwgbib-exact
MACK.	book-work	default: bib expansion with no person/periodical signal	pwgbib-exact
MACK. Coll.	book-work	default: bib expansion with no person/periodical signal	pwgbib-exact
MAD.	book-work	default: bib expansion with no person/periodical signal	pwgbib-exact
MADAN.	book-work	default: bib expansion with no person/periodical signal	pwgbib-exact
MADANAPĀLA	book-work	default: bib expansion with no person/periodical signal	pwgbib-exact
MADANARATNA	book-work	default: bib expansion with no person/periodical signal	pwgbib-exact
MADANAV.	book-work	default: bib expansion with no person/periodical signal	pwgbib-exact
MADANAVIN.	book-work	default: bib expansion with no person/periodical signal	pwgbib-exact
MADANAVINODA	book-work	default: bib expansion with no person/periodical signal	pwgbib-exact
MADHU	book-work	default: bib expansion with no person/periodical signal	pwgbib-exact
MADHUS.	book-work	default: bib expansion with no person/periodical signal	pwgbib-exact
MADHUSŪDANA	book-work	default: bib expansion with no person/periodical signal	pwgbib-exact
MADHY.	book-work	default: bib expansion with no person/periodical signal	pwgbib-exact
MADHYAM.	journal-periodical	periodical keyword in tooltip	pwgbib-exact
MADHYAMAVṚ.	book-work	default: bib expansion with no person/periodical signal	pwgbib-exact
MAH.	book-work	default: bib expansion with no person/periodical signal	pwgbib-exact
MAHAVĪRAC.	book-work	default: bib expansion with no person/periodical signal	pwgbib-exact
MAHEŚVARA	book-work	default: bib expansion with no person/periodical signal	pwgbib-exact
MAHEŚVARATĪRTHAE	book-work	default: bib expansion with no person/periodical signal	pwgbib-exact
MAHIMN.	book-work	default: bib expansion with no person/periodical signal	pwgbib-exact
MAHOP.	book-work	default: bib expansion with no person/periodical signal	pwgbib-exact
MAHOPAN.	book-work	default: bib expansion with no person/periodical signal	pwgbib-exact
MAHĀBH.	book-work	default: bib expansion with no person/periodical signal	pwgbib-exact
MAHĀBH. ed. BALL.	book-work	default: bib expansion with no person/periodical signal	pwgbib-prefix:MAHĀBH.
MAHĀBH. ed. BALLANT.	book-work	default: bib expansion with no person/periodical signal	pwgbib-prefix:MAHĀBH.
MAHĀBH. lith. Ausg.	book-work	default: bib expansion with no person/periodical signal	pwgbib-exact
MAHĀBH. lith. Ausg. Einl.	book-work	default: bib expansion with no person/periodical signal	pwgbib-prefix:MAHĀBH. lith. Ausg.
MAHĀBHĀRATA	book-work	default: bib expansion with no person/periodical signal	pwgbib-exact
MAHĀBHĀṢYA	book-work	default: bib expansion with no person/periodical signal	pwgbib-exact
MAHĀBHĀṢYA ed. BALL.	book-work	default: bib expansion with no person/periodical signal	pwgbib-prefix:MAHĀBHĀṢYA
MAHĀN.	book-work	default: bib expansion with no person/periodical signal	pwgbib-exact
MAHĀNIRVĀṆATANTRA	book-work	default: bib expansion with no person/periodical signal	pwgbib-exact
MAHĀNĀR. UP.	book-work	default: bib expansion with no person/periodical signal	pwgbib-exact
MAHĀNĀṬ.	book-work	default: bib expansion with no person/periodical signal	pwgbib-exact
MAHĀNĀṬAKA	book-work	default: bib expansion with no person/periodical signal	pwgbib-exact
MAHĀV.	book-work	default: bib expansion with no person/periodical signal	pwgbib-exact
MAHĀVAṂSA	book-work	default: bib expansion with no person/periodical signal	pwgbib-exact
MAHĀVĪR.	book-work	default: bib expansion with no person/periodical signal	pwgbib-exact
MAHĀVĪRAC.	book-work	default: bib expansion with no person/periodical signal	pwgbib-exact
MAHĪDH.	book-work	default: bib expansion with no person/periodical signal	pwgbib-exact
MAITR.	book-work	default: bib expansion with no person/periodical signal	pwgbib-exact
MAITR. UP.	book-work	default: bib expansion with no person/periodical signal	pwgbib-exact
MAITRYUP.	book-work	default: bib expansion with no person/periodical signal	pwgbib-exact
MAITRĀYAṆOP.	book-work	default: bib expansion with no person/periodical signal	pwgbib-exact
MAITRĀYAṆĪYAKA	book-work	default: bib expansion with no person/periodical signal	pwgbib-exact
MALAMĀSAT.	book-work	default: bib expansion with no person/periodical signal	pwgbib-exact
MALAMĀSATATTVA	book-work	default: bib expansion with no person/periodical signal	pwgbib-exact
MALAMĀSAV.	book-work	default: bib expansion with no person/periodical signal	pwgbib-exact
MALAYAGIRI	book-work	default: bib expansion with no person/periodical signal	pwgbib-exact
MALL.	book-work	default: bib expansion with no person/periodical signal	pwgbib-exact
MALLIN.	book-work	default: bib expansion with no person/periodical signal	pwgbib-exact
MALLINĀTHA	book-work	default: bib expansion with no person/periodical signal	pwgbib-exact
MANASVIPRAŚAṂSĀ	book-work	default: bib expansion with no person/periodical signal	pwgbib-exact
MANTRA	book-work	default: bib expansion with no person/periodical signal	pwgbib-exact
MANTRAKALPADRUMA	book-work	default: bib expansion with no person/periodical signal	pwgbib-exact
MANTRAMAHOD.	book-work	default: bib expansion with no person/periodical signal	pwgbib-exact
MANU	book-work	default: bib expansion with no person/periodical signal	pwgbib-exact
MARĪCI	book-work	default: bib expansion with no person/periodical signal	pwgbib-exact
MATHUR.	book-work	default: bib expansion with no person/periodical signal	pwgbib-exact
MATHUREŚA	book-work	default: bib expansion with no person/periodical signal	pwgbib-exact
MATHURĀN.	book-work	default: bib expansion with no person/periodical signal	pwgbib-exact
MATHURĀNĀTHA	book-work	default: bib expansion with no person/periodical signal	pwgbib-exact
MATSYA-P.	book-work	default: bib expansion with no person/periodical signal	pwgbib-exact
MATSYASŪKTA	book-work	default: bib expansion with no person/periodical signal	pwgbib-exact
MATSYASŪKTATANTRA	book-work	default: bib expansion with no person/periodical signal	pwgbib-prefix:MATSYASŪKTA
MATSYOP.	book-work	default: bib expansion with no person/periodical signal	pwgbib-exact
MAX MÜLLERʼs Grammatik	book-work	default: bib expansion with no person/periodical signal	no-bib-record
MAÑJUŚRĪN.	book-work	default: bib expansion with no person/periodical signal	pwgbib-exact
MAŚ.	book-work	default: bib expansion with no person/periodical signal	pwgbib-exact
MAŚ. S.	book-work	default: bib expansion with no person/periodical signal	pwgbib-exact
MAŚAKA	book-work	default: bib expansion with no person/periodical signal	pwgbib-exact
MBH.	book-work	default: bib expansion with no person/periodical signal	pwgbib-exact
MBH. ed. Bomb.	book-work	default: bib expansion with no person/periodical signal	pwgbib-prefix:MBH.
MBH. ed. Calc.	book-work	default: bib expansion with no person/periodical signal	pwgbib-exact
MED.	book-work	default: bib expansion with no person/periodical signal	pwgbib-exact
MED. Anh.	book-work	default: bib expansion with no person/periodical signal	pwgbib-prefix:MED.
MEDHĀT.	book-work	default: bib expansion with no person/periodical signal	pwgbib-exact
MEDHĀTITHI	book-work	default: bib expansion with no person/periodical signal	pwgbib-exact
MEGH.	book-work	default: bib expansion with no person/periodical signal	pwgbib-exact
MEGH. ed. ST.	book-work	default: bib expansion with no person/periodical signal	pwgbib-exact
MERUTANTRA	book-work	default: bib expansion with no person/periodical signal	pwgbib-exact
MIHIRA	book-work	default: bib expansion with no person/periodical signal	pwgbib-exact
MIKLOS.	book-work	default: bib expansion with no person/periodical signal	pwgbib-exact
MIKLOSICH	book-work	default: bib expansion with no person/periodical signal	pwgbib-exact
MIKLOSICH, Vgl. Gr.	book-work	default: bib expansion with no person/periodical signal	pwgbib-prefix:MIKLOSICH
MIT.	book-work	default: bib expansion with no person/periodical signal	pwgbib-exact
MITĀKṢ.	book-work	default: bib expansion with no person/periodical signal	pwgbib-exact
MITĀKṢARĀ	book-work	default: bib expansion with no person/periodical signal	pwgbib-exact
MOHAM.	book-work	default: bib expansion with no person/periodical signal	pwgbib-exact
MOLESW.	book-work	default: bib expansion with no person/periodical signal	pwgbib-exact
MOLESWORTH	book-work	default: bib expansion with no person/periodical signal	pwgbib-exact
MON. WILL.	book-work	default: bib expansion with no person/periodical signal	pwgbib-exact
MONIER WILLIAMS	book-work	default: bib expansion with no person/periodical signal	pwgbib-exact
MONTGOMERY MARTIN, Eastern India	book-work	default: bib expansion with no person/periodical signal	pwgbib-exact
MUDR.	book-work	default: bib expansion with no person/periodical signal	pwgbib-exact
MUDRĀR.	book-work	default: bib expansion with no person/periodical signal	pwgbib-exact
MUELLER	book-work	default: bib expansion with no person/periodical signal	pwgbib-exact
MUGDHAB.	book-work	default: bib expansion with no person/periodical signal	pwgbib-exact
MUGDHABODHA	book-work	default: bib expansion with no person/periodical signal	pwgbib-exact
MUIR	book-work	default: bib expansion with no person/periodical signal	pwgbib-exact
MUIR, ST.	book-work	default: bib expansion with no person/periodical signal	pwgbib-exact
MUIR, ST. (2te Aufl.)	book-work	default: bib expansion with no person/periodical signal	pwgbib-prefix:MUIR, ST.
MUIR, ST. (2te Ausg.)	book-work	default: bib expansion with no person/periodical signal	pwgbib-prefix:MUIR, ST.
MUIR, Sanskr. Texts	book-work	default: bib expansion with no person/periodical signal	pwgbib-exact
MUIR, Sanskrit Texts	book-work	default: bib expansion with no person/periodical signal	pwgbib-exact
MUK.	book-work	default: bib expansion with no person/periodical signal	pwgbib-exact
MUKUṬA	book-work	default: bib expansion with no person/periodical signal	pwgbib-exact
MURĀRI	book-work	default: bib expansion with no person/periodical signal	pwgbib-exact
MUṆḌ. UP.	book-work	default: bib expansion with no person/periodical signal	pwgbib-exact
MUṆḌAMĀLĀT.	book-work	default: bib expansion with no person/periodical signal	pwgbib-exact
MUṆḌAMĀLĀTANTRA	book-work	default: bib expansion with no person/periodical signal	pwgbib-exact
Monatsb. d. B. Akad.	person-western?	Latin-script surname pattern	pwgbib-exact
Monatsb. d. Berl. Ak.	person-western?	Latin-script surname pattern	pwgbib-exact
Monatsb. der K. Pr. Ak. d. Ww.	person-western?	Latin-script surname pattern	no-bib-record
Monatsber.	person-western?	Latin-script surname pattern	no-bib-record
Monatsber. d. Berl. Ak. d. Ww.	person-western?	Latin-script surname pattern	no-bib-record
Monatsber. der Berl. Ak.	person-western?	Latin-script surname pattern	pwgbib-exact
Monatsber. der Berliner Ak. d. Ww.	person-western?	Latin-script surname pattern	no-bib-record
Monatsberichte der Königl. Preuss. Akad. d. Wissenschaften	person-western?	Latin-script surname pattern	no-bib-record
Monatsberr. d. K. Pr. Ak. d. Ww.	person-western?	Latin-script surname pattern	pwgbib-exact
Monatsberr. d. k. pr. Ak. d. Ww. in Berlin	person-western?	Latin-script surname pattern	no-bib-record
Monatsberr. d. kön. pr. Ak. d. Wiss.	person-western?	Latin-script surname pattern	no-bib-record
Mrs. MANNING, Anc. and Med. India	person-western?	Latin-script surname pattern	pwgbib-exact
MÜLL.	book-work	default: bib expansion with no person/periodical signal	pwgbib-exact
MÜLLER	book-work	default: bib expansion with no person/periodical signal	pwgbib-exact
MÜLLER, SL.	book-work	default: bib expansion with no person/periodical signal	pwgbib-exact
MÜLLER, Transl.	book-work	default: bib expansion with no person/periodical signal	pwgbib-exact
MÜLLERʼs Ausg.	book-work	default: bib expansion with no person/periodical signal	pwgbib-prefix:MÜLLER
Mél. as.	book-work	default: bib expansion with no person/periodical signal	pwgbib-exact
Mél. asiat.	journal-periodical	periodical keyword in tooltip	pwgbib-exact
Mélanges asiatiques	book-work	default: bib expansion with no person/periodical signal	no-bib-record
Mém. VI sér.	book-work	default: bib expansion with no person/periodical signal	no-bib-record
Mém. de lʼAcad. Imp. dés sc. de St.-Pétersb. VI série.	book-work	default: bib expansion with no person/periodical signal	no-bib-record
Mémoire sur lʼInde	book-work	default: bib expansion with no person/periodical signal	no-bib-record
MĀDH.	book-work	default: bib expansion with no person/periodical signal	pwgbib-exact
MĀDHAV.	book-work	default: bib expansion with no person/periodical signal	pwgbib-exact
MĀDHAVA	book-work	default: bib expansion with no person/periodical signal	pwgbib-exact
MĀDHAVA, KĀLANIRṆAYA	book-work	default: bib expansion with no person/periodical signal	pwgbib-prefix:MĀDHAVA
MĀDHAVABHĀṢYA	book-work	default: bib expansion with no person/periodical signal	pwgbib-exact
MĀDHAVAK.	book-work	default: bib expansion with no person/periodical signal	pwgbib-exact
MĀDHAVAKARA	book-work	default: bib expansion with no person/periodical signal	pwgbib-exact
MĀDHAVĪ	book-work	default: bib expansion with no person/periodical signal	pwgbib-exact
MĀDHY.-Rec.	book-work	default: bib expansion with no person/periodical signal	pwgbib-exact
MĀDHYAṂDINA-Rec.	book-work	default: bib expansion with no person/periodical signal	pwgbib-exact
MĀGHA	book-work	default: bib expansion with no person/periodical signal	pwgbib-exact
MĀLAT.	book-work	default: bib expansion with no person/periodical signal	pwgbib-exact
MĀLATĪM.	book-work	default: bib expansion with no person/periodical signal	pwgbib-exact
MĀLATĪM. (ed. LASS.)	book-work	default: bib expansion with no person/periodical signal	pwgbib-exact
MĀLATĪM. ed. LASS.	book-work	default: bib expansion with no person/periodical signal	pwgbib-exact
MĀLAV.	book-work	default: bib expansion with no person/periodical signal	pwgbib-exact
MĀLAV. ed. Bomb.	book-work	default: bib expansion with no person/periodical signal	pwgbib-exact
MĀLAVIKĀGNIMITRA	book-work	default: bib expansion with no person/periodical signal	no-bib-record
MĀNAV.	book-work	default: bib expansion with no person/periodical signal	pwgbib-exact
MĀNAVA	book-work	default: bib expansion with no person/periodical signal	pwgbib-exact
MĀRK.	book-work	default: bib expansion with no person/periodical signal	pwgbib-exact
MĀRK. P.	book-work	default: bib expansion with no person/periodical signal	pwgbib-exact
MĀRK. P. Einl.	book-work	default: bib expansion with no person/periodical signal	pwgbib-prefix:MĀRK. P.
MĀRKAṆḌ. P.	book-work	default: bib expansion with no person/periodical signal	no-bib-record
MĀTSYA-P.	book-work	default: bib expansion with no person/periodical signal	pwgbib-exact
MĀYĀT.	book-work	default: bib expansion with no person/periodical signal	pwgbib-exact
MĀYĀTANTRA	book-work	default: bib expansion with no person/periodical signal	pwgbib-exact
MĀṆḌ. UP.	book-work	default: bib expansion with no person/periodical signal	pwgbib-exact
MĀṆḌ. ŚIKṢĀ	book-work	default: bib expansion with no person/periodical signal	pwgbib-exact
MĀṆḌUKYOPANIṢAD	book-work	default: bib expansion with no person/periodical signal	pwgbib-exact
MĀṆḌŪKĪ ŚIKṢĀ	book-work	default: bib expansion with no person/periodical signal	pwgbib-exact
Māgadhī übersetzt worden	book-work	default: bib expansion with no person/periodical signal	no-bib-record
MĪM.	book-work	default: bib expansion with no person/periodical signal	pwgbib-exact
MĪMĀṂSĀD.	book-work	default: bib expansion with no person/periodical signal	no-bib-record
MṚCCH.	book-work	default: bib expansion with no person/periodical signal	pwgbib-exact
MṚCCH. Einl.	book-work	default: bib expansion with no person/periodical signal	pwgbib-prefix:MṚCCH.
MṚCCH. ed. Calc.	book-work	default: bib expansion with no person/periodical signal	pwgbib-exact
MṚTYUL. UP.	book-work	default: bib expansion with no person/periodical signal	pwgbib-exact
N.	book-work	default: bib expansion with no person/periodical signal	pwgbib-exact
N. (BOPP)	book-work	default: bib expansion with no person/periodical signal	pwgbib-exact
N. (BRUCE)	book-work	default: bib expansion with no person/periodical signal	pwgbib-prefix:N.
N. [BOPP]	book-work	default: bib expansion with no person/periodical signal	pwgbib-prefix:N.
N. ed. BRUCE	book-work	default: bib expansion with no person/periodical signal	pwgbib-prefix:N.
NAGNAVṚTTI	book-work	default: bib expansion with no person/periodical signal	pwgbib-exact
NAIGH.	book-work	default: bib expansion with no person/periodical signal	pwgbib-exact
NAIGHAṆṬUKA	book-work	default: bib expansion with no person/periodical signal	pwgbib-exact
NAIṢ.	book-work	default: bib expansion with no person/periodical signal	pwgbib-exact
NAKULA	book-work	default: bib expansion with no person/periodical signal	pwgbib-exact
NAKṢATRAKALPA	book-work	default: bib expansion with no person/periodical signal	pwgbib-exact
NAL.	book-work	default: bib expansion with no person/periodical signal	pwgbib-exact
NALA (BRUCE)	book-work	default: bib expansion with no person/periodical signal	pwgbib-prefix:NALA
NALA ed. BRUCE	book-work	default: bib expansion with no person/periodical signal	pwgbib-prefix:NALA
NALOD.	book-work	default: bib expansion with no person/periodical signal	pwgbib-exact
NARASIṂHA-P.	book-work	default: bib expansion with no person/periodical signal	pwgbib-exact
NAVAGRAHASTOTRA	book-work	default: bib expansion with no person/periodical signal	pwgbib-exact
NAVAR.	book-work	default: bib expansion with no person/periodical signal	pwgbib-exact
NAYANĀNANDA	book-work	default: bib expansion with no person/periodical signal	pwgbib-exact
NB	book-work	default: bib expansion with no person/periodical signal	pwgbib-exact
NID.	book-work	default: bib expansion with no person/periodical signal	pwgbib-exact
NIDĀNA	book-work	default: bib expansion with no person/periodical signal	pwgbib-exact
NIDĀNA-S.	book-work	default: bib expansion with no person/periodical signal	pwgbib-exact
NIDĀNA.	book-work	default: bib expansion with no person/periodical signal	pwgbib-prefix:NIDĀNA
NIDĀNAS.	book-work	default: bib expansion with no person/periodical signal	pwgbib-exact
NIGH. PR.	book-work	default: bib expansion with no person/periodical signal	pwgbib-exact
NIGH. PR. Einl.	book-work	default: bib expansion with no person/periodical signal	pwgbib-prefix:NIGH. PR.
NIGHAṆṬU	book-work	default: bib expansion with no person/periodical signal	pwgbib-exact
NIR.	book-work	default: bib expansion with no person/periodical signal	pwgbib-exact
NIR. Einl.	book-work	default: bib expansion with no person/periodical signal	pwgbib-prefix:NIR.
NIR. Erll.	book-work	default: bib expansion with no person/periodical signal	pwgbib-prefix:NIR.
NIR. Erläutt.	book-work	default: bib expansion with no person/periodical signal	pwgbib-prefix:NIR.
NIRUKTA	book-work	default: bib expansion with no person/periodical signal	pwgbib-exact
NIRUKTĀDHYĀYA	book-work	default: bib expansion with no person/periodical signal	pwgbib-exact
NIRṆAYAS.	book-work	default: bib expansion with no person/periodical signal	pwgbib-exact
NIRṆAYASINDHU	book-work	default: bib expansion with no person/periodical signal	pwgbib-exact
NYĀSA	book-work	default: bib expansion with no person/periodical signal	pwgbib-exact
NYĀYA	book-work	default: bib expansion with no person/periodical signal	pwgbib-exact
NYĀYA-S.	book-work	default: bib expansion with no person/periodical signal	pwgbib-exact
NYĀYAD.	book-work	default: bib expansion with no person/periodical signal	pwgbib-exact
NYĀYAG.	book-work	default: bib expansion with no person/periodical signal	pwgbib-exact
NYĀYAMĀLĀV.	book-work	default: bib expansion with no person/periodical signal	pwgbib-exact
NYĀYAMĀLĀV. Einl.	book-work	default: bib expansion with no person/periodical signal	pwgbib-prefix:NYĀYAMĀLĀV.
NYĀYAS.	book-work	default: bib expansion with no person/periodical signal	pwgbib-exact
NYĀYASŪTRA	book-work	default: bib expansion with no person/periodical signal	pwgbib-exact
Nachschr. zu M.	person-western?	Latin-script surname pattern	no-bib-record
Nachtrags zum YONIGRANTHA	person-western?	Latin-script surname pattern	no-bib-record
Notices of Skt. Mss.	person-western?	Latin-script surname pattern	pwgbib-exact
NĀG.	book-work	default: bib expansion with no person/periodical signal	no-bib-record
NĀGEŚA	book-work	default: bib expansion with no person/periodical signal	pwgbib-exact
NĀGOJ.	book-work	default: bib expansion with no person/periodical signal	pwgbib-exact
NĀGOJĪ	book-work	default: bib expansion with no person/periodical signal	pwgbib-exact
NĀGOJĪBHAṬṬA	book-work	default: bib expansion with no person/periodical signal	pwgbib-exact
NĀGĀN.	book-work	default: bib expansion with no person/periodical signal	pwgbib-exact
NĀGĀNANDA	book-work	default: bib expansion with no person/periodical signal	pwgbib-exact
NĀN. RATNAM.	book-work	default: bib expansion with no person/periodical signal	pwgbib-exact
NĀNAIKĀKṢARAK.	book-work	default: bib expansion with no person/periodical signal	pwgbib-exact
NĀNĀRTHADHVANIM.	book-work	default: bib expansion with no person/periodical signal	pwgbib-exact
NĀNĀRTHADHVANIMAÑJARĪ	book-work	default: bib expansion with no person/periodical signal	pwgbib-exact
NĀNĀRTHAK.	book-work	default: bib expansion with no person/periodical signal	pwgbib-exact
NĀNĀRTHARATNAM.	book-work	default: bib expansion with no person/periodical signal	pwgbib-exact
NĀR.	person-author	person descriptor in tooltip	pwgbib-exact
NĀR. PADDH.	person-author	person descriptor in tooltip	pwgbib-prefix:NĀR.
NĀRADA	book-work	default: bib expansion with no person/periodical signal	pwgbib-exact
NĀRADAPURĀṆA	book-work	default: bib expansion with no person/periodical signal	pwgbib-prefix:NĀRADA
NĀRADAʼs DHARMAŚ.	book-work	default: bib expansion with no person/periodical signal	pwgbib-prefix:NĀRADA
NĀRADAʼs DHARMAŚ. cod. Berol.	book-work	default: bib expansion with no person/periodical signal	pwgbib-prefix:NĀRADA
NĀRADAʼs PAÑCARĀTRA	book-work	default: bib expansion with no person/periodical signal	pwgbib-prefix:NĀRADA
NĀRAS. P.	book-work	default: bib expansion with no person/periodical signal	pwgbib-exact
NĀRASIṂHA-P.	book-work	default: bib expansion with no person/periodical signal	pwgbib-exact
NĀRĀYAṆA	book-work	default: bib expansion with no person/periodical signal	pwgbib-exact
NĀRĀYAṆACAKRAV.	book-work	default: bib expansion with no person/periodical signal	pwgbib-exact
NĀRĀYAṆACAKRAVARTIN	book-work	default: bib expansion with no person/periodical signal	pwgbib-exact
NĀRĀYAṆADHYĀNA	book-work	default: bib expansion with no person/periodical signal	pwgbib-exact
NĀRĀYAṆOP.	book-work	default: bib expansion with no person/periodical signal	pwgbib-exact
NĀḌĪPRAKĀŚA	book-work	default: bib expansion with no person/periodical signal	pwgbib-exact
NĪDĀNAS.	book-work	default: bib expansion with no person/periodical signal	pwgbib-exact
NĪL.	person-author	person descriptor in tooltip	pwgbib-exact
NĪLAK.	book-work	default: bib expansion with no person/periodical signal	pwgbib-exact
NĪLAKAṆṬHA	book-work	default: bib expansion with no person/periodical signal	pwgbib-prefix:NĪLAK
NĪTIPR.	book-work	default: bib expansion with no person/periodical signal	pwgbib-exact
NĪTIRATNA	book-work	default: bib expansion with no person/periodical signal	pwgbib-exact
NĪTIS.	book-work	default: bib expansion with no person/periodical signal	pwgbib-exact
NṚS. TĀP.	book-work	default: bib expansion with no person/periodical signal	pwgbib-exact
NṚS. TĀP. UP.	book-work	default: bib expansion with no person/periodical signal	pwgbib-exact
NṚS. UP.	book-work	default: bib expansion with no person/periodical signal	pwgbib-exact
NṚSIṂHA	book-work	default: bib expansion with no person/periodical signal	pwgbib-exact
NṚSIṂHATĀPANĪYOPANIṢAD	book-work	default: bib expansion with no person/periodical signal	pwgbib-exact
OD.	book-work	default: bib expansion with no person/periodical signal	pwgbib-exact
Or. u. Occ.	person-western?	Latin-script surname pattern	pwgbib-exact
Or. und Occ.	person-western?	Latin-script surname pattern	pwgbib-exact
Orient und Occident	person-western?	Latin-script surname pattern	pwgbib-exact
Oxford Essays	person-western?	Latin-script surname pattern	no-bib-record
P.	book-work	default: bib expansion with no person/periodical signal	pwgbib-exact
P. (ed. Calc.)	book-work	default: bib expansion with no person/periodical signal	pwgbib-prefix:P.
P. Einl.	book-work	default: bib expansion with no person/periodical signal	pwgbib-prefix:P.
P. Pr.	book-work	default: bib expansion with no person/periodical signal	pwgbib-prefix:P.
PADDH.	book-work	default: bib expansion with no person/periodical signal	pwgbib-exact
PADMA-P.	book-work	default: bib expansion with no person/periodical signal	pwgbib-exact
PADMAN.	book-work	default: bib expansion with no person/periodical signal	pwgbib-exact
PADMAPURĀṆA	book-work	default: bib expansion with no person/periodical signal	pwgbib-exact
PADYĀV.	book-work	default: bib expansion with no person/periodical signal	pwgbib-exact
PADYĀVALĪ	book-work	default: bib expansion with no person/periodical signal	pwgbib-exact
PAITHĪNASI	book-work	default: bib expansion with no person/periodical signal	pwgbib-exact
PAIṬHĪNASI	book-work	default: bib expansion with no person/periodical signal	pwgbib-exact
PALLAS, Sammlung hist. Nachr. über die mongolischen Völkerschaften	book-work	default: bib expansion with no person/periodical signal	pwgbib-prefix:PALLAS
PANDIT	book-work	default: bib expansion with no person/periodical signal	pwgbib-exact
PARAM. UP.	book-work	default: bib expansion with no person/periodical signal	pwgbib-exact
PARAMAH. UP.	book-work	default: bib expansion with no person/periodical signal	pwgbib-exact
PARAMAHAṂSOP.	book-work	default: bib expansion with no person/periodical signal	no-bib-record
PARAMAHAṂSOPAN.	book-work	default: bib expansion with no person/periodical signal	pwgbib-exact
PARAMĀDĪŚVARA	book-work	default: bib expansion with no person/periodical signal	pwgbib-exact
PARAMĀRTHAS.	book-work	default: bib expansion with no person/periodical signal	pwgbib-exact
PARAŚURĀMAPRAKĀŚA	book-work	default: bib expansion with no person/periodical signal	pwgbib-exact
PARIBH.	book-work	default: bib expansion with no person/periodical signal	pwgbib-exact
PARIBHĀṢĀ	book-work	default: bib expansion with no person/periodical signal	pwgbib-exact
PARIŚ.	book-work	default: bib expansion with no person/periodical signal	pwgbib-exact
PARIŚIṢṬA	book-work	default: bib expansion with no person/periodical signal	pwgbib-exact
PARIŚIṢṬA zum AV.	book-work	default: bib expansion with no person/periodical signal	pwgbib-prefix:PARIŚIṢṬA
PARĀŚ.	person-author	person descriptor in tooltip	pwgbib-exact
PARĀŚ. PADDH.	person-author	person descriptor in tooltip	pwgbib-prefix:PARĀŚ.
PARĀŚARA	book-work	default: bib expansion with no person/periodical signal	pwgbib-exact
PARĀŚARA-P.	book-work	default: bib expansion with no person/periodical signal	pwgbib-exact
PARĀŚARAPADDH.	book-work	default: bib expansion with no person/periodical signal	pwgbib-exact
PARĀŚARAPADDHATI	book-work	default: bib expansion with no person/periodical signal	pwgbib-exact
PARĀŚARAʼs DHARMAŚ.	book-work	default: bib expansion with no person/periodical signal	pwgbib-prefix:PARĀŚARA
PARŚVANĀTHAK.	book-work	default: bib expansion with no person/periodical signal	pwgbib-exact
PAT.	person-author	person descriptor in tooltip	pwgbib-exact
PAT. YOGAŚ.	book-work	default: bib expansion with no person/periodical signal	pwgbib-exact
PAT. a. a. O.	book-work	default: bib expansion with no person/periodical signal	pwgbib-exact
PATAÑJALI	book-work	default: bib expansion with no person/periodical signal	no-bib-record
PATHYĀPATHYAV.	book-work	default: bib expansion with no person/periodical signal	pwgbib-exact
PATTRAKAUMUDĪ	book-work	default: bib expansion with no person/periodical signal	pwgbib-exact
PAÑCAR.	book-work	default: bib expansion with no person/periodical signal	pwgbib-exact
PAÑCASĀYAKA	book-work	default: bib expansion with no person/periodical signal	pwgbib-exact
PAÑCAT.	book-work	default: bib expansion with no person/periodical signal	pwgbib-exact
PAÑCAT. KOS.	book-work	default: bib expansion with no person/periodical signal	pwgbib-prefix:PAÑCAT.
PAÑCAT. Pr.	book-work	default: bib expansion with no person/periodical signal	pwgbib-prefix:PAÑCAT.
PAÑCAT. ed. Bomb.	book-work	default: bib expansion with no person/periodical signal	pwgbib-exact
PAÑCAT. ed. BÜHL.	book-work	default: bib expansion with no person/periodical signal	pwgbib-prefix:PAÑCAT.
PAÑCAT. ed. KOS.	book-work	default: bib expansion with no person/periodical signal	pwgbib-prefix:PAÑCAT.
PAÑCAT. ed. orn.	book-work	default: bib expansion with no person/periodical signal	pwgbib-exact
PAÑCATANTRA	book-work	default: bib expansion with no person/periodical signal	pwgbib-exact
PAÑCAV. BR.	book-work	default: bib expansion with no person/periodical signal	pwgbib-exact
PAŚUPATIPADDH.	book-work	default: bib expansion with no person/periodical signal	pwgbib-exact
PENTAGL.	book-work	default: bib expansion with no person/periodical signal	pwgbib-exact
PERTSCH	book-work	default: bib expansion with no person/periodical signal	pwgbib-exact
PERTSCH, UPAL.	book-work	default: bib expansion with no person/periodical signal	pwgbib-exact
PHAṆIBHĀṢYA	book-work	default: bib expansion with no person/periodical signal	pwgbib-exact
PHETK.	book-work	default: bib expansion with no person/periodical signal	no-bib-record
PHETKĀRĪYATANTRA	book-work	default: bib expansion with no person/periodical signal	no-bib-record
PISCHEL	book-work	default: bib expansion with no person/periodical signal	pwgbib-exact
PISCHEL, De gramm. pr.	book-work	default: bib expansion with no person/periodical signal	pwgbib-prefix:PISCHEL
PISCHEL, de Gramm. prācr.	book-work	default: bib expansion with no person/periodical signal	pwgbib-exact
PITĀMAHA	book-work	default: bib expansion with no person/periodical signal	pwgbib-exact
PIṄGALA	book-work	default: bib expansion with no person/periodical signal	pwgbib-exact
PIṄGALACCHANDAS	book-work	default: bib expansion with no person/periodical signal	pwgbib-prefix:PIṄGALA
PK.	book-work	default: bib expansion with no person/periodical signal	pwgbib-exact
PLIN. H. N.	book-work	default: bib expansion with no person/periodical signal	pwgbib-exact
PLINIUS	book-work	default: bib expansion with no person/periodical signal	pwgbib-exact
PLINIUS, H. N.	book-work	default: bib expansion with no person/periodical signal	pwgbib-prefix:PLINIUS
POLEY	book-work	default: bib expansion with no person/periodical signal	pwgbib-exact
POTT	book-work	default: bib expansion with no person/periodical signal	pwgbib-exact
POTT und RÖDIGER	book-work	default: bib expansion with no person/periodical signal	pwgbib-prefix:POTT
POTT, Die quin. u. vig. Zählm.	book-work	default: bib expansion with no person/periodical signal	pwgbib-prefix:POTT
POTT, Zig.	book-work	default: bib expansion with no person/periodical signal	pwgbib-exact
POTTʼs Zigeuner	book-work	default: bib expansion with no person/periodical signal	pwgbib-prefix:POTT
PRAB.	book-work	default: bib expansion with no person/periodical signal	pwgbib-exact
PRAB. Pr.	book-work	default: bib expansion with no person/periodical signal	pwgbib-prefix:PRAB.
PRABODH.	book-work	default: bib expansion with no person/periodical signal	pwgbib-exact
PRABODHAC.	book-work	default: bib expansion with no person/periodical signal	pwgbib-exact
PRABODHACANDRODAYA	book-work	default: bib expansion with no person/periodical signal	pwgbib-exact
PRACETAS	book-work	default: bib expansion with no person/periodical signal	pwgbib-exact
PRAKRIYĀKAUMUDĪ	book-work	default: bib expansion with no person/periodical signal	pwgbib-exact
PRAKṚTIKHAṆḌA	book-work	default: bib expansion with no person/periodical signal	pwgbib-exact
PRAKṚTIKHAṆḌA in BRAHMAVAIV. P.	book-work	default: bib expansion with no person/periodical signal	pwgbib-prefix:PRAKṚTIKHAṆḌA
PRASANNAR.	book-work	default: bib expansion with no person/periodical signal	pwgbib-exact
PRASAṄGĀBH.	book-work	default: bib expansion with no person/periodical signal	pwgbib-exact
PRATIJÑĀS.	book-work	default: bib expansion with no person/periodical signal	pwgbib-exact
PRATĀPAR.	book-work	default: bib expansion with no person/periodical signal	pwgbib-exact
PRAUḌHAMANOR.	book-work	default: bib expansion with no person/periodical signal	pwgbib-exact
PRAUḌHAMANORAMĀ	book-work	default: bib expansion with no person/periodical signal	pwgbib-exact
PRAVAR.	book-work	default: bib expansion with no person/periodical signal	pwgbib-exact
PRAVARĀDHY.	book-work	default: bib expansion with no person/periodical signal	pwgbib-exact
PRAVARĀDHY.-P.	book-work	default: bib expansion with no person/periodical signal	pwgbib-prefix:PRAVARĀDHY.
PRAYOGAR.	book-work	default: bib expansion with no person/periodical signal	pwgbib-exact
PRAYOGARATNA	book-work	default: bib expansion with no person/periodical signal	pwgbib-exact
PRAYOGASĀRA	book-work	default: bib expansion with no person/periodical signal	pwgbib-exact
PRAYOGĀMṚTA	book-work	default: bib expansion with no person/periodical signal	pwgbib-exact
PRAŚNASĀRA	book-work	default: bib expansion with no person/periodical signal	pwgbib-exact
PRAŚNOP.	book-work	default: bib expansion with no person/periodical signal	pwgbib-exact
PRAŚNOTTARAM.	book-work	default: bib expansion with no person/periodical signal	pwgbib-exact
PRAŚNOTTARAMĀLĀ	book-work	default: bib expansion with no person/periodical signal	pwgbib-exact
PRĀCĪNAŚIVASTUTI	book-work	default: bib expansion with no person/periodical signal	pwgbib-exact
PRĀTT.	book-work	default: bib expansion with no person/periodical signal	no-bib-record
PRĀYAŚCITTAT.	book-work	default: bib expansion with no person/periodical signal	pwgbib-exact
PRĀYAŚCITTATATTVA	book-work	default: bib expansion with no person/periodical signal	pwgbib-exact
PRĀYAŚCITTAV.	book-work	default: bib expansion with no person/periodical signal	pwgbib-exact
PRĀYAŚCITTAVIV.	book-work	default: bib expansion with no person/periodical signal	pwgbib-exact
PRĀYAŚCITTAVIVEKA	book-work	default: bib expansion with no person/periodical signal	pwgbib-exact
PRĀYAŚCITTAVIVEKASAṂGRAHA	book-work	default: bib expansion with no person/periodical signal	pwgbib-exact
PRĀYAŚCITTEND.	book-work	default: bib expansion with no person/periodical signal	pwgbib-exact
PRĀYAŚCITTENDUŚ.	book-work	default: bib expansion with no person/periodical signal	pwgbib-exact
PTOL.	book-work	default: bib expansion with no person/periodical signal	pwgbib-exact
PTOLEM.	book-work	default: bib expansion with no person/periodical signal	pwgbib-exact
PTOLEMAEUS	book-work	default: bib expansion with no person/periodical signal	pwgbib-exact
PTOLEMAIOS	book-work	default: bib expansion with no person/periodical signal	pwgbib-exact
PULASTYA	book-work	default: bib expansion with no person/periodical signal	pwgbib-exact
PUR.	book-work	default: bib expansion with no person/periodical signal	pwgbib-exact
PURR.	book-work	default: bib expansion with no person/periodical signal	pwgbib-exact
PURUṢ.	book-work	default: bib expansion with no person/periodical signal	pwgbib-exact
PURUṢAKARA (WEST.)	book-work	default: bib expansion with no person/periodical signal	pwgbib-exact
PURUṢAKĀRA	book-work	default: bib expansion with no person/periodical signal	no-bib-record
PURUṢASŪKTA	book-work	default: bib expansion with no person/periodical signal	pwgbib-exact
PURUṢOTT.	book-work	default: bib expansion with no person/periodical signal	pwgbib-exact
PURUṢOTTAMA	book-work	default: bib expansion with no person/periodical signal	pwgbib-exact
PURUṢOTTAMAD.	book-work	default: bib expansion with no person/periodical signal	pwgbib-exact
PURUṢOTTAMADEVA	book-work	default: bib expansion with no person/periodical signal	pwgbib-exact
PURUṢOTTAMATATTVA	book-work	default: bib expansion with no person/periodical signal	pwgbib-exact
PURĀṆA	book-work	default: bib expansion with no person/periodical signal	pwgbib-exact
PURĀṆATANTRA	book-work	default: bib expansion with no person/periodical signal	pwgbib-prefix:PURĀṆA
PUṆḌARĪKĀKṢA	book-work	default: bib expansion with no person/periodical signal	pwgbib-exact
PUṢPA.	book-work	default: bib expansion with no person/periodical signal	pwgbib-prefix:PUṢPA
PUṢPAS.	book-work	default: bib expansion with no person/periodical signal	pwgbib-exact
PUṢPASŪTRA	book-work	default: bib expansion with no person/periodical signal	pwgbib-exact
PWG	book-work	default: bib expansion with no person/periodical signal	no-bib-record
PWG Nachträge	book-work	default: bib expansion with no person/periodical signal	no-bib-record
PWG Nachträgen	book-work	default: bib expansion with no person/periodical signal	no-bib-record
PWG Verbesserungen und Nachträge	book-work	default: bib expansion with no person/periodical signal	no-bib-record
PYTHAG.	book-work	default: bib expansion with no person/periodical signal	pwgbib-exact
Padapāṭha zum SV.	person-western?	Latin-script surname pattern	no-bib-record
Pet. Hdschr.	person-western?	Latin-script surname pattern	pwgbib-exact
Pravarādhy.	person-western?	Latin-script surname pattern	pwgbib-case
Pref. zu VARĀH. BṚH. S.	book-work	default: bib expansion with no person/periodical signal	no-bib-record
Progr. der Univ. Breslau	person-western?	Latin-script surname pattern	no-bib-record
PĀDMA-P.	book-work	default: bib expansion with no person/periodical signal	pwgbib-exact
PĀDMA-P., KRIYĀY.	book-work	default: bib expansion with no person/periodical signal	pwgbib-prefix:PĀDMA-P.
PĀDMA-P., KĀRTTIKAM.	commentary-of-work	Comm./Tīkā marker in value	pwgbib-prefix:PĀDMA-P.
PĀDMA-P., PĀTĀLAKH.	book-work	default: bib expansion with no person/periodical signal	pwgbib-prefix:PĀDMA-P.
PĀDMA-P., PĀTĀLAKHAṆḌA	book-work	default: bib expansion with no person/periodical signal	pwgbib-prefix:PĀDMA-P.
PĀDMA-P., SVARGAKH.	book-work	default: bib expansion with no person/periodical signal	pwgbib-prefix:PĀDMA-P.
PĀDMA-P., SVARGAKHAṆḌA	book-work	default: bib expansion with no person/periodical signal	pwgbib-prefix:PĀDMA-P.
PĀDMA-P., UTTARAKH., KĀRTTIKAM.	commentary-of-work	Comm./Tīkā marker in value	pwgbib-prefix:PĀDMA-P.
PĀDMOTTARAKH.	book-work	default: bib expansion with no person/periodical signal	pwgbib-exact
PĀDMOTTARAKH., KĀRTTIKAM.	commentary-of-work	Comm./Tīkā marker in value	pwgbib-prefix:PĀDMOTTARAKH.
PĀDMOTTARAKHAṆḌA	book-work	default: bib expansion with no person/periodical signal	pwgbib-exact
PĀKARĀJ.	book-work	default: bib expansion with no person/periodical signal	pwgbib-exact
PĀKARĀJEŚVARA	book-work	default: bib expansion with no person/periodical signal	pwgbib-exact
PĀNINI	book-work	default: bib expansion with no person/periodical signal	pwgbib-exact
PĀR.	book-work	default: bib expansion with no person/periodical signal	pwgbib-exact
PĀR. GṚHY.	book-work	default: bib expansion with no person/periodical signal	pwgbib-exact
PĀRASK.	book-work	default: bib expansion with no person/periodical signal	pwgbib-exact
PĀRAŚ.	book-work	default: bib expansion with no person/periodical signal	pwgbib-exact
PĀRĀYAṆA	book-work	default: bib expansion with no person/periodical signal	pwgbib-exact
PĀRĀYAṆĪYA	book-work	default: bib expansion with no person/periodical signal	pwgbib-exact
PĀRŚVANĀTHAK.	book-work	default: bib expansion with no person/periodical signal	pwgbib-exact
PĀTĀLAKH.	book-work	default: bib expansion with no person/periodical signal	pwgbib-exact
PĀTĀLAKHAṆḌA	book-work	default: bib expansion with no person/periodical signal	pwgbib-exact
PĀŚAKAKEV.	book-work	default: bib expansion with no person/periodical signal	pwgbib-exact
PĀṂŚUPRAD.	book-work	default: bib expansion with no person/periodical signal	pwgbib-exact
PĀṆINI	book-work	default: bib expansion with no person/periodical signal	pwgbib-exact
PĀṬ.	book-work	default: bib expansion with no person/periodical signal	pwgbib-exact
PĪṬHAMĀLĀ	book-work	default: bib expansion with no person/periodical signal	pwgbib-exact
PŪNĀ	book-work	default: bib expansion with no person/periodical signal	pwgbib-exact
PŪRVACĀTAKĀṢṬ.	book-work	default: bib expansion with no person/periodical signal	pwgbib-exact
PŪRVACĀTAKĀṢṬAKA	book-work	default: bib expansion with no person/periodical signal	pwgbib-exact
R.	book-work	default: bib expansion with no person/periodical signal	pwgbib-exact
R. (GORR.)	book-work	default: bib expansion with no person/periodical signal	pwgbib-prefix:R.
R. (ed. ŚRĪR.)	book-work	default: bib expansion with no person/periodical signal	pwgbib-exact
R. Einl.	book-work	default: bib expansion with no person/periodical signal	pwgbib-prefix:R.
R. GORR.	book-work	default: bib expansion with no person/periodical signal	pwgbib-exact
R. GORR. Uebers.	book-work	default: bib expansion with no person/periodical signal	pwgbib-prefix:R. GORR.
R. S. 14	book-work	default: bib expansion with no person/periodical signal	pwgbib-prefix:R.
R. SCHL.	book-work	default: bib expansion with no person/periodical signal	pwgbib-exact
R. ed. Bomb.	book-work	default: bib expansion with no person/periodical signal	pwgbib-exact
R. ed. GORR.	book-work	default: bib expansion with no person/periodical signal	pwgbib-exact
R. ed. SCHL.	book-work	default: bib expansion with no person/periodical signal	pwgbib-exact
R. ed. Ser.	book-work	default: bib expansion with no person/periodical signal	pwgbib-exact
R. ed. ŚRĪR.	book-work	default: bib expansion with no person/periodical signal	pwgbib-exact
RABHASA	book-work	default: bib expansion with no person/periodical signal	pwgbib-exact
RABHASAKOŚA	book-work	default: bib expansion with no person/periodical signal	pwgbib-exact
RAGH.	book-work	default: bib expansion with no person/periodical signal	pwgbib-exact
RAGH. (Calc.)	book-work	default: bib expansion with no person/periodical signal	pwgbib-exact
RAGH. (ed. Calc.)	book-work	default: bib expansion with no person/periodical signal	pwgbib-prefix:RAGH.
RAGH. ed. Calc.	book-work	default: bib expansion with no person/periodical signal	pwgbib-exact
RAGH. ed. ST.	book-work	default: bib expansion with no person/periodical signal	pwgbib-exact
RAGHU	book-work	default: bib expansion with no person/periodical signal	pwgbib-exact
RAGHUN.	person-author	person descriptor in tooltip	pwgbib-exact
RAGHUNANDANA	book-work	default: bib expansion with no person/periodical signal	pwgbib-exact
RAGHUNĀTHAM	book-work	default: bib expansion with no person/periodical signal	pwgbib-exact
RAGHUV.	book-work	default: bib expansion with no person/periodical signal	pwgbib-exact
RAJAN.	book-work	default: bib expansion with no person/periodical signal	pwgbib-exact
RAKṢITA	book-work	default: bib expansion with no person/periodical signal	pwgbib-exact
RAMĀN.	person-author	person descriptor in tooltip	pwgbib-exact
RAMĀNĀTHA	book-work	default: bib expansion with no person/periodical signal	pwgbib-exact
RANTI	book-work	default: bib expansion with no person/periodical signal	pwgbib-exact
RANTID.	book-work	default: bib expansion with no person/periodical signal	pwgbib-exact
RANTIDEVA	book-work	default: bib expansion with no person/periodical signal	pwgbib-exact
RASACANDRIKĀ	book-work	default: bib expansion with no person/periodical signal	pwgbib-exact
RASAM.	book-work	default: bib expansion with no person/periodical signal	pwgbib-exact
RASAMANJARĪ	book-work	default: bib expansion with no person/periodical signal	pwgbib-exact
RASARATNĀKARA	book-work	default: bib expansion with no person/periodical signal	pwgbib-exact
RASATAR.	book-work	default: bib expansion with no person/periodical signal	pwgbib-exact
RASENDRACINTĀMAṆI	book-work	default: bib expansion with no person/periodical signal	pwgbib-exact
RASIKAR.	book-work	default: bib expansion with no person/periodical signal	pwgbib-exact
RATIM.	book-work	default: bib expansion with no person/periodical signal	pwgbib-exact
RATIMAÑJARĪ	book-work	default: bib expansion with no person/periodical signal	pwgbib-exact
RATIR.	book-work	default: bib expansion with no person/periodical signal	pwgbib-exact
RATIRAHASYA	book-work	default: bib expansion with no person/periodical signal	pwgbib-exact
RATN.	book-work	default: bib expansion with no person/periodical signal	pwgbib-exact
RATNAG.	journal-periodical	periodical keyword in tooltip	pwgbib-exact
RATNAK.	book-work	default: bib expansion with no person/periodical signal	pwgbib-exact
RATNAKOṢA	book-work	default: bib expansion with no person/periodical signal	pwgbib-exact
RATNAM.	book-work	default: bib expansion with no person/periodical signal	pwgbib-exact
RATNAMATI	book-work	default: bib expansion with no person/periodical signal	pwgbib-exact
RATNAPARĪKṢĀ	book-work	default: bib expansion with no person/periodical signal	pwgbib-exact
RATNAPRAKĀŚA	book-work	default: bib expansion with no person/periodical signal	pwgbib-exact
RATNĀK.	book-work	default: bib expansion with no person/periodical signal	pwgbib-exact
RATNĀKARA	book-work	default: bib expansion with no person/periodical signal	pwgbib-exact
RATNĀV.	book-work	default: bib expansion with no person/periodical signal	pwgbib-exact
RATNĀVAD.	journal-periodical	periodical keyword in tooltip	pwgbib-exact
RATNĀVADĀNAM.	book-work	default: bib expansion with no person/periodical signal	pwgbib-exact
RATNĀVALĪ	book-work	default: bib expansion with no person/periodical signal	pwgbib-exact
RAVERTY, Dict. of Pukʼhto	book-work	default: bib expansion with no person/periodical signal	pwgbib-prefix:RAVERTY
REGNIER	book-work	default: bib expansion with no person/periodical signal	pwgbib-exact
REINAUD	book-work	default: bib expansion with no person/periodical signal	pwgbib-exact
REINAUD, Fragments arabes et persans u. s. w.	book-work	default: bib expansion with no person/periodical signal	pwgbib-prefix:REINAUD
REINAUD, Mém. sur lʼInde	book-work	default: bib expansion with no person/periodical signal	pwgbib-prefix:REINAUD
REINAUD, Mémoire sur lʼInde	book-work	default: bib expansion with no person/periodical signal	pwgbib-prefix:REINAUD
REVĀMĀH.	book-work	default: bib expansion with no person/periodical signal	pwgbib-exact
RM.	book-work	default: bib expansion with no person/periodical signal	pwgbib-exact
ROS.	book-work	default: bib expansion with no person/periodical signal	no-bib-record
ROSEN	book-work	default: bib expansion with no person/periodical signal	pwgbib-exact
ROTH	book-work	default: bib expansion with no person/periodical signal	pwgbib-exact
ROTH, Einl. zu NIR.	book-work	default: bib expansion with no person/periodical signal	pwgbib-prefix:ROTH
ROTH, Einl. zum NIR.	book-work	default: bib expansion with no person/periodical signal	pwgbib-prefix:ROTH
ROTH, Erl. zum NIR.	book-work	default: bib expansion with no person/periodical signal	pwgbib-prefix:ROTH
ROTH, Erll. zu NIR.	book-work	default: bib expansion with no person/periodical signal	pwgbib-prefix:ROTH
ROTH, Erll. zu d. St.	book-work	default: bib expansion with no person/periodical signal	pwgbib-prefix:ROTH
ROTH, Erläut. z. NIR.	book-work	default: bib expansion with no person/periodical signal	pwgbib-prefix:ROTH
ROTH, NAIGH.	book-work	default: bib expansion with no person/periodical signal	pwgbib-prefix:ROTH
ROTH, NIR.	book-work	default: bib expansion with no person/periodical signal	pwgbib-prefix:ROTH
ROTH, NIR. Einl.	book-work	default: bib expansion with no person/periodical signal	pwgbib-prefix:ROTH
ROTH, Ueber den Mythus von den Menschengeschlechtern	book-work	default: bib expansion with no person/periodical signal	pwgbib-prefix:ROTH
ROTH, YĀSKAʼs NIR.	book-work	default: bib expansion with no person/periodical signal	pwgbib-prefix:ROTH
ROTH, Z. L. u. G. d. W.	book-work	default: bib expansion with no person/periodical signal	pwgbib-prefix:ROTH
ROTH, Zur L. u. G. d. W.	book-work	default: bib expansion with no person/periodical signal	pwgbib-exact
ROTH, Zur L. u. G. des W.	book-work	default: bib expansion with no person/periodical signal	pwgbib-exact
ROTH, Zur L. u. G. des Weda	book-work	default: bib expansion with no person/periodical signal	pwgbib-prefix:ROTH
ROTH, Zur L. und G. d. W.	book-work	default: bib expansion with no person/periodical signal	pwgbib-exact
ROTH, Zur Lit. u. G. d. W.	book-work	default: bib expansion with no person/periodical signal	pwgbib-exact
ROTH, Zur Lit. u. Gesch. d. W.	book-work	default: bib expansion with no person/periodical signal	pwgbib-prefix:ROTH, Zur Lit.
ROTH, Zur Lit. u. s. w.	book-work	default: bib expansion with no person/periodical signal	pwgbib-prefix:ROTH, Zur Lit.
ROTH, Zur Lit. und G. d. W.	book-work	default: bib expansion with no person/periodical signal	pwgbib-exact
ROTH, der Atharvaveda in Kashmir	book-work	default: bib expansion with no person/periodical signal	pwgbib-prefix:ROTH
ROTHʼs Programm über den AV. in Kashmir	book-work	default: bib expansion with no person/periodical signal	pwgbib-prefix:ROTH
ROXB.	book-work	default: bib expansion with no person/periodical signal	pwgbib-exact
ROXB. Fl. ind.	book-work	default: bib expansion with no person/periodical signal	pwgbib-exact
ROXB. Fl. ind. ed. CAREY	book-work	default: bib expansion with no person/periodical signal	pwgbib-prefix:ROXB. Fl. ind.
ROËR	book-work	default: bib expansion with no person/periodical signal	pwgbib-exact
RUCISTAVA	book-work	default: bib expansion with no person/periodical signal	pwgbib-exact
RUDRA	book-work	default: bib expansion with no person/periodical signal	pwgbib-exact
RUDRAY.	book-work	default: bib expansion with no person/periodical signal	pwgbib-exact
RUDRAYĀM.	book-work	default: bib expansion with no person/periodical signal	pwgbib-exact
RUDRAYĀMALA	book-work	default: bib expansion with no person/periodical signal	pwgbib-exact
RUDRAYĀMALAT.	book-work	default: bib expansion with no person/periodical signal	pwgbib-exact
RUDRAYĀMALOTTARAKH.	book-work	default: bib expansion with no person/periodical signal	pwgbib-exact
RÖDIGER und POTT	book-work	default: bib expansion with no person/periodical signal	pwgbib-prefix:RÖDIGER
RÖER	book-work	default: bib expansion with no person/periodical signal	pwgbib-exact
RÖER, TS.	book-work	default: bib expansion with no person/periodical signal	pwgbib-prefix:RÖER
RÜCKERT	book-work	default: bib expansion with no person/periodical signal	pwgbib-exact
RĀDHĀKĀNTA	book-work	default: bib expansion with no person/periodical signal	pwgbib-exact
RĀDHĀKĀNTADEVA	book-work	default: bib expansion with no person/periodical signal	pwgbib-exact
RĀGHAV.	book-work	default: bib expansion with no person/periodical signal	pwgbib-exact
RĀGHAVAP.	book-work	default: bib expansion with no person/periodical signal	pwgbib-exact
RĀGHAVAPĀṆḌ.	book-work	default: bib expansion with no person/periodical signal	pwgbib-exact
RĀGHAVĀNANDA (bei LOIS.)	book-work	default: bib expansion with no person/periodical signal	pwgbib-prefix:RĀGHAVĀNANDA
RĀJA-TAR.	book-work	default: bib expansion with no person/periodical signal	pwgbib-exact
RĀJA-TAR. ed. Calc.	book-work	default: bib expansion with no person/periodical signal	pwgbib-exact
RĀJA-TAR. ed. TR.	book-work	default: bib expansion with no person/periodical signal	pwgbib-prefix:RĀJA-TAR.
RĀJA-TARAṄGIṆĪ	book-work	default: bib expansion with no person/periodical signal	pwgbib-exact
RĀJADHARMA	book-work	default: bib expansion with no person/periodical signal	pwgbib-exact
RĀJAM.	book-work	default: bib expansion with no person/periodical signal	pwgbib-exact
RĀJAMĀRTAṆḌA	book-work	default: bib expansion with no person/periodical signal	pwgbib-exact
RĀJAN.	book-work	default: bib expansion with no person/periodical signal	pwgbib-exact
RĀJARĀJEŚVARĪTANTRA	book-work	default: bib expansion with no person/periodical signal	pwgbib-exact
RĀJAV.	book-work	default: bib expansion with no person/periodical signal	pwgbib-exact
RĀJAVALLABHA	book-work	default: bib expansion with no person/periodical signal	pwgbib-exact
RĀJAŚEKHARA	book-work	default: bib expansion with no person/periodical signal	pwgbib-exact
RĀM. ed. Bomb.	book-work	default: bib expansion with no person/periodical signal	pwgbib-exact
RĀMAS.	book-work	default: bib expansion with no person/periodical signal	pwgbib-exact
RĀMATARKAV.	book-work	default: bib expansion with no person/periodical signal	pwgbib-exact
RĀMATARKAVĀGĪŚA	book-work	default: bib expansion with no person/periodical signal	pwgbib-exact
RĀMAŚARMAN	book-work	default: bib expansion with no person/periodical signal	pwgbib-exact
RĀMĀYAṆA	book-work	default: bib expansion with no person/periodical signal	pwgbib-exact
RĀMĀŚR.	book-work	default: bib expansion with no person/periodical signal	pwgbib-exact
RĀMĀŚRAMA	book-work	default: bib expansion with no person/periodical signal	pwgbib-exact
RĀSALĪLĀ	book-work	default: bib expansion with no person/periodical signal	pwgbib-exact
RĀTRILAGNANIRŪPAṆA	book-work	default: bib expansion with no person/periodical signal	pwgbib-exact
RĀVAṆA	book-work	default: bib expansion with no person/periodical signal	pwgbib-exact
RĀYAM.	person-author	person descriptor in tooltip	pwgbib-exact
RĀYAMUKUṬA	book-work	default: bib expansion with no person/periodical signal	pwgbib-exact
RĀṢṬRAPĀLAP.	journal-periodical	periodical keyword in tooltip	pwgbib-exact
RĀṢṬRAPĀLAPAR.	book-work	default: bib expansion with no person/periodical signal	pwgbib-exact
RŪPAM.	book-work	default: bib expansion with no person/periodical signal	pwgbib-exact
RŪPAMAÑJARĪ	book-work	default: bib expansion with no person/periodical signal	pwgbib-exact
RŪPARATNĀK.	book-work	default: bib expansion with no person/periodical signal	pwgbib-exact
SADDH. L.	book-work	default: bib expansion with no person/periodical signal	pwgbib-exact
SADDH. P.	book-work	default: bib expansion with no person/periodical signal	pwgbib-exact
SAJJANA	book-work	default: bib expansion with no person/periodical signal	pwgbib-exact
SAMAYAPRADĪPA	book-work	default: bib expansion with no person/periodical signal	pwgbib-exact
SAMAYĀCĀRATANTRA	book-work	default: bib expansion with no person/periodical signal	pwgbib-exact
SAMAYĀMṚTA	book-work	default: bib expansion with no person/periodical signal	pwgbib-exact
SAMPUṬODBHAVA	book-work	default: bib expansion with no person/periodical signal	pwgbib-exact
SANANDA	book-work	default: bib expansion with no person/periodical signal	pwgbib-exact
SARASVATĪK.	book-work	default: bib expansion with no person/periodical signal	pwgbib-exact
SARASVATĪKAṆṬHĀBH.	book-work	default: bib expansion with no person/periodical signal	pwgbib-exact
SARASVATĪKAṆṬHĀBHARAṆA	book-work	default: bib expansion with no person/periodical signal	pwgbib-exact
SARASVATĪPR.	book-work	default: bib expansion with no person/periodical signal	pwgbib-exact
SARVADARŚANAS.	book-work	default: bib expansion with no person/periodical signal	pwgbib-exact
SARVADARŚANASAṂGR.	book-work	default: bib expansion with no person/periodical signal	pwgbib-exact
SARVAS. UP.	book-work	default: bib expansion with no person/periodical signal	pwgbib-exact
SARVASVA	book-work	default: bib expansion with no person/periodical signal	pwgbib-exact
SARVASĀRA	book-work	default: bib expansion with no person/periodical signal	pwgbib-exact
SARVASĀROP.	book-work	default: bib expansion with no person/periodical signal	pwgbib-exact
SARVOP. S.	book-work	default: bib expansion with no person/periodical signal	pwgbib-exact
SARVOPAN.	book-work	default: bib expansion with no person/periodical signal	pwgbib-exact
SARVĀNUKRAMA	book-work	default: bib expansion with no person/periodical signal	pwgbib-exact
SATKṚTYAMUKTĀVALĪ	book-work	default: bib expansion with no person/periodical signal	pwgbib-exact
SATPADYARATNĀKARA	book-work	default: bib expansion with no person/periodical signal	pwgbib-exact
SAUN. Vārtt.	book-work	default: bib expansion with no person/periodical signal	pwgbib-prefix:SAUN.
SAUNĀGA	book-work	default: bib expansion with no person/periodical signal	pwgbib-exact
SAṂDEHABHAÑJIKĀ	book-work	default: bib expansion with no person/periodical signal	pwgbib-exact
SAṂGĪTAD.	book-work	default: bib expansion with no person/periodical signal	pwgbib-exact
SAṂGĪTADARPAṆA	book-work	default: bib expansion with no person/periodical signal	pwgbib-exact
SAṂGĪTADĀM.	book-work	default: bib expansion with no person/periodical signal	pwgbib-exact
SAṂGĪTADĀMODARA	book-work	default: bib expansion with no person/periodical signal	pwgbib-exact
SAṂGĪTANĀRĀYAṆA	book-work	default: bib expansion with no person/periodical signal	pwgbib-exact
SAṂGĪTARATN.	book-work	default: bib expansion with no person/periodical signal	pwgbib-exact
SAṂGĪTARATNĀK.	book-work	default: bib expansion with no person/periodical signal	pwgbib-exact
SAṂGĪTARATNĀKARA	book-work	default: bib expansion with no person/periodical signal	no-bib-record
SAṂGĪTASINDHU	book-work	default: bib expansion with no person/periodical signal	pwgbib-exact
SAṂGĪTAŚ.	book-work	default: bib expansion with no person/periodical signal	pwgbib-exact
SAṂGĪTAŚĀSTRA	book-work	default: bib expansion with no person/periodical signal	no-bib-record
SAṂHITOPANIṢADBRĀHMAṆA 1	book-work	default: bib expansion with no person/periodical signal	pwgbib-prefix:SAṂHITOPANIṢADBRĀHMAṆA
SAṂKṢIPTAS.	book-work	default: bib expansion with no person/periodical signal	pwgbib-exact
SAṂKṢIPTASĀRA	book-work	default: bib expansion with no person/periodical signal	pwgbib-exact
SAṂPUṬODBH.	book-work	default: bib expansion with no person/periodical signal	pwgbib-exact
SAṂPUṬODBHAVA	book-work	default: bib expansion with no person/periodical signal	pwgbib-exact
SAṂSARGAPRAŚAṂSĀ	book-work	default: bib expansion with no person/periodical signal	pwgbib-exact
SAṂSK.	book-work	default: bib expansion with no person/periodical signal	pwgbib-exact
SAṂSK. K.	book-work	default: bib expansion with no person/periodical signal	pwgbib-exact
SAṂSKĀRAT.	book-work	default: bib expansion with no person/periodical signal	pwgbib-exact
SAṂSKṚTAPĀṬHOP.	book-work	default: bib expansion with no person/periodical signal	pwgbib-exact
SAṂSĀRĀV.	book-work	default: bib expansion with no person/periodical signal	pwgbib-exact
SAṂVATSARAKAUMUDĪ	book-work	default: bib expansion with no person/periodical signal	pwgbib-exact
SCHIEFNER	book-work	default: bib expansion with no person/periodical signal	pwgbib-exact
SCHIEFNER, Leb.	book-work	default: bib expansion with no person/periodical signal	pwgbib-prefix:SCHIEFNER
SCHIEFNER, Lebensb.	book-work	default: bib expansion with no person/periodical signal	pwgbib-exact
SCHLEGEL	book-work	default: bib expansion with no person/periodical signal	pwgbib-exact
SCHLEGELʼs Uebers.	book-work	default: bib expansion with no person/periodical signal	pwgbib-prefix:SCHLEGEL
SCHLEICHER, Lit. Gr.	book-work	default: bib expansion with no person/periodical signal	pwgbib-exact
SCHMIDT und BÖHTLINGK, Verz. der tib. Hdschrr.	book-work	default: bib expansion with no person/periodical signal	pwgbib-prefix:SCHMIDT
SCHMIDT, Tib. Wört.	book-work	default: bib expansion with no person/periodical signal	pwgbib-exact
SCHÜTZ	book-work	default: bib expansion with no person/periodical signal	pwgbib-exact
SCHÜTZʼs Uebers.	book-work	default: bib expansion with no person/periodical signal	pwgbib-prefix:SCHÜTZ
SETUS.	book-work	default: bib expansion with no person/periodical signal	no-bib-record
SHAKESP.	book-work	default: bib expansion with no person/periodical signal	pwgbib-exact
SHAKESP. Hindust. Dict.	book-work	default: bib expansion with no person/periodical signal	pwgbib-prefix:SHAKESP.
SHERRING, Sacred city	book-work	default: bib expansion with no person/periodical signal	no-bib-record
SIDDH.	book-work	default: bib expansion with no person/periodical signal	pwgbib-exact
SIDDH. K.	book-work	default: bib expansion with no person/periodical signal	pwgbib-exact
SIDDH. ŚIR.	book-work	default: bib expansion with no person/periodical signal	pwgbib-exact
SIDDHAM.	book-work	default: bib expansion with no person/periodical signal	pwgbib-exact
SIDDHĀNTALAKṢAṆA	book-work	default: bib expansion with no person/periodical signal	pwgbib-exact
SIDDHĀNTALAKṢAṆAJĀGADĪŚĪ	book-work	default: bib expansion with no person/periodical signal	pwgbib-exact
SIDDHĀNTAMUKT.	book-work	default: bib expansion with no person/periodical signal	pwgbib-exact
SIDDHĀNTAMUKTĀVALĪ	book-work	default: bib expansion with no person/periodical signal	pwgbib-exact
SIDDHĀNTAŚ.	book-work	default: bib expansion with no person/periodical signal	pwgbib-prefix:SIDDHĀNTAŚ
SIDDHĀNTAŚIR.	book-work	default: bib expansion with no person/periodical signal	pwgbib-exact
SIDDHĀNTAŚIR. (GOLĀDHY.)	book-work	default: bib expansion with no person/periodical signal	pwgbib-prefix:SIDDHĀNTAŚIR.
SIDDHĀNTAŚIR. ed. BĀPŪD.	book-work	default: bib expansion with no person/periodical signal	pwgbib-prefix:SIDDHĀNTAŚIR.
SIDDHĀNTAŚIR., GOLĀDHY.	book-work	default: bib expansion with no person/periodical signal	pwgbib-prefix:SIDDHĀNTAŚIR.
SIṂHĀSANA	book-work	default: bib expansion with no person/periodical signal	pwgbib-exact
SKANDA-P.	book-work	default: bib expansion with no person/periodical signal	pwgbib-exact
SKANDA-P., ŚĪTALĀSTOTRA	book-work	default: bib expansion with no person/periodical signal	pwgbib-prefix:SKANDA-P.
SKANDAPURĀṆA	book-work	default: bib expansion with no person/periodical signal	pwgbib-exact
SMARAD.	book-work	default: bib expansion with no person/periodical signal	pwgbib-exact
SMARADĪP.	book-work	default: bib expansion with no person/periodical signal	pwgbib-exact
SMARADĪPIKĀ	book-work	default: bib expansion with no person/periodical signal	pwgbib-exact
SMARADĪPIKĀ (Tüb. Hdschr.)	book-work	default: bib expansion with no person/periodical signal	pwgbib-prefix:SMARADĪPIKĀ
SMARADĪPIKĀ Tüb. Hdschr.	book-work	default: bib expansion with no person/periodical signal	pwgbib-prefix:SMARADĪPIKĀ
SMṚTI	book-work	default: bib expansion with no person/periodical signal	pwgbib-exact
SMṚTITANTRA	book-work	default: bib expansion with no person/periodical signal	pwgbib-exact
SMṚTITATTVA	book-work	default: bib expansion with no person/periodical signal	pwgbib-exact
SMṚTYARTHASĀGARA	book-work	default: bib expansion with no person/periodical signal	pwgbib-exact
SOM.	book-work	default: bib expansion with no person/periodical signal	pwgbib-exact
SOM. NAL.	book-work	default: bib expansion with no person/periodical signal	pwgbib-exact
SOM. NALA	book-work	default: bib expansion with no person/periodical signal	pwgbib-exact
SOMADEVA	book-work	default: bib expansion with no person/periodical signal	pwgbib-exact
SPEIJER	book-work	default: bib expansion with no person/periodical signal	pwgbib-exact
SPIEGEL, Gramm. der Pārsisprache	book-work	default: bib expansion with no person/periodical signal	pwgbib-exact
SPIEGEL, Liber de off. sacerd. buddh.	book-work	default: bib expansion with no person/periodical signal	pwgbib-exact
ST.	book-work	default: bib expansion with no person/periodical signal	pwgbib-exact
ST. JULIEN	book-work	default: bib expansion with no person/periodical signal	pwgbib-exact
ST. JULIEN, Les Avadānas	book-work	default: bib expansion with no person/periodical signal	pwgbib-exact
STAN. JULIEN	book-work	default: bib expansion with no person/periodical signal	pwgbib-exact
STANISLAS JULIEN	book-work	default: bib expansion with no person/periodical signal	pwgbib-exact
STENZ.	book-work	default: bib expansion with no person/periodical signal	pwgbib-exact
STENZL.	book-work	default: bib expansion with no person/periodical signal	pwgbib-exact
STENZLER	book-work	default: bib expansion with no person/periodical signal	pwgbib-exact
STENZLER, De lex. sanscr. principiis	book-work	default: bib expansion with no person/periodical signal	pwgbib-exact
STENZLER, De lexicogr. s. principiis	book-work	default: bib expansion with no person/periodical signal	pwgbib-prefix:STENZLER
STENZLER, De lexicogr. sanscr. principiis	book-work	default: bib expansion with no person/periodical signal	pwgbib-exact
STENZLERʼsche Ausg.	book-work	default: bib expansion with no person/periodical signal	pwgbib-prefix:STENZLER
STEV. KALPAS.	book-work	default: bib expansion with no person/periodical signal	pwgbib-prefix:STEV.
STEVENSON	book-work	default: bib expansion with no person/periodical signal	pwgbib-exact
STOTRA	book-work	default: bib expansion with no person/periodical signal	pwgbib-exact
SUBANDHU	book-work	default: bib expansion with no person/periodical signal	pwgbib-exact
SUBH.	book-work	default: bib expansion with no person/periodical signal	pwgbib-exact
SUBHAṬA	book-work	default: bib expansion with no person/periodical signal	pwgbib-exact
SUBHĀṢ.	book-work	default: bib expansion with no person/periodical signal	pwgbib-exact
SUBHŪTI	book-work	default: bib expansion with no person/periodical signal	pwgbib-exact
SUBHŪTICANDRA	book-work	default: bib expansion with no person/periodical signal	pwgbib-exact
SUKHAB.	book-work	default: bib expansion with no person/periodical signal	pwgbib-exact
SUKHABODHA	book-work	default: bib expansion with no person/periodical signal	pwgbib-exact
SUMANTU	book-work	default: bib expansion with no person/periodical signal	pwgbib-exact
SUMANTUSŪTRA	book-work	default: bib expansion with no person/periodical signal	pwgbib-exact
SUND.	book-work	default: bib expansion with no person/periodical signal	pwgbib-exact
SUNDOP.	book-work	default: bib expansion with no person/periodical signal	pwgbib-exact
SUPADMA	book-work	default: bib expansion with no person/periodical signal	pwgbib-exact
SUPADMAVYĀKARAṆA	book-work	default: bib expansion with no person/periodical signal	pwgbib-exact
SUPRABHĀTASTOTRA	book-work	default: bib expansion with no person/periodical signal	no-bib-record
SUVARṆAPR.	book-work	default: bib expansion with no person/periodical signal	pwgbib-exact
SUVARṆAREKHA	book-work	default: bib expansion with no person/periodical signal	pwgbib-exact
SUŚR.	book-work	default: bib expansion with no person/periodical signal	pwgbib-exact
SUŚRUTA	book-work	default: bib expansion with no person/periodical signal	pwgbib-exact
SV.	book-work	default: bib expansion with no person/periodical signal	pwgbib-exact
SV. ANUKR.	book-work	default: bib expansion with no person/periodical signal	pwgbib-exact
SV. GĀNA	book-work	default: bib expansion with no person/periodical signal	pwgbib-prefix:SV.
SV. NAIG.	book-work	default: bib expansion with no person/periodical signal	pwgbib-prefix:SV.
SV. NAIGEYA	book-work	default: bib expansion with no person/periodical signal	pwgbib-prefix:SV.
SV. Padap.	book-work	default: bib expansion with no person/periodical signal	pwgbib-exact
SV. PŪRVĀRCIKA	book-work	default: bib expansion with no person/periodical signal	pwgbib-prefix:SV.
SV. Vorrede	book-work	default: bib expansion with no person/periodical signal	pwgbib-prefix:SV.
SV. ĀRAṆYA	book-work	default: bib expansion with no person/periodical signal	pwgbib-prefix:SV.
SVARODAYA	book-work	default: bib expansion with no person/periodical signal	pwgbib-exact
SVĀMIN	book-work	default: bib expansion with no person/periodical signal	pwgbib-exact
Spr.	person-western?	Latin-script surname pattern	pwgbib-exact
Spr. (I)	person-western?	Latin-script surname pattern	pwgbib-exact
Spr. (II)	person-western?	Latin-script surname pattern	pwgbib-exact
Spruch	person-western?	Latin-script surname pattern	pwgbib-exact
SĀDHANAM.	book-work	default: bib expansion with no person/periodical signal	pwgbib-exact
SĀDHANAMĀLĀ	book-work	default: bib expansion with no person/periodical signal	pwgbib-exact
SĀDHANAMĀLĀT.	book-work	default: bib expansion with no person/periodical signal	pwgbib-exact
SĀDHANAMĀLĀTANTRA	book-work	default: bib expansion with no person/periodical signal	pwgbib-exact
SĀH.	book-work	default: bib expansion with no person/periodical signal	pwgbib-exact
SĀH. D.	book-work	default: bib expansion with no person/periodical signal	pwgbib-exact
SĀH. D. (1828)	book-work	default: bib expansion with no person/periodical signal	pwgbib-prefix:SĀH. D.
SĀHASĀṄKA	book-work	default: bib expansion with no person/periodical signal	pwgbib-exact
SĀMAGĀNA Tüb. Hdschr.	book-work	default: bib expansion with no person/periodical signal	pwgbib-prefix:SĀMAGĀNA
SĀMAV. BR.	book-work	default: bib expansion with no person/periodical signal	pwgbib-exact
SĀMAVEDA	book-work	default: bib expansion with no person/periodical signal	pwgbib-exact
SĀMAVIDH.	book-work	default: bib expansion with no person/periodical signal	pwgbib-exact
SĀMAVIDH. BR.	book-work	default: bib expansion with no person/periodical signal	pwgbib-exact
SĀMAVIDH. BR. ed. A. C. BURNELL	book-work	default: bib expansion with no person/periodical signal	pwgbib-prefix:SĀMAVIDH. BR.
SĀMAVIDH. BR. ed. Calcutta	book-work	default: bib expansion with no person/periodical signal	pwgbib-prefix:SĀMAVIDH. BR.
SĀMBA-P.	book-work	default: bib expansion with no person/periodical signal	pwgbib-exact
SĀMUDRAKA	book-work	default: bib expansion with no person/periodical signal	pwgbib-exact
SĀRACANDRIKĀ	book-work	default: bib expansion with no person/periodical signal	pwgbib-exact
SĀRAKAUMUDĪ	book-work	default: bib expansion with no person/periodical signal	pwgbib-exact
SĀRAMAÑJARĪ	book-work	default: bib expansion with no person/periodical signal	pwgbib-exact
SĀRAS.	book-work	default: bib expansion with no person/periodical signal	pwgbib-exact
SĀRASAMUCCAYA	book-work	default: bib expansion with no person/periodical signal	pwgbib-exact
SĀRASAṂGRAHA	book-work	default: bib expansion with no person/periodical signal	pwgbib-exact
SĀRASUNDARĪ	book-work	default: bib expansion with no person/periodical signal	pwgbib-exact
SĀRASV.	book-work	default: bib expansion with no person/periodical signal	pwgbib-exact
SĀRASVATA	book-work	default: bib expansion with no person/periodical signal	pwgbib-exact
SĀRASVATĀBHIDHĀNA	book-work	default: bib expansion with no person/periodical signal	pwgbib-exact
SĀRASVATĪ PRAKRIYĀ	book-work	default: bib expansion with no person/periodical signal	no-bib-record
SĀRĀVALĪ	book-work	default: bib expansion with no person/periodical signal	pwgbib-exact
SĀV.	book-work	default: bib expansion with no person/periodical signal	pwgbib-exact
SĀY.	book-work	default: bib expansion with no person/periodical signal	pwgbib-exact
SĀYAṆA	book-work	default: bib expansion with no person/periodical signal	pwgbib-exact
SĀÑJA	book-work	default: bib expansion with no person/periodical signal	pwgbib-exact
SĀṂKHYA	book-work	default: bib expansion with no person/periodical signal	pwgbib-exact
SĀṂKHYAK.	book-work	default: bib expansion with no person/periodical signal	pwgbib-exact
SĀṂKHYAKĀRIKĀ	book-work	default: bib expansion with no person/periodical signal	pwgbib-exact
SĀṂKHYAPR.	book-work	default: bib expansion with no person/periodical signal	pwgbib-exact
SĀṂKHYAPRAV.	book-work	default: bib expansion with no person/periodical signal	pwgbib-exact
SĀṂKHYAPRAV. Einl.	book-work	default: bib expansion with no person/periodical signal	pwgbib-prefix:SĀṂKHYAPRAV.
SĀṂKHYAPRAVACANA	book-work	default: bib expansion with no person/periodical signal	pwgbib-prefix:SĀṂKHYA
SĀṂKHYASĀRA	book-work	default: bib expansion with no person/periodical signal	pwgbib-exact
SŪKTIKARṆĀMṚTA	commentary-of-work	Comm./Tīkā marker in value	no-bib-record
SŪRY.	book-work	default: bib expansion with no person/periodical signal	pwgbib-exact
SŪRYA	book-work	default: bib expansion with no person/periodical signal	pwgbib-exact
SŪRYA-SIDDHĀNTA	book-work	default: bib expansion with no person/periodical signal	pwgbib-exact
SŪRYADEVA	book-work	default: bib expansion with no person/periodical signal	pwgbib-exact
SŪRYAGR.	book-work	default: bib expansion with no person/periodical signal	pwgbib-exact
SŪRYAS.	book-work	default: bib expansion with no person/periodical signal	pwgbib-exact
SŪRYASIDDH.	book-work	default: bib expansion with no person/periodical signal	pwgbib-exact
SŪRYASTAVA	book-work	default: bib expansion with no person/periodical signal	pwgbib-exact
SŪRYASTOTRA	book-work	default: bib expansion with no person/periodical signal	pwgbib-exact
SŪRYAŚ.	book-work	default: bib expansion with no person/periodical signal	pwgbib-exact
SŪTRA	book-work	default: bib expansion with no person/periodical signal	pwgbib-exact
SŪTRA zum AV.	book-work	default: bib expansion with no person/periodical signal	pwgbib-prefix:SŪTRA
TAITT.	book-work	default: bib expansion with no person/periodical signal	pwgbib-exact
TAITT. BR.	book-work	default: bib expansion with no person/periodical signal	pwgbib-exact
TAITT. PR.	book-work	default: bib expansion with no person/periodical signal	pwgbib-exact
TAITT. PRĀT.	book-work	default: bib expansion with no person/periodical signal	pwgbib-exact
TAITT. SAṂH.	book-work	default: bib expansion with no person/periodical signal	pwgbib-exact
TAITT. UP.	book-work	default: bib expansion with no person/periodical signal	pwgbib-exact
TAITT. ĀR.	book-work	default: bib expansion with no person/periodical signal	pwgbib-exact
TAITTIRĪYA	book-work	default: bib expansion with no person/periodical signal	pwgbib-exact
TANTRA	book-work	default: bib expansion with no person/periodical signal	pwgbib-exact
TANTRACŪḌĀMAṆI	book-work	default: bib expansion with no person/periodical signal	pwgbib-exact
TANTRAPRAMODA	book-work	default: bib expansion with no person/periodical signal	pwgbib-exact
TANTRAS.	book-work	default: bib expansion with no person/periodical signal	pwgbib-exact
TANTRASĀRA	book-work	default: bib expansion with no person/periodical signal	pwgbib-exact
TANTRAŚĀSTRA	book-work	default: bib expansion with no person/periodical signal	pwgbib-exact
TARKAS.	book-work	default: bib expansion with no person/periodical signal	pwgbib-exact
TARKASAṂGR.	book-work	default: bib expansion with no person/periodical signal	no-bib-record
TARKASAṂGRAHA	book-work	default: bib expansion with no person/periodical signal	pwgbib-exact
TARKAVĀGĪŚA	book-work	default: bib expansion with no person/periodical signal	pwgbib-exact
TATTVABODHANĪ	book-work	default: bib expansion with no person/periodical signal	pwgbib-exact
TATTVAK.	book-work	default: bib expansion with no person/periodical signal	pwgbib-exact
TATTVAS.	book-work	default: bib expansion with no person/periodical signal	pwgbib-exact
TBR.	book-work	default: bib expansion with no person/periodical signal	pwgbib-exact
TBR. Comm.	commentary-of-work	Comm./Tīkā marker in value	pwgbib-exact
TEJOB. UP.	book-work	default: bib expansion with no person/periodical signal	no-bib-record
TEJOBINDŪP.	book-work	default: bib expansion with no person/periodical signal	pwgbib-exact
TH. AUFRECHT	book-work	default: bib expansion with no person/periodical signal	pwgbib-exact
TH. GOLDSTÜCKER	book-work	default: bib expansion with no person/periodical signal	no-bib-record
TITHIT.	book-work	default: bib expansion with no person/periodical signal	pwgbib-exact
TITHITATTVA	book-work	default: bib expansion with no person/periodical signal	pwgbib-exact
TITHYĀDIT.	book-work	default: bib expansion with no person/periodical signal	pwgbib-exact
TITHYĀDITATTVA	book-work	default: bib expansion with no person/periodical signal	pwgbib-exact
TRIK.	book-work	default: bib expansion with no person/periodical signal	pwgbib-exact
TRIK. Ind.	book-work	default: bib expansion with no person/periodical signal	pwgbib-prefix:TRIK.
TRIVIKRAMABHAṬṬA	book-work	default: bib expansion with no person/periodical signal	pwgbib-exact
TROY.	book-work	default: bib expansion with no person/periodical signal	pwgbib-exact
TROYER	book-work	default: bib expansion with no person/periodical signal	pwgbib-exact
TROYER, RĀJA-TAR.	book-work	default: bib expansion with no person/periodical signal	pwgbib-prefix:TROYER
TRÜBNERʼs Record	book-work	default: bib expansion with no person/periodical signal	no-bib-record
TS.	book-work	default: bib expansion with no person/periodical signal	pwgbib-exact
TS. ANUKR.	book-work	default: bib expansion with no person/periodical signal	pwgbib-exact
TS. Comm.	commentary-of-work	Comm./Tīkā marker in value	pwgbib-exact
TS. PRĀT.	book-work	default: bib expansion with no person/periodical signal	pwgbib-exact
Text	person-western?	Latin-script surname pattern	no-bib-record
Tib. Lebensb. Śāky.	book-work	default: bib expansion with no person/periodical signal	pwgbib-exact
Trans. R. A. S.	journal-periodical	periodical keyword in tooltip	pwgbib-exact
Tüb. Hdschr.	person-western?	Latin-script surname pattern	pwgbib-exact
Tübinger Universitätsbibl.	person-western?	Latin-script surname pattern	no-bib-record
TĀRAN.	book-work	default: bib expansion with no person/periodical signal	pwgbib-exact
TĀRANĀTHA	book-work	default: bib expansion with no person/periodical signal	pwgbib-exact
TĀṆḌYA-BR.	book-work	default: bib expansion with no person/periodical signal	pwgbib-exact
TĀṆḌYA-BRĀHMAṆA	book-work	default: bib expansion with no person/periodical signal	pwgbib-exact
UDBHAṬA	book-work	default: bib expansion with no person/periodical signal	pwgbib-exact
UDBHAṬADVYARTHAPADYA	book-work	default: bib expansion with no person/periodical signal	pwgbib-exact
UDDHAVADŪTA	book-work	default: bib expansion with no person/periodical signal	pwgbib-exact
UDVĀHAT.	book-work	default: bib expansion with no person/periodical signal	pwgbib-exact
UDVĀHATATTVA	book-work	default: bib expansion with no person/periodical signal	pwgbib-exact
UJJVAL.	book-work	default: bib expansion with no person/periodical signal	pwgbib-exact
UJJVAL. Einl.	book-work	default: bib expansion with no person/periodical signal	pwgbib-prefix:UJJVAL.
UJJVAL. Ind.	book-work	default: bib expansion with no person/periodical signal	pwgbib-prefix:UJJVAL.
UJJVAL., UṆĀDIS. Einl.	book-work	default: bib expansion with no person/periodical signal	pwgbib-prefix:UJJVAL.
UJJVALAD.	book-work	default: bib expansion with no person/periodical signal	pwgbib-exact
UJJVALADATTA	book-work	default: bib expansion with no person/periodical signal	pwgbib-exact
UJJVALANĪLAMAṆI	book-work	default: bib expansion with no person/periodical signal	pwgbib-exact
UP.	book-work	default: bib expansion with no person/periodical signal	pwgbib-exact
UPAG.	book-work	default: bib expansion with no person/periodical signal	pwgbib-exact
UPAG. AV.	journal-periodical	periodical keyword in tooltip	pwgbib-exact
UPAK.	book-work	default: bib expansion with no person/periodical signal	pwgbib-exact
UPAL.	book-work	default: bib expansion with no person/periodical signal	pwgbib-exact
UPALEKHA	book-work	default: bib expansion with no person/periodical signal	pwgbib-exact
UPANIṢAD	book-work	default: bib expansion with no person/periodical signal	pwgbib-exact
UPAPURĀṆA	book-work	default: bib expansion with no person/periodical signal	pwgbib-exact
UTKALAKALIKĀ	book-work	default: bib expansion with no person/periodical signal	pwgbib-exact
UTKALAKHAṆḌA	book-work	default: bib expansion with no person/periodical signal	pwgbib-exact
UTPALA	book-work	default: bib expansion with no person/periodical signal	pwgbib-exact
UTPALINĪ	book-work	default: bib expansion with no person/periodical signal	pwgbib-exact
UTPALINĪK.	book-work	default: bib expansion with no person/periodical signal	pwgbib-exact
UTPALINĪKOŚA	book-work	default: bib expansion with no person/periodical signal	pwgbib-exact
UTPATTITANTRA	book-work	default: bib expansion with no person/periodical signal	pwgbib-exact
UTT. RĀMAC.	book-work	default: bib expansion with no person/periodical signal	pwgbib-exact
UTTAR.	book-work	default: bib expansion with no person/periodical signal	pwgbib-exact
UTTARACORAPAÑCĀŚIKĀ	book-work	default: bib expansion with no person/periodical signal	pwgbib-exact
UTTARAKĀMĀKHYĀTANTRA	book-work	default: bib expansion with no person/periodical signal	pwgbib-exact
UTTARANAIṢADHA	book-work	default: bib expansion with no person/periodical signal	pwgbib-exact
UTTARAR.	book-work	default: bib expansion with no person/periodical signal	pwgbib-exact
UTTARAR. ed. COW.	book-work	default: bib expansion with no person/periodical signal	pwgbib-case
UTTARARATNA	book-work	default: bib expansion with no person/periodical signal	pwgbib-exact
UTTARARĀM.	book-work	default: bib expansion with no person/periodical signal	pwgbib-exact
UTTARARĀMAC.	book-work	default: bib expansion with no person/periodical signal	pwgbib-exact
UTTARARĀMAC. (COWELL)	book-work	default: bib expansion with no person/periodical signal	pwgbib-prefix:UTTARARĀMAC.
UTTARARĀMAC. (ed. COW.)	book-work	default: bib expansion with no person/periodical signal	pwgbib-prefix:UTTARARĀMAC.
UTTARARĀMAC. (ed. COWELL)	book-work	default: bib expansion with no person/periodical signal	pwgbib-exact
UTTARARĀMAC. ed. COW.	book-work	default: bib expansion with no person/periodical signal	pwgbib-case
UTTARARĀMACARITA	book-work	default: bib expansion with no person/periodical signal	pwgbib-exact
UVAṬA	book-work	default: bib expansion with no person/periodical signal	pwgbib-exact
Uebersetzung dieses Stückes	person-western?	Latin-script surname pattern	no-bib-record
UŚANAS	book-work	default: bib expansion with no person/periodical signal	pwgbib-exact
UṆ.	book-work	default: bib expansion with no person/periodical signal	pwgbib-exact
UṆADIVṚ.	book-work	default: bib expansion with no person/periodical signal	pwgbib-exact
UṆĀDIK.	book-work	default: bib expansion with no person/periodical signal	pwgbib-exact
UṆĀDIS.	book-work	default: bib expansion with no person/periodical signal	pwgbib-exact
UṆĀDIS. Einl.	book-work	default: bib expansion with no person/periodical signal	pwgbib-prefix:UṆĀDIS.
UṆĀDIS. Ind.	book-work	default: bib expansion with no person/periodical signal	pwgbib-prefix:UṆĀDIS.
UṆĀDIS. Vorrede	book-work	default: bib expansion with no person/periodical signal	pwgbib-prefix:UṆĀDIS.
UṆĀDIVṚ.	book-work	default: bib expansion with no person/periodical signal	pwgbib-exact
UṆĀDIVṚTTI	book-work	default: bib expansion with no person/periodical signal	pwgbib-exact
Uṇ.	book-work	default: bib expansion with no person/periodical signal	pwgbib-exact
VAHNI-P.	book-work	default: bib expansion with no person/periodical signal	pwgbib-exact
VAHNI-P., GAṄGĀVATARAṆA	book-work	default: bib expansion with no person/periodical signal	pwgbib-prefix:VAHNI-P.
VAIDY.	book-work	default: bib expansion with no person/periodical signal	pwgbib-exact
VAIDYA	book-work	default: bib expansion with no person/periodical signal	pwgbib-exact
VAIDYABH.	book-work	default: bib expansion with no person/periodical signal	pwgbib-exact
VAIDYADARPAṆA	book-work	default: bib expansion with no person/periodical signal	pwgbib-exact
VAIDYAKA	book-work	default: bib expansion with no person/periodical signal	pwgbib-exact
VAIDYAKAPAR.	book-work	default: bib expansion with no person/periodical signal	pwgbib-exact
VAIDYAKAPARIBH.	book-work	default: bib expansion with no person/periodical signal	pwgbib-exact
VAIDYAKAPARIBHĀṢĀ	book-work	default: bib expansion with no person/periodical signal	pwgbib-exact
VAIDYAKAPRAYOGĀMṚTA	book-work	default: bib expansion with no person/periodical signal	pwgbib-exact
VAIJ.	book-work	default: bib expansion with no person/periodical signal	pwgbib-exact
VAIT.	book-work	default: bib expansion with no person/periodical signal	pwgbib-exact
VAITĀN.	book-work	default: bib expansion with no person/periodical signal	pwgbib-exact
VAIV. P.	book-work	default: bib expansion with no person/periodical signal	pwgbib-exact
VAJRAS.	book-work	default: bib expansion with no person/periodical signal	pwgbib-exact
VAJRASŪCI	book-work	default: bib expansion with no person/periodical signal	pwgbib-exact
VAJRĀSANASĀDHANAM.	journal-periodical	periodical keyword in tooltip	pwgbib-exact
VAJRĀSANASĀDHANAMĀLĀ	book-work	default: bib expansion with no person/periodical signal	pwgbib-exact
VALLABHA	book-work	default: bib expansion with no person/periodical signal	pwgbib-exact
VALLABHAGAṆI	book-work	default: bib expansion with no person/periodical signal	pwgbib-exact
VARAR.	book-work	default: bib expansion with no person/periodical signal	pwgbib-exact
VARARUCI	book-work	default: bib expansion with no person/periodical signal	pwgbib-exact
VARĀH.	book-work	default: bib expansion with no person/periodical signal	pwgbib-exact
VARĀH. BṚH.	book-work	default: bib expansion with no person/periodical signal	pwgbib-exact
VARĀH. BṚH. S.	book-work	default: bib expansion with no person/periodical signal	pwgbib-exact
VARĀH. L. JĀT.	book-work	default: bib expansion with no person/periodical signal	pwgbib-exact
VARĀH. LAGH.	book-work	default: bib expansion with no person/periodical signal	pwgbib-exact
VARĀH. LAGHUJ.	book-work	default: bib expansion with no person/periodical signal	pwgbib-exact
VARĀH. LAGHUJĀT.	book-work	default: bib expansion with no person/periodical signal	pwgbib-prefix:VARĀH.
VARĀH. P.	book-work	default: bib expansion with no person/periodical signal	pwgbib-prefix:VARĀH.
VARĀH. YĀTRĀ.	book-work	default: bib expansion with no person/periodical signal	pwgbib-prefix:VARĀH.
VARĀHA-P.	book-work	default: bib expansion with no person/periodical signal	pwgbib-exact
VARĀHAMIHIRA	book-work	default: bib expansion with no person/periodical signal	pwgbib-exact
VARṆADEŚANĀ	book-work	default: bib expansion with no person/periodical signal	pwgbib-exact
VARṆAV.	book-work	default: bib expansion with no person/periodical signal	pwgbib-exact
VARṆAVIVEKA	book-work	default: bib expansion with no person/periodical signal	pwgbib-exact
VAS.	book-work	default: bib expansion with no person/periodical signal	pwgbib-exact
VASANTARĀJAŚĀKUNA	book-work	default: bib expansion with no person/periodical signal	pwgbib-exact
VASIṢṬHA	book-work	default: bib expansion with no person/periodical signal	pwgbib-exact
VASUBANDHU	book-work	default: bib expansion with no person/periodical signal	pwgbib-exact
VAṂŚABR.	book-work	default: bib expansion with no person/periodical signal	pwgbib-exact
VEDA	book-work	default: bib expansion with no person/periodical signal	pwgbib-exact
VEDA-P.	book-work	default: bib expansion with no person/periodical signal	pwgbib-exact
VEDĀNTA	book-work	default: bib expansion with no person/periodical signal	pwgbib-exact
VEDĀNTADARŚANA	book-work	default: bib expansion with no person/periodical signal	pwgbib-exact
VEDĀNTAKĀRIKĀ	book-work	default: bib expansion with no person/periodical signal	pwgbib-exact
VEDĀNTAPAR.	book-work	default: bib expansion with no person/periodical signal	pwgbib-exact
VEDĀNTAPARIBH.	book-work	default: bib expansion with no person/periodical signal	pwgbib-exact
VEDĀNTAPARIBHĀṢĀ	book-work	default: bib expansion with no person/periodical signal	pwgbib-exact
VEDĀNTAS.	book-work	default: bib expansion with no person/periodical signal	pwgbib-exact
VEDĀNTAS. (1829)	book-work	default: bib expansion with no person/periodical signal	pwgbib-prefix:VEDĀNTAS.
VEDĀNTAS. (Allah.)	book-work	default: bib expansion with no person/periodical signal	pwgbib-exact
VEDĀNTAS. (Ausg. von 1829)	book-work	default: bib expansion with no person/periodical signal	pwgbib-exact
VEDĀNTAS. (ed. Calc. 1829)	book-work	default: bib expansion with no person/periodical signal	pwgbib-prefix:VEDĀNTAS.
VEDĀNTAS. Allah.	book-work	default: bib expansion with no person/periodical signal	pwgbib-prefix:VEDĀNTAS.
VEDĀNTAS. [Allah.]	book-work	default: bib expansion with no person/periodical signal	pwgbib-exact
VEDĀNTAS. ed. 1829	book-work	default: bib expansion with no person/periodical signal	pwgbib-prefix:VEDĀNTAS.
VEDĀNTASĀRATĪKĀ	book-work	default: bib expansion with no person/periodical signal	pwgbib-exact
VEDĀNTASŪTRA	book-work	default: bib expansion with no person/periodical signal	pwgbib-exact
VEDĀNTAŚIKH.	book-work	default: bib expansion with no person/periodical signal	pwgbib-exact
VENDIDĀD ed. WEST.	book-work	default: bib expansion with no person/periodical signal	pwgbib-prefix:VENDIDĀD
VET.	book-work	default: bib expansion with no person/periodical signal	pwgbib-exact
VETĀLAPAÑCAV.	book-work	default: bib expansion with no person/periodical signal	pwgbib-exact
VEṆĪS.	book-work	default: bib expansion with no person/periodical signal	pwgbib-exact
VEṆĪS. ed. GRILL	book-work	default: bib expansion with no person/periodical signal	pwgbib-prefix:VEṆĪS.
VEṆĪS. lith. Ausg.	book-work	default: bib expansion with no person/periodical signal	pwgbib-prefix:VEṆĪS.
VEṆĪSAṂH.	book-work	default: bib expansion with no person/periodical signal	no-bib-record
VICĀRANIRṆAYA	book-work	default: bib expansion with no person/periodical signal	pwgbib-exact
VID.	book-work	default: bib expansion with no person/periodical signal	pwgbib-exact
VIDAGDHAMUKHAM.	book-work	default: bib expansion with no person/periodical signal	pwgbib-exact
VIDAGDHAMUKHAMAṆḌANA	book-work	default: bib expansion with no person/periodical signal	pwgbib-exact
VIDAGDHAMĀDHAVA	book-work	default: bib expansion with no person/periodical signal	pwgbib-exact
VIDEHĀDHIPA	book-work	default: bib expansion with no person/periodical signal	pwgbib-exact
VIDVANMODATARAṂGIṆĪ	book-work	default: bib expansion with no person/periodical signal	pwgbib-exact
VIDYĀRAṆYAMUNI	book-work	default: bib expansion with no person/periodical signal	pwgbib-exact
VIDYĀVINODA	book-work	default: bib expansion with no person/periodical signal	pwgbib-exact
VIJAYARAKṢITA	book-work	default: bib expansion with no person/periodical signal	pwgbib-exact
VIJÑĀNEŚVARA	book-work	default: bib expansion with no person/periodical signal	pwgbib-exact
VIKR.	book-work	default: bib expansion with no person/periodical signal	pwgbib-exact
VIKR. (LENZ)	book-work	default: bib expansion with no person/periodical signal	pwgbib-exact
VIKR. ed. BOLL.	book-work	default: bib expansion with no person/periodical signal	pwgbib-prefix:VIKR.
VIKRAM.	book-work	default: bib expansion with no person/periodical signal	pwgbib-exact
VIKRAMAC.	book-work	default: bib expansion with no person/periodical signal	pwgbib-exact
VIKRAMĀDITYA	book-work	default: bib expansion with no person/periodical signal	pwgbib-exact
VIKRAMĀDITYAK.	book-work	default: bib expansion with no person/periodical signal	pwgbib-exact
VIKRAMĀDITYAKOŚA	book-work	default: bib expansion with no person/periodical signal	pwgbib-exact
VIKRAMĀDITYARĀJASABHĀ	book-work	default: bib expansion with no person/periodical signal	pwgbib-exact
VIKRAMĀṄKADEVACARITA	book-work	default: bib expansion with no person/periodical signal	pwgbib-exact
VIMALABODHA	book-work	default: bib expansion with no person/periodical signal	no-bib-record
VINAYA	book-work	default: bib expansion with no person/periodical signal	pwgbib-exact
VINĀYAKA	book-work	default: bib expansion with no person/periodical signal	pwgbib-exact
VIVĀDAC.	book-work	default: bib expansion with no person/periodical signal	pwgbib-exact
VIVĀDĀRṆ.	book-work	default: bib expansion with no person/periodical signal	pwgbib-exact
VIVĀDĀRṆAVAS.	book-work	default: bib expansion with no person/periodical signal	pwgbib-exact
VIVĀDĀRṆAVASETU	book-work	default: bib expansion with no person/periodical signal	pwgbib-exact
VIVĀHAPADDH.	book-work	default: bib expansion with no person/periodical signal	pwgbib-exact
VIŚV.	book-work	default: bib expansion with no person/periodical signal	pwgbib-exact
VIŚVA	book-work	default: bib expansion with no person/periodical signal	pwgbib-exact
VIŚVAGUṆĀDARŚA	book-work	default: bib expansion with no person/periodical signal	pwgbib-exact
VIŚVALOCANA	book-work	default: bib expansion with no person/periodical signal	pwgbib-exact
VIŚVAN.	book-work	default: bib expansion with no person/periodical signal	pwgbib-exact
VIŚVAPR.	book-work	default: bib expansion with no person/periodical signal	pwgbib-exact
VIŚVAPRAKĀŚA	book-work	default: bib expansion with no person/periodical signal	pwgbib-exact
VIŚVASĀRAT.	book-work	default: bib expansion with no person/periodical signal	pwgbib-exact
VIŚVASĀRATANTRA	book-work	default: bib expansion with no person/periodical signal	pwgbib-exact
VIṢṆU	book-work	default: bib expansion with no person/periodical signal	pwgbib-exact
VIṢṆU SŪTRA	book-work	default: bib expansion with no person/periodical signal	pwgbib-prefix:VIṢṆU
VIṢṆUDHARM.	book-work	default: bib expansion with no person/periodical signal	pwgbib-exact
VIṢṆUDHARMOTT.	book-work	default: bib expansion with no person/periodical signal	pwgbib-exact
VIṢṆUDHARMOTTARA	book-work	default: bib expansion with no person/periodical signal	pwgbib-exact
VIṢṆUSAHASRANĀMASTOTRA	book-work	default: bib expansion with no person/periodical signal	pwgbib-exact
VIṢṆUSIDDHĀNTASĀRĀVALĪ	book-work	default: bib expansion with no person/periodical signal	pwgbib-exact
VIṢṆUʼs DHARMAŚ.	book-work	default: bib expansion with no person/periodical signal	pwgbib-prefix:VIṢṆU
VIṢṆUʼs SAHASRANĀMASTOTRA	book-work	default: bib expansion with no person/periodical signal	pwgbib-prefix:VIṢṆU
VOIGT	book-work	default: bib expansion with no person/periodical signal	pwgbib-exact
VOIGT, Hort. Calc.	book-work	default: bib expansion with no person/periodical signal	pwgbib-prefix:VOIGT
VOP.	book-work	default: bib expansion with no person/periodical signal	pwgbib-exact
VOP. (ed. Calc.)	book-work	default: bib expansion with no person/periodical signal	pwgbib-exact
VOP. Einl.	book-work	default: bib expansion with no person/periodical signal	pwgbib-prefix:VOP.
VOP. vor 3,165	book-work	default: bib expansion with no person/periodical signal	pwgbib-prefix:VOP.
VOP. vor 6,34	book-work	default: bib expansion with no person/periodical signal	pwgbib-prefix:VOP.
VOPAD.	book-work	default: bib expansion with no person/periodical signal	pwgbib-exact
VOPADEVA	book-work	default: bib expansion with no person/periodical signal	pwgbib-exact
VOPĀLITA	book-work	default: bib expansion with no person/periodical signal	pwgbib-exact
VP.	book-work	default: bib expansion with no person/periodical signal	pwgbib-exact
VP. (2te Aufl.)	book-work	default: bib expansion with no person/periodical signal	pwgbib-exact
VP. (II)	book-work	default: bib expansion with no person/periodical signal	pwgbib-prefix:VP.
VP. 2te Aufl.	book-work	default: bib expansion with no person/periodical signal	pwgbib-prefix:VP.
VP. Einl.	book-work	default: bib expansion with no person/periodical signal	pwgbib-prefix:VP.
VP. Pref.	book-work	default: bib expansion with no person/periodical signal	pwgbib-prefix:VP.
VRAJABHAKTIVILĀSA	book-work	default: bib expansion with no person/periodical signal	pwgbib-exact
VRATARĀJA	book-work	default: bib expansion with no person/periodical signal	pwgbib-exact
VS.	book-work	default: bib expansion with no person/periodical signal	pwgbib-exact
VS. ANUKR.	book-work	default: bib expansion with no person/periodical signal	pwgbib-exact
VS. App.	book-work	default: bib expansion with no person/periodical signal	pwgbib-prefix:VS.
VS. Append.	book-work	default: bib expansion with no person/periodical signal	pwgbib-prefix:VS.
VS. Appendix	book-work	default: bib expansion with no person/periodical signal	pwgbib-prefix:VS.
VS. Ausg.	book-work	default: bib expansion with no person/periodical signal	pwgbib-prefix:VS.
VS. KĀṆVA	book-work	default: bib expansion with no person/periodical signal	pwgbib-prefix:VS.
VS. KĀṆVA-Rec.	book-work	default: bib expansion with no person/periodical signal	pwgbib-prefix:VS.
VS. PRĀT.	book-work	default: bib expansion with no person/periodical signal	pwgbib-exact
VYAVAHĀRAT.	book-work	default: bib expansion with no person/periodical signal	pwgbib-exact
VYAVAHĀRATATTVA	book-work	default: bib expansion with no person/periodical signal	pwgbib-exact
VYUTP.	journal-periodical	periodical keyword in tooltip	pwgbib-exact
VYĀGHRABH.	book-work	default: bib expansion with no person/periodical signal	pwgbib-exact
VYĀGHRABHŪTI	book-work	default: bib expansion with no person/periodical signal	pwgbib-exact
VYĀSA	book-work	default: bib expansion with no person/periodical signal	pwgbib-exact
VYĀḌI	book-work	default: bib expansion with no person/periodical signal	pwgbib-exact
Verh. d. k. s. Ges. d. W. zu Leipzig, phil.-hist. Kl.	person-author	person descriptor in tooltip	pwgbib-prefix:Verh. d. k. s. Ges. d. W.
Verz. d. B. H.	person-author	person descriptor in tooltip	pwgbib-exact
Verz. d. Cambr. H.	person-western?	Latin-script surname pattern	pwgbib-exact
Verz. d. Cambr. Hdschr.	person-western?	Latin-script surname pattern	pwgbib-exact
Verz. d. Kop. H.	person-western?	Latin-script surname pattern	pwgbib-exact
Verz. d. Kopenh. H.	person-western?	Latin-script surname pattern	pwgbib-exact
Verz. d. Oxf.	person-western?	Latin-script surname pattern	pwgbib-exact
Verz. d. Oxf. H.	person-western?	Latin-script surname pattern	pwgbib-exact
Verz. d. Oxf. H. Addenda et Corrigenda	person-western?	Latin-script surname pattern	pwgbib-prefix:Verz. d. Oxf. H.
Verz. d. P. H.	person-western?	Latin-script surname pattern	pwgbib-exact
Verz. d. PET. H.	person-western?	Latin-script surname pattern	pwgbib-exact
Verz. d. Pet. H.	journal-periodical	periodical keyword in tooltip	pwgbib-exact
Verz. d. Pet. Hdschr.	person-western?	Latin-script surname pattern	pwgbib-exact
Verz. d. T. H.	person-western?	Latin-script surname pattern	pwgbib-exact
Verz. d. T. Hdschrr.	person-western?	Latin-script surname pattern	pwgbib-exact
Verz. d. Tüb. H.	person-western?	Latin-script surname pattern	pwgbib-exact
Verz. d. Tüb. Hdschr.	person-western?	Latin-script surname pattern	pwgbib-exact
Verz. der B. H.	person-western?	Latin-script surname pattern	pwgbib-exact
Verz. der Oxf. H.	person-western?	Latin-script surname pattern	pwgbib-exact
Verz. der Pet. H.	person-western?	Latin-script surname pattern	pwgbib-exact
Vie de HIOUEN-THSANG	person-western?	Latin-script surname pattern	pwgbib-exact
Vierschach Monatsberr. d. K. Pr. Ak. d. Ww.	person-western?	Latin-script surname pattern	no-bib-record
Vol. IV der Bibl. ind.	person-western?	Latin-script surname pattern	no-bib-record
Vorr. zum DHĀTUP.	book-work	default: bib expansion with no person/periodical signal	no-bib-record
Vorrede	person-western?	Latin-script surname pattern	no-bib-record
Vorrede zu AK.	person-western?	Latin-script surname pattern	no-bib-record
Vorrede zu SĀṂKHYAPRAV.	book-work	default: bib expansion with no person/periodical signal	no-bib-record
Vorrede zum AIT. BR.	person-western?	Latin-script surname pattern	no-bib-record
Vorrede zum VP.	person-western?	Latin-script surname pattern	no-bib-record
Vorworte zu SĀṂKHYAPRAV.	book-work	default: bib expansion with no person/periodical signal	no-bib-record
VĀCASP.	book-work	default: bib expansion with no person/periodical signal	pwgbib-exact
VĀCASPATI	book-work	default: bib expansion with no person/periodical signal	pwgbib-exact
VĀCASPATIMIŚRA	book-work	default: bib expansion with no person/periodical signal	pwgbib-exact
VĀGBH.	book-work	default: bib expansion with no person/periodical signal	pwgbib-exact
VĀGBHAṬA	book-work	default: bib expansion with no person/periodical signal	pwgbib-exact
VĀLAKH.	book-work	default: bib expansion with no person/periodical signal	pwgbib-exact
VĀMAKEŚVARATANTRA	book-work	default: bib expansion with no person/periodical signal	pwgbib-exact
VĀMANA	book-work	default: bib expansion with no person/periodical signal	pwgbib-exact
VĀMANA-P.	book-work	default: bib expansion with no person/periodical signal	pwgbib-exact
VĀR. P.	book-work	default: bib expansion with no person/periodical signal	pwgbib-exact
VĀRĀHA-P.	book-work	default: bib expansion with no person/periodical signal	pwgbib-exact
VĀRĀHĪTANTRA	book-work	default: bib expansion with no person/periodical signal	pwgbib-exact
VĀSAV.	book-work	default: bib expansion with no person/periodical signal	pwgbib-exact
VĀSAVAD.	book-work	default: bib expansion with no person/periodical signal	pwgbib-exact
VĀSAVADATT.	book-work	default: bib expansion with no person/periodical signal	pwgbib-exact
VĀSIṢṬHARĀMĀYAṆA	book-work	default: bib expansion with no person/periodical signal	pwgbib-exact
VĀTAR.	book-work	default: bib expansion with no person/periodical signal	pwgbib-exact
VĀTSY. K.	book-work	default: bib expansion with no person/periodical signal	pwgbib-exact
VĀTSYĀYANA	book-work	default: bib expansion with no person/periodical signal	pwgbib-exact
VĀYU-P.	book-work	default: bib expansion with no person/periodical signal	pwgbib-exact
VĀYU-P., GAYĀPADDH.	book-work	default: bib expansion with no person/periodical signal	pwgbib-prefix:VĀYU-P.
Vārtt.	book-work	default: bib expansion with no person/periodical signal	pwgbib-exact
VĪR.	book-work	default: bib expansion with no person/periodical signal	pwgbib-exact
VĪRAM.	book-work	default: bib expansion with no person/periodical signal	pwgbib-exact
VĪRAMITR.	book-work	default: bib expansion with no person/periodical signal	pwgbib-exact
VĪRAMITROD.	book-work	default: bib expansion with no person/periodical signal	pwgbib-exact
VĪRAMITRODAYA	book-work	default: bib expansion with no person/periodical signal	pwgbib-exact
VĪREŚVARASTOTRA	book-work	default: bib expansion with no person/periodical signal	pwgbib-exact
VṚDDHA-BṚHASP.	book-work	default: bib expansion with no person/periodical signal	pwgbib-exact
VṚDDHA-CĀṆ.	book-work	default: bib expansion with no person/periodical signal	pwgbib-exact
VṚDDHA-M.	book-work	default: bib expansion with no person/periodical signal	pwgbib-exact
VṚDDHA-MANU	book-work	default: bib expansion with no person/periodical signal	pwgbib-exact
VṚDDHACĀṆ.	book-work	default: bib expansion with no person/periodical signal	pwgbib-exact
VṚDDHACĀṆ. Einl.	book-work	default: bib expansion with no person/periodical signal	pwgbib-prefix:VṚDDHACĀṆ.
VṚDDHAGĀRGYA	book-work	default: bib expansion with no person/periodical signal	pwgbib-exact
VṚDDHAMANU	book-work	default: bib expansion with no person/periodical signal	pwgbib-exact
VṚDDHAYOGATARAṂGIṆĪ	book-work	default: bib expansion with no person/periodical signal	pwgbib-exact
VṚDDHĀDITYASAṂHITĀ	book-work	default: bib expansion with no person/periodical signal	pwgbib-exact
VṚNDĀVANAŚ.	book-work	default: bib expansion with no person/periodical signal	pwgbib-exact
VṚTTARATNĀV.	book-work	default: bib expansion with no person/periodical signal	pwgbib-exact
VṚTTARATNĀVALĪ	book-work	default: bib expansion with no person/periodical signal	no-bib-record
W. D. WHITNEY	book-work	default: bib expansion with no person/periodical signal	no-bib-record
W. PERTSCH	book-work	default: bib expansion with no person/periodical signal	pwgbib-exact
WALKER	book-work	default: bib expansion with no person/periodical signal	pwgbib-exact
WALLICH	book-work	default: bib expansion with no person/periodical signal	pwgbib-exact
WARREN	book-work	default: bib expansion with no person/periodical signal	pwgbib-exact
WARREN, KALA SANK.	book-work	default: bib expansion with no person/periodical signal	pwgbib-prefix:WARREN
WARREN, KALA SANK. Useful Tables	book-work	default: bib expansion with no person/periodical signal	pwgbib-prefix:WARREN
WARREN, KĀLASAṂK.	book-work	default: bib expansion with no person/periodical signal	pwgbib-prefix:WARREN
WASSILJEW	book-work	default: bib expansion with no person/periodical signal	pwgbib-exact
WATSON	book-work	default: bib expansion with no person/periodical signal	pwgbib-exact
WEBER	book-work	default: bib expansion with no person/periodical signal	pwgbib-exact
WEBER, BHAG.	book-work	default: bib expansion with no person/periodical signal	pwgbib-exact
WEBER, BHAGAV.	book-work	default: bib expansion with no person/periodical signal	pwgbib-prefix:WEBER
WEBER, BHAGAVATĪ	book-work	default: bib expansion with no person/periodical signal	pwgbib-prefix:WEBER
BHAGAVATĪ	book-work	default: bib expansion with no person/periodical signal	pwgbib-exact
WEBER, HĀLA	book-work	default: bib expansion with no person/periodical signal	pwgbib-prefix:WEBER
WEBER, Ind. Lit.	book-work	default: bib expansion with no person/periodical signal	pwgbib-exact
WEBER, Ind. St.	book-work	default: bib expansion with no person/periodical signal	pwgbib-exact
WEBER, Ind. Str.	book-work	default: bib expansion with no person/periodical signal	pwgbib-prefix:WEBER
WEBER, Ind. Streifen	book-work	default: bib expansion with no person/periodical signal	pwgbib-exact
WEBER, Indische Skizzen	book-work	default: bib expansion with no person/periodical signal	pwgbib-exact
WEBER, Indische Streifen	journal-periodical	periodical keyword in tooltip	pwgbib-exact
WEBER, JYOT.	book-work	default: bib expansion with no person/periodical signal	pwgbib-exact
WEBER, KṚṢNAJ.	book-work	default: bib expansion with no person/periodical signal	pwgbib-prefix:WEBER
WEBER, KṚṢṆAJ.	book-work	default: bib expansion with no person/periodical signal	pwgbib-exact
WEBER, Lit.	book-work	default: bib expansion with no person/periodical signal	pwgbib-exact
WEBER, Nax.	book-work	default: bib expansion with no person/periodical signal	pwgbib-prefix:WEBER
WEBER, Naxatra	book-work	default: bib expansion with no person/periodical signal	pwgbib-prefix:WEBER
WEBER, Omina	book-work	default: bib expansion with no person/periodical signal	pwgbib-exact
WEBER, PRATIJÑĀS.	book-work	default: bib expansion with no person/periodical signal	pwgbib-exact
WEBER, RĀMAT.	book-work	default: bib expansion with no person/periodical signal	pwgbib-prefix:WEBER
WEBER, RĀMAT. UP.	book-work	default: bib expansion with no person/periodical signal	pwgbib-exact
WEBER, TS.	book-work	default: bib expansion with no person/periodical signal	pwgbib-prefix:WEBER
WEBER, Ueber das RĀMĀYAṆA	book-work	default: bib expansion with no person/periodical signal	pwgbib-exact
WEBER, VAJRAS.	book-work	default: bib expansion with no person/periodical signal	pwgbib-prefix:WEBER
WEBER, VAJRASŪCI	book-work	default: bib expansion with no person/periodical signal	pwgbib-prefix:WEBER
WEBER, VS.	book-work	default: bib expansion with no person/periodical signal	pwgbib-prefix:WEBER
WEBER, Zwei vedische Texte über Omina und Portenta	book-work	default: bib expansion with no person/periodical signal	pwgbib-prefix:WEBER
WEST	book-work	default: bib expansion with no person/periodical signal	pwgbib-exact
WEST.	book-work	default: bib expansion with no person/periodical signal	pwgbib-exact
WEST. DHĀTUP.	book-work	default: bib expansion with no person/periodical signal	pwgbib-exact
WEST. Rad.	book-work	default: bib expansion with no person/periodical signal	pwgbib-exact
WEST. Radices, Einl.	book-work	default: bib expansion with no person/periodical signal	pwgbib-prefix:WEST. Radices
WESTERG.	book-work	default: bib expansion with no person/periodical signal	pwgbib-exact
WESTERGAARD	book-work	default: bib expansion with no person/periodical signal	pwgbib-exact
WESTERGAARD, DHĀTUP. Einl.	book-work	default: bib expansion with no person/periodical signal	pwgbib-prefix:WESTERGAARD
WESTERGAARD, Radd.	book-work	default: bib expansion with no person/periodical signal	pwgbib-exact
WESTERGAARD, Radices	book-work	default: bib expansion with no person/periodical signal	pwgbib-exact
WHITE	book-work	default: bib expansion with no person/periodical signal	pwgbib-exact
WHITNEY	book-work	default: bib expansion with no person/periodical signal	pwgbib-exact
WIGHT	book-work	default: bib expansion with no person/periodical signal	pwgbib-exact
WILKINS	book-work	default: bib expansion with no person/periodical signal	pwgbib-exact
WILKINS Ms.	book-work	default: bib expansion with no person/periodical signal	pwgbib-exact
WILKINS, Gramm.	book-work	default: bib expansion with no person/periodical signal	pwgbib-exact
WILLIAMS	book-work	default: bib expansion with no person/periodical signal	pwgbib-exact
WILS.	book-work	default: bib expansion with no person/periodical signal	pwgbib-exact
WILSON	book-work	default: bib expansion with no person/periodical signal	pwgbib-exact
WILSONE	book-work	default: bib expansion with no person/periodical signal	pwgbib-exact
H. H. WILSON	book-work	default: bib expansion with no person/periodical signal	pwgbib-prefix:H.
WILS. Hindu Th.	book-work	default: bib expansion with no person/periodical signal	pwgbib-prefix:WILS.
WILSON, Hindu Th.	book-work	default: bib expansion with no person/periodical signal	pwgbib-exact
WILS., A Gloss. of jud. and rev. terms	book-work	default: bib expansion with no person/periodical signal	pwgbib-prefix:WILS.
WILSON, A Gloss. of jud. and rev. terms	book-work	default: bib expansion with no person/periodical signal	pwgbib-case
WILSON in A Gloss. of jud. and rev. terms	book-work	default: bib expansion with no person/periodical signal	pwgbib-prefix:WILSON
WILSON, DAŚAK.	book-work	default: bib expansion with no person/periodical signal	pwgbib-exact
WILSON, Dict. 1te Aufl.	book-work	default: bib expansion with no person/periodical signal	pwgbib-prefix:WILSON, Dict.
WILSON, Dict. 1te Aufl. Pref.	book-work	default: bib expansion with no person/periodical signal	pwgbib-prefix:WILSON, Dict.
WILSON in der 1ten Auflage des Wört.	book-work	default: bib expansion with no person/periodical signal	pwgbib-prefix:WILSON
WILSONʼs Wört.	book-work	default: bib expansion with no person/periodical signal	pwgbib-prefix:WILSON
WILS. Lex. 1ste Ausg. Pref.	book-work	default: bib expansion with no person/periodical signal	pwgbib-prefix:WILS. Lex.
WILS. 1ste Aufl.	book-work	default: bib expansion with no person/periodical signal	pwgbib-prefix:WILS.
WILS. (1ste Aufl.)	book-work	default: bib expansion with no person/periodical signal	pwgbib-prefix:WILS.
WILS. (2te Aufl.)	book-work	default: bib expansion with no person/periodical signal	pwgbib-prefix:WILS.
WILSON (2te Aufl.)	book-work	default: bib expansion with no person/periodical signal	pwgbib-prefix:WILSON
WILSON, Sel. Works	book-work	default: bib expansion with no person/periodical signal	pwgbib-exact
WILSON, Sel. spec. of the Theatre of the Hindus	book-work	default: bib expansion with no person/periodical signal	pwgbib-exact
WILSON, Sel. spec. of the Th. of the Hindus	book-work	default: bib expansion with no person/periodical signal	pwgbib-case
WILSON, Th. of the H.	book-work	default: bib expansion with no person/periodical signal	pwgbib-prefix:WILSON
WILSON, Th. of the Hindus	book-work	default: bib expansion with no person/periodical signal	pwgbib-exact
WILSON, Theatre of the Hindus	book-work	default: bib expansion with no person/periodical signal	pwgbib-exact
WILSON, SĀṂKHYAK.	book-work	default: bib expansion with no person/periodical signal	pwgbib-exact
WILSONʼs SĀṂKHYAK.	book-work	default: bib expansion with no person/periodical signal	pwgbib-prefix:WILSON
WILSONʼs Ausg.	book-work	default: bib expansion with no person/periodical signal	pwgbib-prefix:WILSON
WIND.	book-work	default: bib expansion with no person/periodical signal	pwgbib-exact
WINDISCH	book-work	default: bib expansion with no person/periodical signal	pwgbib-exact
WINDISCHMANN	book-work	default: bib expansion with no person/periodical signal	pwgbib-exact
WIND. Sancara	book-work	default: bib expansion with no person/periodical signal	pwgbib-exact
WINDISCHMANN, Sanc.	book-work	default: bib expansion with no person/periodical signal	pwgbib-exact
WINDISCHMANN, Sancara	book-work	default: bib expansion with no person/periodical signal	pwgbib-exact
WIND. Die Philos. im Fortg. d. Weltg.	book-work	default: bib expansion with no person/periodical signal	pwgbib-exact
WINDISCHMANN, Die Philos. im Fortg. d. Weltg.	book-work	default: bib expansion with no person/periodical signal	pwgbib-prefix:WINDISCHMANN
WISE	book-work	default: bib expansion with no person/periodical signal	pwgbib-exact
WISE, Comm.	commentary-of-work	Comm./Tīkā marker in value	pwgbib-prefix:WISE
WOLLHEIM	book-work	default: bib expansion with no person/periodical signal	pwgbib-exact
WOLLH. Myth.	book-work	default: bib expansion with no person/periodical signal	pwgbib-exact
WOLLHEIM, Myth.	book-work	default: bib expansion with no person/periodical signal	pwgbib-exact
Wurzeln des Altslov.	person-western?	Latin-script surname pattern	no-bib-record
YAJ. V.	book-work	default: bib expansion with no person/periodical signal	pwgbib-exact
YAJURVEDA	book-work	default: bib expansion with no person/periodical signal	pwgbib-exact
YAJUS	book-work	default: bib expansion with no person/periodical signal	pwgbib-exact
YAJÑ.	book-work	default: bib expansion with no person/periodical signal	pwgbib-exact
YAJÑAD.	book-work	default: bib expansion with no person/periodical signal	pwgbib-exact
YAJÑAD. (LOIS.)	book-work	default: bib expansion with no person/periodical signal	pwgbib-exact
YAJÑADATT.	book-work	default: bib expansion with no person/periodical signal	pwgbib-exact
YAJÑADATTAV.	book-work	default: bib expansion with no person/periodical signal	pwgbib-exact
YAMA	book-work	default: bib expansion with no person/periodical signal	pwgbib-exact
YATES, Gr.	book-work	default: bib expansion with no person/periodical signal	pwgbib-exact
YATIDHARMASAṂGRAHA	book-work	default: bib expansion with no person/periodical signal	pwgbib-exact
YAVANEŚV.	book-work	default: bib expansion with no person/periodical signal	pwgbib-exact
YAVANEŚVARA	book-work	default: bib expansion with no person/periodical signal	pwgbib-exact
YAŚNA	book-work	default: bib expansion with no person/periodical signal	pwgbib-exact
YAṢT	book-work	default: bib expansion with no person/periodical signal	pwgbib-exact
YOGAS.	book-work	default: bib expansion with no person/periodical signal	pwgbib-exact
YOGASĀRA	book-work	default: bib expansion with no person/periodical signal	pwgbib-exact
YOGAT.	book-work	default: bib expansion with no person/periodical signal	pwgbib-exact
YOGAT. UP.	book-work	default: bib expansion with no person/periodical signal	pwgbib-prefix:YOGAT.
YOGATATTVA	book-work	default: bib expansion with no person/periodical signal	pwgbib-exact
YOGATATTVOP.	book-work	default: bib expansion with no person/periodical signal	pwgbib-exact
YOGAYĀTRĀ	book-work	default: bib expansion with no person/periodical signal	pwgbib-exact
YOGAŚ.	book-work	default: bib expansion with no person/periodical signal	pwgbib-exact
YOGINĪTANTRA	book-work	default: bib expansion with no person/periodical signal	pwgbib-exact
YOGIYĀJÑAVALKYA	book-work	default: bib expansion with no person/periodical signal	pwgbib-exact
YUKTIKALPAT.	commentary-of-work	Comm./Tīkā marker in value	pwgbib-exact
YUKTIKALPATARU	commentary-of-work	Comm./Tīkā marker in value	pwgbib-exact
YĀDAVA	book-work	default: bib expansion with no person/periodical signal	pwgbib-exact
YĀJÑ.	book-work	default: bib expansion with no person/periodical signal	pwgbib-exact
YĀJÑ. Vorrede	book-work	default: bib expansion with no person/periodical signal	pwgbib-prefix:YĀJÑ.
YĀJÑA.	book-work	default: bib expansion with no person/periodical signal	no-bib-record
YĀJÑAVALKYAʼs Gesetzbuch	book-work	default: bib expansion with no person/periodical signal	no-bib-record
YĀJÑIKAD.	book-work	default: bib expansion with no person/periodical signal	no-bib-record
YĀJÑIKAD. PADDH.	book-work	default: bib expansion with no person/periodical signal	no-bib-record
YĀMITRAVEDHA	book-work	default: bib expansion with no person/periodical signal	pwgbib-exact
YĀSKA	book-work	default: bib expansion with no person/periodical signal	pwgbib-exact
Z. d. d. m. G.	journal-periodical	periodical keyword in tooltip	pwgbib-exact
Zeitschr. d. d. m. G.	journal-periodical	periodical keyword in tooltip	pwgbib-exact
Z. f. d. K. d. M.	journal-periodical	periodical keyword in tooltip	pwgbib-exact
Z. f. die K. d. M.	journal-periodical	periodical keyword in tooltip	pwgbib-exact
Z. f. d. W. d. S.	journal-periodical	periodical keyword in tooltip	pwgbib-exact
Z. f. d. W. d. Spr.	journal-periodical	periodical keyword in tooltip	pwgbib-exact
Zeitschr. f. d. W. d. Spr.	person-western?	Latin-script surname pattern	pwgbib-exact
Z. f. vgl. Spr.	journal-periodical	periodical keyword in tooltip	pwgbib-exact
Zeitschr. f. vgl. Spr.	journal-periodical	periodical keyword in tooltip	pwgbib-exact
Zeitschrift für vergl. Sprachf.	journal-periodical	periodical keyword in tooltip	no-bib-record
Zur G. u. L. d. W.	person-western?	Latin-script surname pattern	pwgbib-exact
Zur Lit. u. G. des W.	person-western?	Latin-script surname pattern	pwgbib-exact
deutschen Ausg. des ṚV.	book-work	default: bib expansion with no person/periodical signal	no-bib-record
ebend.	book-work	default: bib expansion with no person/periodical signal	no-bib-record
ebendas.	book-work	default: bib expansion with no person/periodical signal	no-bib-record
ed. Bomb.	book-work	default: bib expansion with no person/periodical signal	pwgbib-exact
ed. Calc.	book-work	default: bib expansion with no person/periodical signal	pwgbib-exact
handschriftlich auf der Tübinger Universitäts-Bibl.	book-work	default: bib expansion with no person/periodical signal	no-bib-record
handschriftlich in der Kais. Bibl. zu Paris	book-work	default: bib expansion with no person/periodical signal	no-bib-record
handschriftlich in der Pariser Bibl.	book-work	default: bib expansion with no person/periodical signal	no-bib-record
ibid.	book-work	default: bib expansion with no person/periodical signal	no-bib-record
id.	book-work	default: bib expansion with no person/periodical signal	no-bib-record
lith. Ausg.	book-work	default: bib expansion with no person/periodical signal	pwgbib-exact
lithogr. Bombay	book-work	default: bib expansion with no person/periodical signal	no-bib-record
lithographirte Ausgabe in Bombay	book-work	default: bib expansion with no person/periodical signal	no-bib-record
padap.	book-work	default: bib expansion with no person/periodical signal	pwgbib-case
praef. zu den Radd.	book-work	default: bib expansion with no person/periodical signal	no-bib-record
ĀCĀRABHEDATANTRA	book-work	default: bib expansion with no person/periodical signal	pwgbib-exact
ĀCĀRAMĀRTAṆḌA	book-work	default: bib expansion with no person/periodical signal	pwgbib-exact
ĀCĀRANIRṆAYAT.	book-work	default: bib expansion with no person/periodical signal	pwgbib-exact
ĀDYAVAHNIPURĀṆA	book-work	default: bib expansion with no person/periodical signal	no-bib-record
ĀGAMA	book-work	default: bib expansion with no person/periodical signal	pwgbib-exact
ĀGNEYA-P.	book-work	default: bib expansion with no person/periodical signal	pwgbib-exact
ĀHN.	book-work	default: bib expansion with no person/periodical signal	pwgbib-exact
ĀHNIKAT.	book-work	default: bib expansion with no person/periodical signal	pwgbib-exact
ĀHNIKATATTVA	book-work	default: bib expansion with no person/periodical signal	pwgbib-exact
ĀHNIKĀCĀRAT.	book-work	default: bib expansion with no person/periodical signal	pwgbib-exact
ĀHNIKĀCĀRATATTVA	book-work	default: bib expansion with no person/periodical signal	pwgbib-exact
ĀNANDACAMPU	book-work	default: bib expansion with no person/periodical signal	pwgbib-exact
ĀNANDAGIRI	book-work	default: bib expansion with no person/periodical signal	pwgbib-exact
ĀNANDAL.	book-work	default: bib expansion with no person/periodical signal	pwgbib-exact
ĀNANDALAH.	book-work	default: bib expansion with no person/periodical signal	pwgbib-exact
ĀNANDAV.	book-work	default: bib expansion with no person/periodical signal	pwgbib-exact
ĀNANDAV. UP.	book-work	default: bib expansion with no person/periodical signal	pwgbib-prefix:ĀNANDAV.
ĀP. PRAY.	book-work	default: bib expansion with no person/periodical signal	no-bib-record
ĀPAST.	book-work	default: bib expansion with no person/periodical signal	pwgbib-exact
ĀPASTAMBA	book-work	default: bib expansion with no person/periodical signal	pwgbib-exact
ĀPIŚALA	book-work	default: bib expansion with no person/periodical signal	pwgbib-exact
ĀPIŚALI	book-work	default: bib expansion with no person/periodical signal	pwgbib-exact
ĀRAṆYAGĀNA Tüb. Hdschr.	book-work	default: bib expansion with no person/periodical signal	pwgbib-prefix:ĀRAṆYAGĀNA
ĀRAṆYASAṂH.	book-work	default: bib expansion with no person/periodical signal	pwgbib-exact
ĀRUṆ. UP.	book-work	default: bib expansion with no person/periodical signal	pwgbib-exact
ĀRUṆIKOP.	book-work	default: bib expansion with no person/periodical signal	pwgbib-exact
ĀRYABH.	book-work	default: bib expansion with no person/periodical signal	pwgbib-exact
ĀRYABH. SIDDH.	book-work	default: bib expansion with no person/periodical signal	pwgbib-prefix:ĀRYABH.
ĀRYABH. ĀRYĀṢṬAŚ.	book-work	default: bib expansion with no person/periodical signal	pwgbib-prefix:ĀRYABH.
ĀRYABH. ĀRYĀṢṬAŚATA	book-work	default: bib expansion with no person/periodical signal	pwgbib-prefix:ĀRYABH.
ĀRYABHAṬA	book-work	default: bib expansion with no person/periodical signal	pwgbib-exact
ĀRYABHAṬA SIDDH.	book-work	default: bib expansion with no person/periodical signal	pwgbib-prefix:ĀRYABHAṬA
ĀRYABHAṬĪYA	book-work	default: bib expansion with no person/periodical signal	pwgbib-exact
ĀRYABHAṬṬA	book-work	default: bib expansion with no person/periodical signal	pwgbib-exact
ĀRYAVIDYĀSUDH.	book-work	default: bib expansion with no person/periodical signal	pwgbib-exact
ĀRYAVIDYĀSUDHĀKARA	book-work	default: bib expansion with no person/periodical signal	pwgbib-exact
ĀRYĀS.	book-work	default: bib expansion with no person/periodical signal	pwgbib-exact
ĀTMAB.	book-work	default: bib expansion with no person/periodical signal	pwgbib-exact
ĀTMOP.	book-work	default: bib expansion with no person/periodical signal	pwgbib-exact
ĀŚRAMOP.	book-work	default: bib expansion with no person/periodical signal	pwgbib-exact
ĀŚV.	book-work	default: bib expansion with no person/periodical signal	pwgbib-exact
ĀŚV. GṚHY.	book-work	default: bib expansion with no person/periodical signal	pwgbib-exact
ĀŚV. GṚHY. PARIŚ.	book-work	default: bib expansion with no person/periodical signal	pwgbib-exact
ĀŚV. GṚHY. ed. ST.	book-work	default: bib expansion with no person/periodical signal	pwgbib-prefix:ĀŚV. GṚHY.
ĀŚV. ŚR.	book-work	default: bib expansion with no person/periodical signal	pwgbib-exact
ĪŚOP.	book-work	default: bib expansion with no person/periodical signal	pwgbib-exact
ĪŚVARAG.	book-work	default: bib expansion with no person/periodical signal	pwgbib-exact
ŚABARASVĀMIN	book-work	default: bib expansion with no person/periodical signal	no-bib-record
ŚABD.	book-work	default: bib expansion with no person/periodical signal	pwgbib-exact
ŚABDABHEDAPRAKĀŚA	book-work	default: bib expansion with no person/periodical signal	pwgbib-exact
ŚABDAC.	book-work	default: bib expansion with no person/periodical signal	pwgbib-exact
ŚABDAK.	book-work	default: bib expansion with no person/periodical signal	pwgbib-exact
ŚABDAKAUSTUBHA	book-work	default: bib expansion with no person/periodical signal	pwgbib-exact
ŚABDAM.	book-work	default: bib expansion with no person/periodical signal	pwgbib-exact
ŚABDAMUKTĀM.	book-work	default: bib expansion with no person/periodical signal	pwgbib-exact
ŚABDAMUKTĀV.	book-work	default: bib expansion with no person/periodical signal	pwgbib-exact
ŚABDAR.	book-work	default: bib expansion with no person/periodical signal	pwgbib-exact
ŚABDASAṂDARBHASINDHU	book-work	default: bib expansion with no person/periodical signal	pwgbib-exact
ŚABDASTOMAMAHĀNIDHI	book-work	default: bib expansion with no person/periodical signal	no-bib-record
ŚABDAŚAKTIPRAKĀŚIKĀ	book-work	default: bib expansion with no person/periodical signal	pwgbib-exact
ŚABDĀRTH.	book-work	default: bib expansion with no person/periodical signal	pwgbib-exact
ŚABDĀRTHAK.	book-work	default: bib expansion with no person/periodical signal	pwgbib-exact
ŚABDĀRTHAKALP.	book-work	default: bib expansion with no person/periodical signal	pwgbib-exact
ŚABDĀRTHAKALPAT.	book-work	default: bib expansion with no person/periodical signal	pwgbib-exact
ŚABDĀRTHAKALPATARU	book-work	default: bib expansion with no person/periodical signal	pwgbib-exact
ŚABDĀRṆ.	book-work	default: bib expansion with no person/periodical signal	pwgbib-exact
ŚABDĀRṆAVA	book-work	default: bib expansion with no person/periodical signal	pwgbib-exact
ŚAIVATANTRA	book-work	default: bib expansion with no person/periodical signal	pwgbib-exact
ŚAKTISAṂGAMATANTRA	book-work	default: bib expansion with no person/periodical signal	pwgbib-exact
ŚAKUNTALOPĀKHYĀNA (ed. CHEZY)	book-work	default: bib expansion with no person/periodical signal	pwgbib-exact
ŚAT. BR.	book-work	default: bib expansion with no person/periodical signal	pwgbib-exact
ŚATAKĀV.	book-work	default: bib expansion with no person/periodical signal	pwgbib-exact
ŚATAKĀVAD.	book-work	default: bib expansion with no person/periodical signal	no-bib-record
ŚATAP. BR.	book-work	default: bib expansion with no person/periodical signal	pwgbib-exact
ŚATAR.	book-work	default: bib expansion with no person/periodical signal	pwgbib-exact
ŚATAR. UP.	book-work	default: bib expansion with no person/periodical signal	pwgbib-exact
ŚATR.	book-work	default: bib expansion with no person/periodical signal	pwgbib-exact
ŚAUNAKA	book-work	default: bib expansion with no person/periodical signal	pwgbib-exact
ŚAṂK.	person-author	person descriptor in tooltip	pwgbib-exact
ŚAṂKARA	person-author	person descriptor in tooltip	pwgbib-exact
ŚAṂKARAJAYA	book-work	default: bib expansion with no person/periodical signal	pwgbib-exact
ŚAṂKARAMIŚRA	person-author	person descriptor in tooltip	pwgbib-prefix:ŚAṂKARA
ŚAṂKARAVIJ.	book-work	default: bib expansion with no person/periodical signal	pwgbib-exact
ŚAṂKARAVIJAYA	book-work	default: bib expansion with no person/periodical signal	pwgbib-exact
ŚAṂKARĀCĀRYA	book-work	default: bib expansion with no person/periodical signal	pwgbib-exact
ŚAṂKARĀNANDADĪPAKĀ	book-work	default: bib expansion with no person/periodical signal	pwgbib-exact
ŚAṄKHA	book-work	default: bib expansion with no person/periodical signal	pwgbib-exact
ŚIKṢĀ	book-work	default: bib expansion with no person/periodical signal	pwgbib-exact
ŚIV.	journal-periodical	periodical keyword in tooltip	pwgbib-exact
ŚIVA-P.	book-work	default: bib expansion with no person/periodical signal	pwgbib-exact
ŚIVAP.	book-work	default: bib expansion with no person/periodical signal	pwgbib-exact
ŚIVARAH.	book-work	default: bib expansion with no person/periodical signal	pwgbib-prefix:ŚIVA
ŚIVARĀTRIVRATAKATHĀ	book-work	default: bib expansion with no person/periodical signal	pwgbib-exact
ŚIVASTOTRA	book-work	default: bib expansion with no person/periodical signal	pwgbib-prefix:ŚIVA
ŚIVASŪTRĀṆI	book-work	default: bib expansion with no person/periodical signal	pwgbib-exact
ŚIŚ.	book-work	default: bib expansion with no person/periodical signal	pwgbib-exact
ŚIŚUP.	book-work	default: bib expansion with no person/periodical signal	pwgbib-exact
ŚKDR.	book-work	default: bib expansion with no person/periodical signal	pwgbib-exact
ŚKDR. (Nachtrag)	book-work	default: bib expansion with no person/periodical signal	pwgbib-prefix:ŚKDR.
ŚKDR. (Suppl.)	book-work	default: bib expansion with no person/periodical signal	pwgbib-prefix:ŚKDR.
ŚKDR. Nachträgen	book-work	default: bib expansion with no person/periodical signal	pwgbib-prefix:ŚKDR.
ŚKDR. Suppl.	book-work	default: bib expansion with no person/periodical signal	pwgbib-prefix:ŚKDR.
ŚKDR. VII, Einl.	book-work	default: bib expansion with no person/periodical signal	pwgbib-prefix:ŚKDR.
ŚRIPATI	book-work	default: bib expansion with no person/periodical signal	pwgbib-exact
ŚRUT.	journal-periodical	periodical keyword in tooltip	pwgbib-exact
ŚRUT. (BR.)	book-work	default: bib expansion with no person/periodical signal	pwgbib-exact
ŚRUT. (BROCKH.)	journal-periodical	periodical keyword in tooltip	pwgbib-prefix:ŚRUT.
ŚRUT. BR.	book-work	default: bib expansion with no person/periodical signal	pwgbib-exact
ŚRUTI	book-work	default: bib expansion with no person/periodical signal	pwgbib-exact
ŚRĀDDHACINTĀMAṆI	book-work	default: bib expansion with no person/periodical signal	pwgbib-exact
ŚRĀDDHAPRAKARAṆA	book-work	default: bib expansion with no person/periodical signal	pwgbib-exact
ŚRĀDDHAPRAYOGATANTRA	book-work	default: bib expansion with no person/periodical signal	pwgbib-exact
ŚRĀDDHAT.	book-work	default: bib expansion with no person/periodical signal	pwgbib-exact
ŚRĀDDHATATTVA	book-work	default: bib expansion with no person/periodical signal	pwgbib-exact
ŚRĀDDHAVIV.	book-work	default: bib expansion with no person/periodical signal	pwgbib-exact
ŚRĪDHAR.	person-author	person descriptor in tooltip	pwgbib-exact
ŚRĪDHARASV.	book-work	default: bib expansion with no person/periodical signal	pwgbib-exact
ŚRĪDHARASVĀMIN	book-work	default: bib expansion with no person/periodical signal	pwgbib-exact
ŚRĪHARIBHAKTIVILĀSA	book-work	default: bib expansion with no person/periodical signal	pwgbib-exact
HARIBHAKTIVILĀSA	book-work	default: bib expansion with no person/periodical signal	pwgbib-exact
ŚRĪHARṢA	book-work	default: bib expansion with no person/periodical signal	pwgbib-exact
ŚRĪPATI	book-work	default: bib expansion with no person/periodical signal	pwgbib-exact
ŚRĪPATISAṂHITĀ	book-work	default: bib expansion with no person/periodical signal	pwgbib-exact
ŚRĪTATTVACINTĀMAṆI	book-work	default: bib expansion with no person/periodical signal	pwgbib-exact
ŚRĪŚIVAYĀMALA	book-work	default: bib expansion with no person/periodical signal	no-bib-record
ŚUBHAṂKARA	book-work	default: bib expansion with no person/periodical signal	pwgbib-exact
ŚUBHĀṄKA	book-work	default: bib expansion with no person/periodical signal	pwgbib-exact
ŚUDDHIT.	book-work	default: bib expansion with no person/periodical signal	pwgbib-exact
ŚUDDHITATTVA	book-work	default: bib expansion with no person/periodical signal	pwgbib-exact
ŚUDDHITATTVAṬĪKĀ	book-work	default: bib expansion with no person/periodical signal	pwgbib-exact
ŚUK.	book-work	default: bib expansion with no person/periodical signal	pwgbib-exact
ŚUK. (Pet. Hdschr.)	book-work	default: bib expansion with no person/periodical signal	pwgbib-exact
ŚUK. Pet. Hdschr.	book-work	default: bib expansion with no person/periodical signal	pwgbib-exact
ŚUK. ed. Bomb.	book-work	default: bib expansion with no person/periodical signal	pwgbib-prefix:ŚUK.
ŚUKAS.	book-work	default: bib expansion with no person/periodical signal	pwgbib-exact
ŚULVAPARIŚ.	book-work	default: bib expansion with no person/periodical signal	pwgbib-exact
ŚVETĀŚV.	book-work	default: bib expansion with no person/periodical signal	pwgbib-exact
ŚVETĀŚV. UP.	book-work	default: bib expansion with no person/periodical signal	pwgbib-exact
ŚYĀMĀR.	book-work	default: bib expansion with no person/periodical signal	pwgbib-exact
ŚYĀMĀS.	book-work	default: bib expansion with no person/periodical signal	pwgbib-exact
ŚĀK.	book-work	default: bib expansion with no person/periodical signal	pwgbib-exact
ŚĀK. (ed. MON. WILL.)	book-work	default: bib expansion with no person/periodical signal	pwgbib-exact
ŚĀK. (ed. WILL.)	book-work	default: bib expansion with no person/periodical signal	pwgbib-exact
ŚĀK. BÖHTL.	book-work	default: bib expansion with no person/periodical signal	pwgbib-exact
ŚĀK. CH.	book-work	default: bib expansion with no person/periodical signal	pwgbib-exact
ŚĀK. ed. BÖHTL.	book-work	default: bib expansion with no person/periodical signal	pwgbib-prefix:ŚĀK.
ŚĀK. ed. CH.	book-work	default: bib expansion with no person/periodical signal	pwgbib-exact
ŚĀK. ed. PREM.	book-work	default: bib expansion with no person/periodical signal	pwgbib-prefix:ŚĀK.
ŚĀKALA	book-work	default: bib expansion with no person/periodical signal	pwgbib-exact
ŚĀKALYASAṂHITĀPARIŚIṢṬA	book-work	default: bib expansion with no person/periodical signal	pwgbib-exact
ŚĀKAṬ.	book-work	default: bib expansion with no person/periodical signal	pwgbib-exact
ŚĀKAṬĀYANA	book-work	default: bib expansion with no person/periodical signal	pwgbib-exact
ŚĀKTĀNANDAT.	book-work	default: bib expansion with no person/periodical signal	pwgbib-exact
ŚĀKTĀNANDATARAṄGIṆĪ	book-work	default: bib expansion with no person/periodical signal	no-bib-record
ŚĀKUNTALA	book-work	default: bib expansion with no person/periodical signal	pwgbib-exact
ŚĀMBA-P.	book-work	default: bib expansion with no person/periodical signal	pwgbib-exact
ŚĀNKHĀYANA	book-work	default: bib expansion with no person/periodical signal	pwgbib-exact
ŚĀNT.	book-work	default: bib expansion with no person/periodical signal	pwgbib-exact
ŚĀNTIK.	book-work	default: bib expansion with no person/periodical signal	pwgbib-exact
ŚĀNTIKALPA	commentary-of-work	Comm./Tīkā marker in value	pwgbib-exact
ŚĀNTIŚ.	book-work	default: bib expansion with no person/periodical signal	pwgbib-exact
ŚĀRADĀT.	book-work	default: bib expansion with no person/periodical signal	pwgbib-exact
ŚĀRADĀTIL.	book-work	default: bib expansion with no person/periodical signal	pwgbib-exact
ŚĀRADĀTILAKA	book-work	default: bib expansion with no person/periodical signal	pwgbib-exact
ŚĀRṄG.	book-work	default: bib expansion with no person/periodical signal	pwgbib-exact
ŚĀRṄG. PADDH.	journal-periodical	periodical keyword in tooltip	pwgbib-exact
ŚĀRṄG. PADDH. Einl.	journal-periodical	periodical keyword in tooltip	pwgbib-prefix:ŚĀRṄG. PADDH.
ŚĀRṄG. PADDH. NĪTI	book-work	default: bib expansion with no person/periodical signal	pwgbib-exact
ŚĀRṄG. PADDH. Pet. Hdschr.	journal-periodical	periodical keyword in tooltip	pwgbib-prefix:ŚĀRṄG. PADDH.
ŚĀRṄG. PADDH. Sāmānyarājapraśaṃsā	journal-periodical	periodical keyword in tooltip	pwgbib-prefix:ŚĀRṄG. PADDH.
ŚĀRṄG. SAṂH.	book-work	default: bib expansion with no person/periodical signal	pwgbib-exact
ŚĀRṄGADHARA	book-work	default: bib expansion with no person/periodical signal	pwgbib-exact
ŚĀTĀTAPA	book-work	default: bib expansion with no person/periodical signal	pwgbib-exact
ŚĀŚV.	book-work	default: bib expansion with no person/periodical signal	pwgbib-exact
ŚĀŚVATA	book-work	default: bib expansion with no person/periodical signal	pwgbib-exact
ŚĀṄKH.	book-work	default: bib expansion with no person/periodical signal	pwgbib-exact
ŚĀṄKH. BR.	book-work	default: bib expansion with no person/periodical signal	pwgbib-exact
ŚĀṄKH. GṚHY.	book-work	default: bib expansion with no person/periodical signal	pwgbib-exact
ŚĀṄKH. ĀR.	book-work	default: bib expansion with no person/periodical signal	pwgbib-exact
ŚĀṄKH. ŚR.	book-work	default: bib expansion with no person/periodical signal	pwgbib-exact
ŚĀṄTIŚ.	book-work	default: bib expansion with no person/periodical signal	pwgbib-exact
ŚĀṆḌ.	book-work	default: bib expansion with no person/periodical signal	pwgbib-exact
ŚĀṆḌILYA	book-work	default: bib expansion with no person/periodical signal	pwgbib-exact
ŚĀṬYĀYANA	book-work	default: bib expansion with no person/periodical signal	pwgbib-exact
ŚṚṄGABH.	book-work	default: bib expansion with no person/periodical signal	pwgbib-exact
ŚṚṄGABHERYAVADĀNA	book-work	default: bib expansion with no person/periodical signal	pwgbib-exact
ŚṚṄGĀR.	book-work	default: bib expansion with no person/periodical signal	pwgbib-exact
ŚṚṄGĀRARAS.	book-work	default: bib expansion with no person/periodical signal	pwgbib-exact
ŚṚṄGĀRARASĀṢṬAKA	book-work	default: bib expansion with no person/periodical signal	pwgbib-exact
ŚṚṄGĀRAT.	book-work	default: bib expansion with no person/periodical signal	pwgbib-exact
БУСЛАЕВА, Опытъ истор. гр. русскаго языка	book-work	default: bib expansion with no person/periodical signal	no-bib-record
МИНАЕВЪ, Пратимокша-сутра	book-work	default: bib expansion with no person/periodical signal	no-bib-record
ṚGVIDH.	book-work	default: bib expansion with no person/periodical signal	pwgbib-exact
ṚGVIDHĀNA	book-work	default: bib expansion with no person/periodical signal	pwgbib-exact
ṚT.	book-work	default: bib expansion with no person/periodical signal	pwgbib-exact
ṚTUS.	book-work	default: bib expansion with no person/periodical signal	pwgbib-exact
ṚV.	book-work	default: bib expansion with no person/periodical signal	pwgbib-exact
ṚV. ANUKR.	book-work	default: bib expansion with no person/periodical signal	pwgbib-exact
ṚV. ANUKRAMAṆIKĀ	book-work	default: bib expansion with no person/periodical signal	pwgbib-prefix:ṚV.
ṚV. PRĀT.	book-work	default: bib expansion with no person/periodical signal	pwgbib-exact
ṚV. PRĀT. ed. MÜLLER	book-work	default: bib expansion with no person/periodical signal	pwgbib-prefix:ṚV. PRĀT.
ṚV. PRĀTIŚ.	book-work	default: bib expansion with no person/periodical signal	pwgbib-prefix:ṚV.
ṚV.-Rec.	book-work	default: bib expansion with no person/periodical signal	pwgbib-prefix:ṚV.
ṢAḌGURUŚ.	book-work	default: bib expansion with no person/periodical signal	pwgbib-exact
ṢAḌGURUŚIṢYA	book-work	default: bib expansion with no person/periodical signal	pwgbib-exact
ṢAḌV. BR.	book-work	default: bib expansion with no person/periodical signal	pwgbib-exact
ṢAḌVIṂŚABR.	book-work	default: bib expansion with no person/periodical signal	no-bib-record
ṢAṬCAKRAPRAKĀŚA	book-work	default: bib expansion with no person/periodical signal	pwgbib-exact
